farm_id,crop,area,yield,rainfall,temperature,fertilizer,pesticide,soil_type,irrigation,cost,revenue,profit,season,region
0,Maize,-5.0,5,5000,100,50,10,Sandy,yes,1000,2000,-1000,Wet,Region1
1,Rice,-5.0,-1,10000,20,200,100,Clay,yes,1000,2000,500,Dry,Region1
2,Rice,-5.0,2,5000,45,200,10,Clay,yes,-500,100,500,Dry,Region2
3,Wheat,10.0,5,10000,20,200,100,Clay,yes,-500,2000,500,Dry,Region2
4,Rice,10.0,5,100,20,50,10,Clay,0,-500,100,-1000,Wet,Region1
5,Wheat,-5.0,2,10000,45,200,10,Sandy,1,1000,100,500,Dry,Region1
6,Wheat,1.5,2,100,45,200,10,Clay,1,1000,2000,-1000,Wet,Region1
7,Maize,10.0,2,100,45,200,10,Clay,0,-500,2000,500,Dry,Region1
8,Maize,10.0,2,10000,45,200,100,Clay,0,1000,2000,500,Dry,Region2
9,Maize,-5.0,5,100,100,200,10,Sandy,0,1000,100,500,Dry,Region1
10,Rice,-5.0,-1,10000,20,200,100,Clay,1,1000,2000,500,Dry,Region2
11,Rice,-5.0,-1,5000,45,200,100,Sandy,yes,1000,2000,500,Dry,Region2
12,Wheat,-5.0,-1,10000,20,200,10,Clay,yes,1000,2000,-1000,Wet,Region2
13,Rice,1.5,2,100,45,200,10,Clay,1,1000,100,-1000,Dry,Region1
14,Rice,10.0,5,10000,45,50,10,Clay,1,1000,100,-1000,Dry,Region1
15,Rice,10.0,-1,5000,100,50,10,Sandy,1,1000,100,500,Wet,Region1
16,Maize,-5.0,2,10000,100,200,100,Clay,yes,1000,2000,500,Dry,Region2
17,Maize,-5.0,5,5000,100,200,100,Sandy,yes,1000,2000,-1000,Dry,Region2
18,Rice,1.5,-1,100,45,200,100,Clay,1,-500,2000,500,Dry,Region2
19,Wheat,10.0,5,100,45,200,100,Clay,yes,-500,2000,500,Wet,Region1
20,Wheat,10.0,2,100,20,200,100,Clay,yes,1000,100,500,Dry,Region2
21,Maize,10.0,2,5000,45,200,100,Sandy,1,1000,2000,-1000,Dry,Region2
22,Wheat,10.0,5,10000,100,50,10,Sandy,1,1000,2000,-1000,Dry,Region1
23,Rice,-5.0,2,5000,20,200,10,Clay,0,-500,100,500,Dry,Region2
24,Wheat,-5.0,2,100,20,200,100,Clay,1,1000,2000,-1000,Wet,Region1
25,Maize,10.0,2,10000,20,200,100,Sandy,1,1000,2000,500,Dry,Region1
26,Maize,1.5,5,10000,45,200,10,Sandy,yes,1000,2000,-1000,Wet,Region2
27,Maize,10.0,2,100,20,200,10,Clay,yes,-500,2000,-1000,Dry,Region2
28,Maize,-5.0,-1,100,20,200,100,Clay,yes,-500,100,-1000,Dry,Region2
29,Rice,-5.0,-1,5000,100,200,10,Sandy,yes,1000,2000,-1000,Dry,Region1
30,Wheat,10.0,-1,10000,20,200,10,Clay,0,-500,100,-1000,Wet,Region1
31,Maize,10.0,2,5000,45,200,100,Clay,0,-500,2000,-1000,Dry,Region1
32,Rice,1.5,2,100,20,200,100,Sandy,0,-500,2000,-1000,Dry,Region2
33,Wheat,1.5,-1,10000,45,50,100,Sandy,yes,1000,2000,500,Dry,Region1
34,Rice,-5.0,-1,5000,20,200,100,Clay,0,1000,2000,500,Dry,Region1
35,Wheat,1.5,5,5000,20,200,100,Clay,0,-500,2000,500,Dry,Region2
36,Maize,1.5,-1,10000,100,200,10,Clay,1,1000,2000,500,Wet,Region1
37,Rice,1.5,2,100,20,50,100,Clay,yes,1000,2000,-1000,Dry,Region1
38,Maize,10.0,5,5000,100,200,100,Clay,yes,-500,2000,500,Dry,Region1
39,Maize,10.0,5,10000,45,200,10,Clay,0,1000,100,500,Wet,Region1
40,Wheat,-5.0,5,5000,45,50,10,Sandy,0,-500,100,-1000,Dry,Region2
41,Rice,-5.0,2,100,45,200,100,Clay,0,-500,2000,500,Wet,Region2
42,Maize,1.5,-1,5000,100,50,10,Sandy,yes,-500,2000,500,Wet,Region1
43,Rice,-5.0,2,10000,20,200,100,Sandy,yes,1000,2000,-1000,Dry,Region1
44,Maize,10.0,5,5000,100,200,10,Sandy,yes,1000,2000,-1000,Dry,Region2
45,Maize,1.5,5,10000,100,50,100,Sandy,1,-500,100,-1000,Wet,Region2
46,Maize,-5.0,5,10000,45,200,10,Clay,0,1000,2000,-1000,Wet,Region1
47,Maize,-5.0,5,100,100,200,10,Clay,1,-500,100,500,Dry,Region1
48,Wheat,10.0,2,100,100,50,10,Sandy,1,1000,2000,500,Wet,Region1
49,Rice,10.0,5,100,100,200,100,Sandy,yes,-500,100,500,Wet,Region1
50,Rice,10.0,2,10000,45,200,100,Sandy,yes,1000,100,500,Dry,Region1
51,Wheat,-5.0,2,10000,20,50,10,Sandy,1,-500,2000,500,Dry,Region1
52,Wheat,10.0,2,100,100,50,10,Sandy,1,-500,100,500,Wet,Region2
53,Maize,-5.0,2,100,20,200,10,Sandy,1,-500,100,500,Wet,Region1
54,Wheat,-5.0,5,5000,100,50,100,Sandy,yes,1000,100,-1000,Dry,Region1
55,Maize,-5.0,-1,5000,100,200,100,Clay,0,-500,2000,500,Wet,Region2
56,Wheat,-5.0,5,5000,20,50,100,Sandy,1,1000,100,-1000,Wet,Region2
57,Wheat,10.0,5,5000,20,200,10,Clay,1,-500,2000,-1000,Wet,Region2
58,Rice,-5.0,-1,5000,45,50,10,Clay,0,-500,100,500,Dry,Region1
59,Wheat,1.5,-1,5000,20,200,10,Sandy,yes,1000,100,500,Wet,Region1
60,Maize,1.5,2,10000,100,50,10,Sandy,0,1000,100,-1000,Wet,Region2
61,Maize,10.0,5,10000,20,200,100,Clay,yes,1000,100,-1000,Dry,Region2
62,Rice,10.0,-1,10000,20,200,10,Clay,1,-500,2000,500,Dry,Region2
63,Wheat,1.5,5,100,45,200,100,Sandy,0,-500,100,500,Wet,Region1
64,Rice,1.5,5,100,100,200,10,Sandy,0,1000,2000,-1000,Dry,Region1
65,Wheat,-5.0,5,10000,100,50,100,Clay,1,-500,2000,-1000,Wet,Region2
66,Maize,10.0,5,10000,100,50,100,Clay,1,1000,2000,500,Wet,Region2
67,Rice,-5.0,2,100,45,200,100,Clay,yes,-500,2000,-1000,Dry,Region2
68,Rice,10.0,-1,100,100,200,10,Clay,yes,1000,2000,500,Dry,Region1
69,Rice,10.0,5,10000,100,50,100,Sandy,0,-500,2000,500,Wet,Region1
70,Wheat,1.5,5,100,20,200,100,Clay,1,-500,100,-1000,Dry,Region2
71,Maize,-5.0,-1,100,45,50,10,Clay,yes,-500,100,500,Wet,Region1
72,Maize,-5.0,-1,5000,20,200,10,Sandy,0,1000,2000,-1000,Wet,Region2
73,Maize,10.0,-1,10000,20,200,10,Clay,1,1000,100,-1000,Wet,Region2
74,Wheat,-5.0,5,5000,45,50,10,Clay,yes,1000,2000,500,Dry,Region1
75,Maize,1.5,5,10000,100,50,10,Clay,0,1000,2000,-1000,Wet,Region1
76,Maize,10.0,-1,100,100,50,10,Sandy,1,-500,100,500,Wet,Region2
77,Rice,-5.0,-1,10000,20,200,100,Clay,1,-500,100,500,Wet,Region1
78,Wheat,10.0,5,100,100,50,100,Sandy,yes,1000,100,500,Dry,Region1
79,Wheat,1.5,-1,10000,20,50,10,Clay,1,-500,100,-1000,Dry,Region2
80,Maize,10.0,2,5000,100,50,10,Clay,yes,-500,2000,-1000,Dry,Region1
81,Rice,10.0,-1,5000,20,200,10,Clay,yes,1000,100,500,Wet,Region1
82,Wheat,1.5,5,10000,100,200,10,Clay,0,-500,100,500,Dry,Region2
83,Rice,-5.0,5,100,45,50,100,Clay,yes,-500,2000,500,Dry,Region2
84,Maize,-5.0,2,5000,45,200,100,Sandy,1,-500,100,-1000,Dry,Region1
85,Wheat,10.0,-1,10000,45,200,10,Sandy,0,-500,100,-1000,Wet,Region2
86,Wheat,1.5,2,100,45,50,100,Clay,1,1000,2000,-1000,Wet,Region1
87,Rice,-5.0,-1,5000,100,200,10,Clay,yes,-500,2000,500,Dry,Region1
88,Rice,-5.0,-1,5000,20,200,10,Sandy,0,-500,2000,500,Wet,Region2
89,Wheat,10.0,2,5000,100,50,10,Sandy,0,-500,100,-1000,Wet,Region2
90,Rice,10.0,2,100,45,50,10,Sandy,1,-500,2000,500,Dry,Region1
91,Rice,1.5,-1,100,45,200,100,Sandy,yes,1000,100,-1000,Wet,Region1
92,Rice,1.5,5,100,100,50,100,Clay,yes,1000,100,-1000,Wet,Region1
93,Wheat,-5.0,2,5000,20,50,100,Clay,yes,1000,100,500,Wet,Region1
94,Wheat,1.5,2,10000,100,200,100,Sandy,yes,1000,2000,-1000,Dry,Region1
95,Rice,10.0,-1,10000,20,50,10,Clay,yes,-500,100,500,Wet,Region1
96,Rice,1.5,-1,10000,45,200,100,Clay,yes,-500,2000,500,Dry,Region2
97,Rice,-5.0,5,10000,45,50,100,Sandy,yes,1000,100,-1000,Dry,Region1
98,Wheat,-5.0,2,10000,45,50,100,Clay,yes,1000,100,-1000,Wet,Region2
99,Rice,1.5,2,100,100,50,10,Clay,1,-500,2000,-1000,Wet,Region2
100,Rice,-5.0,-1,100,45,200,10,Clay,1,-500,2000,-1000,Wet,Region2
101,Maize,-5.0,2,10000,20,50,100,Clay,0,-500,2000,500,Dry,Region2
102,Wheat,1.5,2,5000,100,200,100,Sandy,0,1000,2000,-1000,Wet,Region1
103,Wheat,1.5,5,5000,20,50,100,Sandy,1,1000,2000,500,Wet,Region1
104,Wheat,10.0,-1,10000,100,50,100,Sandy,0,-500,100,500,Dry,Region2
105,Maize,1.5,2,10000,20,200,10,Sandy,0,-500,100,-1000,Wet,Region2
106,Wheat,-5.0,2,5000,20,200,100,Clay,0,-500,100,-1000,Dry,Region1
107,Wheat,10.0,-1,5000,100,50,100,Clay,1,1000,2000,-1000,Dry,Region1
108,Wheat,1.5,2,5000,45,200,10,Sandy,1,-500,2000,-1000,Wet,Region1
109,Maize,1.5,2,100,100,50,10,Clay,1,-500,100,-1000,Dry,Region2
110,Maize,-5.0,5,10000,45,50,10,Sandy,yes,-500,100,500,Wet,Region2
111,Rice,1.5,5,5000,45,50,10,Clay,0,-500,2000,-1000,Dry,Region1
112,Wheat,-5.0,5,10000,20,200,10,Sandy,0,-500,2000,-1000,Wet,Region1
113,Maize,10.0,5,5000,45,200,10,Clay,1,1000,100,500,Wet,Region1
114,Wheat,1.5,-1,5000,45,50,100,Sandy,yes,-500,2000,-1000,Dry,Region2
115,Rice,10.0,5,100,45,200,100,Sandy,yes,-500,100,500,Dry,Region1
116,Maize,10.0,5,10000,45,200,10,Sandy,1,-500,100,500,Dry,Region1
117,Wheat,1.5,-1,10000,45,200,10,Sandy,0,-500,100,-1000,Wet,Region1
118,Rice,-5.0,-1,5000,45,200,100,Sandy,0,1000,2000,-1000,Dry,Region2
119,Wheat,1.5,2,10000,20,200,10,Clay,yes,-500,2000,-1000,Wet,Region2
120,Rice,1.5,5,10000,20,200,10,Clay,0,1000,100,-1000,Wet,Region2
121,Maize,10.0,5,10000,100,200,10,Clay,1,-500,2000,500,Dry,Region1
122,Rice,-5.0,5,100,45,200,10,Clay,yes,-500,100,500,Wet,Region2
123,Maize,-5.0,-1,10000,45,200,100,Sandy,yes,-500,2000,-1000,Dry,Region1
124,Wheat,10.0,-1,10000,20,200,10,Clay,0,-500,100,500,Dry,Region1
125,Maize,-5.0,-1,100,45,200,100,Sandy,yes,-500,100,500,Dry,Region1
126,Wheat,1.5,2,100,45,200,10,Sandy,1,1000,100,500,Wet,Region1
127,Maize,10.0,-1,5000,20,200,100,Clay,yes,-500,2000,-1000,Dry,Region2
128,Rice,1.5,-1,5000,45,200,10,Clay,1,1000,100,500,Wet,Region2
129,Maize,10.0,2,100,45,50,100,Sandy,yes,1000,2000,500,Dry,Region2
130,Wheat,1.5,2,100,45,200,10,Clay,1,-500,2000,-1000,Wet,Region2
131,Wheat,1.5,2,10000,100,200,100,Clay,1,1000,100,500,Dry,Region1
132,Rice,-5.0,2,10000,20,200,100,Clay,yes,-500,2000,-1000,Dry,Region1
133,Rice,10.0,2,10000,45,50,100,Sandy,1,1000,100,-1000,Wet,Region2
134,Wheat,1.5,2,10000,20,50,100,Sandy,yes,-500,100,-1000,Wet,Region2
135,Maize,10.0,2,10000,45,50,100,Sandy,0,1000,2000,500,Dry,Region2
136,Wheat,1.5,2,5000,20,50,10,Sandy,1,1000,100,500,Dry,Region2
137,Wheat,1.5,5,100,45,50,10,Clay,1,1000,2000,-1000,Wet,Region2
138,Rice,10.0,5,10000,20,200,10,Sandy,1,1000,100,500,Dry,Region2
139,Wheat,1.5,2,10000,100,200,100,Sandy,yes,1000,2000,-1000,Wet,Region2
140,Maize,10.0,-1,100,45,50,10,Sandy,1,-500,2000,500,Wet,Region1
141,Wheat,10.0,5,5000,100,200,10,Sandy,yes,-500,2000,500,Wet,Region1
142,Rice,1.5,-1,100,20,50,100,Sandy,0,1000,2000,-1000,Wet,Region2
143,Maize,1.5,-1,100,45,50,100,Sandy,yes,1000,2000,500,Wet,Region2
144,Rice,1.5,5,100,100,50,10,Sandy,0,1000,100,500,Wet,Region1
145,Maize,1.5,5,100,100,200,10,Sandy,1,1000,2000,500,Wet,Region1
146,Wheat,-5.0,5,5000,20,200,100,Sandy,yes,1000,2000,500,Dry,Region1
147,Wheat,-5.0,5,100,20,200,10,Sandy,1,-500,100,500,Dry,Region1
148,Wheat,1.5,-1,10000,45,200,100,Clay,0,1000,100,-1000,Wet,Region2
149,Maize,10.0,2,10000,20,50,100,Sandy,0,-500,2000,-1000,Dry,Region2
150,Rice,-5.0,-1,5000,20,200,100,Clay,yes,-500,2000,-1000,Dry,Region2
151,Maize,10.0,5,10000,45,200,100,Clay,yes,1000,2000,-1000,Wet,Region1
152,Wheat,10.0,5,5000,45,200,10,Clay,yes,1000,100,500,Dry,Region2
153,Rice,10.0,2,10000,100,200,10,Clay,1,1000,100,500,Wet,Region2
154,Maize,-5.0,-1,10000,20,50,10,Sandy,1,1000,2000,500,Dry,Region2
155,Wheat,10.0,-1,100,100,50,100,Sandy,0,-500,2000,500,Dry,Region1
156,Wheat,-5.0,-1,10000,45,200,10,Sandy,1,1000,2000,-1000,Wet,Region1
157,Rice,10.0,5,10000,100,50,10,Sandy,yes,1000,2000,500,Dry,Region1
158,Wheat,-5.0,5,5000,45,50,10,Sandy,1,1000,2000,-1000,Dry,Region1
159,Maize,1.5,2,10000,20,50,10,Sandy,yes,1000,100,500,Dry,Region1
160,Rice,-5.0,-1,10000,45,50,100,Clay,1,1000,100,-1000,Dry,Region2
161,Maize,10.0,2,100,45,50,100,Sandy,1,1000,2000,500,Wet,Region2
162,Maize,-5.0,-1,5000,20,200,10,Sandy,1,-500,100,-1000,Wet,Region2
163,Rice,1.5,5,10000,20,50,100,Sandy,1,1000,2000,-1000,Dry,Region2
164,Maize,10.0,2,10000,100,200,10,Sandy,1,1000,2000,-1000,Dry,Region2
165,Wheat,-5.0,5,5000,20,50,100,Clay,1,1000,100,500,Dry,Region1
166,Maize,-5.0,5,5000,100,200,100,Clay,1,1000,2000,-1000,Dry,Region2
167,Maize,1.5,5,100,20,200,100,Clay,1,1000,100,500,Dry,Region2
168,Wheat,-5.0,2,10000,100,50,10,Sandy,1,-500,2000,500,Dry,Region2
169,Wheat,1.5,5,5000,100,200,10,Sandy,1,1000,2000,-1000,Dry,Region1
170,Maize,10.0,-1,10000,100,50,10,Clay,1,-500,2000,500,Dry,Region2
171,Maize,10.0,2,5000,45,50,100,Sandy,1,-500,100,500,Dry,Region2
172,Rice,1.5,5,100,100,200,100,Sandy,1,-500,100,500,Wet,Region2
173,Maize,1.5,-1,5000,20,200,100,Sandy,yes,1000,100,500,Wet,Region2
174,Rice,-5.0,2,5000,100,50,10,Sandy,yes,-500,100,-1000,Dry,Region1
175,Rice,-5.0,2,10000,45,50,10,Sandy,yes,1000,100,-1000,Wet,Region1
176,Maize,10.0,5,100,20,50,10,Clay,yes,-500,2000,500,Dry,Region1
177,Maize,-5.0,5,5000,20,200,100,Clay,0,-500,2000,500,Wet,Region2
178,Maize,10.0,-1,100,45,200,10,Sandy,0,-500,100,500,Wet,Region1
179,Wheat,1.5,-1,100,100,50,100,Sandy,0,-500,100,500,Wet,Region2
180,Wheat,10.0,5,10000,20,200,100,Clay,0,1000,2000,-1000,Dry,Region1
181,Wheat,1.5,2,5000,45,200,10,Clay,yes,1000,2000,500,Wet,Region1
182,Wheat,-5.0,-1,100,45,50,10,Sandy,yes,-500,2000,500,Wet,Region1
183,Maize,1.5,2,10000,45,50,10,Clay,1,-500,100,500,Wet,Region1
184,Wheat,1.5,5,100,100,200,100,Clay,0,1000,2000,500,Dry,Region2
185,Maize,1.5,5,100,20,50,10,Clay,1,1000,2000,-1000,Dry,Region2
186,Maize,10.0,2,5000,45,50,10,Sandy,0,-500,100,-1000,Wet,Region1
187,Maize,1.5,2,100,20,200,100,Sandy,0,-500,2000,500,Wet,Region2
188,Wheat,1.5,2,5000,20,50,100,Sandy,yes,1000,2000,500,Dry,Region1
189,Wheat,-5.0,2,5000,20,50,100,Clay,1,-500,2000,500,Wet,Region1
190,Maize,-5.0,2,5000,20,200,100,Clay,1,1000,2000,-1000,Dry,Region2
191,Rice,10.0,2,100,20,50,10,Sandy,0,-500,100,500,Dry,Region1
192,Wheat,10.0,2,100,20,50,10,Sandy,1,-500,2000,-1000,Dry,Region1
193,Rice,-5.0,5,10000,20,50,100,Sandy,0,1000,100,-1000,Wet,Region1
194,Rice,-5.0,2,100,20,200,10,Clay,1,1000,100,-1000,Wet,Region2
195,Wheat,10.0,5,100,20,50,100,Clay,1,-500,2000,-1000,Dry,Region1
196,Rice,10.0,-1,100,20,50,10,Sandy,1,1000,100,500,Dry,Region2
197,Rice,1.5,5,100,45,200,100,Sandy,1,-500,2000,-1000,Dry,Region2
198,Maize,-5.0,-1,5000,45,200,100,Clay,yes,1000,100,-1000,Dry,Region2
199,Rice,-5.0,-1,5000,20,200,100,Clay,yes,1000,100,-1000,Dry,Region2
200,Wheat,-5.0,-1,5000,100,50,100,Sandy,1,-500,100,500,Dry,Region2
201,Maize,-5.0,5,100,100,50,10,Sandy,yes,-500,2000,500,Wet,Region1
202,Rice,-5.0,5,100,45,50,10,Sandy,1,1000,2000,-1000,Wet,Region1
203,Maize,10.0,-1,10000,100,200,10,Clay,yes,-500,100,500,Dry,Region2
204,Maize,1.5,2,5000,45,50,10,Clay,yes,-500,100,-1000,Dry,Region1
205,Rice,10.0,5,5000,45,200,10,Sandy,yes,1000,2000,-1000,Wet,Region2
206,Rice,-5.0,5,5000,100,200,10,Sandy,yes,-500,2000,500,Dry,Region2
207,Rice,1.5,-1,10000,20,50,100,Sandy,1,-500,2000,500,Wet,Region1
208,Maize,10.0,2,100,45,200,100,Clay,1,1000,100,500,Wet,Region1
209,Rice,1.5,-1,10000,20,200,10,Sandy,0,-500,2000,-1000,Wet,Region2
210,Rice,10.0,2,5000,45,200,10,Sandy,0,-500,2000,500,Wet,Region2
211,Maize,-5.0,5,10000,100,200,100,Clay,yes,1000,2000,500,Dry,Region1
212,Rice,-5.0,5,10000,100,200,100,Clay,yes,1000,100,500,Wet,Region1
213,Maize,1.5,5,100,100,50,10,Sandy,1,-500,2000,-1000,Wet,Region1
214,Maize,-5.0,2,10000,100,200,10,Clay,yes,1000,2000,500,Wet,Region2
215,Rice,10.0,2,10000,45,200,10,Clay,0,-500,100,500,Wet,Region2
216,Rice,1.5,-1,10000,100,200,100,Clay,1,1000,2000,-1000,Wet,Region1
217,Maize,-5.0,5,100,45,200,100,Clay,yes,1000,100,-1000,Dry,Region2
218,Wheat,10.0,-1,10000,45,200,100,Clay,yes,1000,100,500,Wet,Region2
219,Rice,-5.0,5,100,100,50,100,Sandy,0,-500,100,-1000,Wet,Region1
220,Wheat,10.0,2,5000,45,50,100,Clay,1,1000,2000,-1000,Dry,Region2
221,Wheat,10.0,-1,5000,45,200,100,Clay,0,1000,100,500,Wet,Region2
222,Wheat,10.0,5,100,100,200,100,Sandy,1,1000,2000,500,Wet,Region2
223,Wheat,-5.0,5,10000,20,200,100,Sandy,0,1000,2000,-1000,Dry,Region2
224,Rice,10.0,-1,5000,20,200,10,Sandy,1,-500,2000,-1000,Dry,Region1
225,Rice,1.5,2,100,100,50,10,Sandy,0,-500,2000,500,Wet,Region2
226,Rice,-5.0,-1,5000,100,200,100,Clay,1,-500,2000,-1000,Wet,Region2
227,Rice,-5.0,2,10000,100,200,10,Sandy,1,-500,2000,500,Dry,Region2
228,Maize,-5.0,-1,5000,20,200,10,Sandy,1,1000,2000,-1000,Dry,Region1
229,Wheat,-5.0,-1,100,20,200,10,Sandy,1,-500,2000,500,Wet,Region1
230,Wheat,-5.0,2,10000,45,50,10,Sandy,0,-500,100,500,Dry,Region2
231,Rice,10.0,2,100,45,200,100,Clay,0,-500,100,-1000,Dry,Region2
232,Rice,1.5,2,100,45,50,100,Sandy,yes,1000,100,-1000,Wet,Region2
233,Maize,10.0,-1,10000,100,50,100,Clay,1,-500,100,500,Dry,Region2
234,Maize,-5.0,2,5000,100,200,100,Sandy,0,-500,2000,500,Dry,Region1
235,Rice,-5.0,5,10000,45,200,10,Sandy,yes,-500,2000,500,Dry,Region1
236,Maize,-5.0,-1,100,45,200,10,Clay,0,-500,2000,-1000,Dry,Region2
237,Wheat,-5.0,5,10000,100,50,10,Clay,yes,1000,2000,500,Wet,Region2
238,Rice,-5.0,-1,100,100,50,100,Clay,yes,1000,2000,500,Wet,Region1
239,Wheat,-5.0,2,100,100,50,10,Sandy,yes,-500,100,500,Wet,Region1
240,Wheat,1.5,-1,100,100,200,100,Sandy,1,1000,100,-1000,Dry,Region1
241,Wheat,10.0,5,100,100,50,10,Sandy,0,1000,100,-1000,Dry,Region2
242,Wheat,10.0,5,100,20,200,100,Sandy,0,-500,2000,500,Dry,Region2
243,Wheat,10.0,-1,5000,45,50,10,Clay,yes,1000,100,500,Wet,Region1
244,Maize,-5.0,2,100,100,50,10,Clay,1,-500,2000,-1000,Wet,Region1
245,Maize,-5.0,2,5000,20,50,100,Clay,yes,1000,2000,500,Wet,Region1
246,Rice,-5.0,2,100,45,50,10,Clay,1,1000,2000,-1000,Dry,Region2
247,Rice,1.5,-1,10000,20,50,10,Sandy,1,1000,100,500,Wet,Region1
248,Maize,10.0,2,10000,20,50,100,Clay,1,-500,100,-1000,Dry,Region1
249,Maize,-5.0,5,10000,20,50,100,Sandy,1,-500,2000,500,Dry,Region2
250,Maize,10.0,2,10000,20,200,100,Sandy,0,-500,100,500,Wet,Region2
251,Maize,-5.0,2,100,100,50,100,Sandy,0,-500,100,500,Wet,Region2
252,Wheat,1.5,5,100,45,50,100,Clay,1,-500,2000,500,Dry,Region1
253,Wheat,10.0,-1,5000,45,50,10,Sandy,yes,1000,100,500,Wet,Region2
254,Wheat,10.0,5,5000,100,200,10,Sandy,yes,-500,2000,500,Dry,Region1
255,Wheat,1.5,5,5000,20,50,100,Clay,1,1000,2000,500,Wet,Region2
256,Wheat,10.0,-1,5000,45,50,10,Clay,1,1000,2000,500,Dry,Region1
257,Rice,-5.0,5,100,20,200,10,Sandy,yes,-500,100,500,Dry,Region2
258,Maize,10.0,5,10000,45,200,10,Clay,1,-500,100,-1000,Dry,Region2
259,Rice,-5.0,2,5000,100,200,10,Sandy,0,-500,100,-1000,Wet,Region2
260,Maize,-5.0,5,5000,20,50,10,Sandy,yes,1000,2000,-1000,Dry,Region2
261,Rice,-5.0,2,100,45,200,100,Sandy,1,1000,2000,500,Dry,Region2
262,Rice,1.5,2,100,20,50,10,Clay,1,-500,2000,500,Wet,Region1
263,Maize,-5.0,2,5000,20,50,10,Sandy,1,-500,2000,500,Dry,Region2
264,Maize,10.0,5,5000,20,50,100,Clay,1,1000,100,500,Wet,Region1
265,Wheat,1.5,2,10000,100,200,10,Clay,yes,-500,2000,-1000,Dry,Region2
266,Wheat,10.0,-1,10000,20,200,10,Clay,yes,1000,2000,500,Dry,Region2
267,Maize,-5.0,5,5000,20,200,10,Clay,0,1000,2000,500,Wet,Region2
268,Rice,-5.0,5,5000,45,50,100,Sandy,1,-500,100,500,Wet,Region2
269,Wheat,-5.0,2,5000,45,200,10,Clay,1,-500,2000,500,Dry,Region2
270,Maize,1.5,2,100,45,200,10,Sandy,1,-500,100,-1000,Dry,Region1
271,Wheat,-5.0,5,5000,20,50,10,Sandy,0,1000,2000,500,Wet,Region2
272,Wheat,10.0,5,5000,20,200,100,Sandy,1,1000,100,500,Dry,Region2
273,Wheat,1.5,2,10000,100,50,10,Clay,1,1000,100,-1000,Wet,Region2
274,Rice,10.0,-1,100,45,50,100,Clay,0,-500,100,500,Dry,Region1
275,Rice,10.0,2,5000,20,200,10,Sandy,yes,-500,2000,-1000,Wet,Region1
276,Maize,-5.0,5,100,20,50,100,Sandy,yes,1000,100,-1000,Dry,Region2
277,Maize,1.5,5,100,100,200,10,Clay,yes,1000,100,500,Dry,Region2
278,Wheat,1.5,5,10000,45,50,100,Clay,yes,1000,100,500,Wet,Region1
279,Rice,1.5,5,100,45,50,10,Sandy,yes,-500,100,-1000,Dry,Region2
280,Maize,10.0,-1,10000,100,200,10,Clay,0,-500,100,500,Dry,Region2
281,Wheat,1.5,5,100,20,200,10,Sandy,0,-500,2000,500,Wet,Region2
282,Rice,1.5,2,5000,20,200,10,Clay,yes,1000,2000,500,Wet,Region2
283,Maize,1.5,-1,5000,20,200,100,Sandy,0,-500,2000,-1000,Dry,Region2
284,Wheat,10.0,-1,100,20,200,10,Clay,0,-500,100,-1000,Dry,Region2
285,Rice,1.5,5,10000,20,50,100,Sandy,1,-500,100,500,Wet,Region1
286,Maize,1.5,5,10000,100,200,100,Clay,1,1000,2000,-1000,Wet,Region2
287,Wheat,10.0,5,10000,100,200,100,Clay,1,1000,100,-1000,Wet,Region1
288,Maize,-5.0,2,100,45,200,10,Clay,0,1000,100,500,Dry,Region2
289,Rice,10.0,-1,10000,20,50,100,Clay,1,-500,2000,-1000,Wet,Region2
290,Wheat,10.0,-1,10000,20,200,100,Clay,yes,1000,100,500,Wet,Region1
291,Wheat,1.5,-1,5000,20,200,10,Sandy,1,1000,100,500,Wet,Region2
292,Rice,10.0,-1,5000,100,50,10,Clay,1,-500,2000,-1000,Dry,Region1
293,Wheat,10.0,5,100,45,50,100,Clay,0,-500,100,-1000,Wet,Region2
294,Rice,-5.0,5,100,100,50,10,Clay,1,-500,100,-1000,Wet,Region1
295,Rice,1.5,2,10000,20,50,10,Clay,0,1000,100,500,Wet,Region2
296,Wheat,-5.0,5,100,100,200,100,Sandy,yes,1000,2000,-1000,Dry,Region1
297,Rice,-5.0,2,100,100,200,100,Clay,yes,1000,2000,-1000,Dry,Region2
298,Rice,-5.0,-1,5000,100,50,100,Sandy,1,1000,2000,-1000,Wet,Region2
299,Rice,1.5,5,5000,100,50,10,Clay,1,1000,2000,500,Dry,Region2
300,Wheat,-5.0,2,10000,20,50,100,Clay,1,1000,100,500,Wet,Region1
301,Wheat,-5.0,2,10000,45,200,10,Sandy,1,1000,2000,-1000,Wet,Region1
302,Rice,-5.0,5,10000,45,200,10,Clay,yes,1000,100,-1000,Dry,Region2
303,Maize,1.5,-1,5000,45,200,10,Clay,yes,-500,100,500,Dry,Region2
304,Maize,1.5,5,10000,100,50,100,Clay,1,1000,100,-1000,Wet,Region2
305,Maize,-5.0,-1,5000,100,200,10,Sandy,1,-500,2000,-1000,Wet,Region1
306,Maize,1.5,2,10000,20,50,10,Sandy,yes,-500,2000,-1000,Wet,Region2
307,Rice,10.0,5,100,100,50,100,Clay,0,1000,100,-1000,Wet,Region2
308,Wheat,-5.0,2,10000,100,200,100,Clay,yes,1000,100,500,Dry,Region1
309,Wheat,-5.0,-1,10000,20,50,10,Sandy,1,-500,2000,-1000,Wet,Region1
310,Wheat,-5.0,2,5000,100,50,100,Clay,yes,-500,100,500,Wet,Region2
311,Maize,-5.0,5,5000,20,200,100,Clay,0,1000,2000,500,Wet,Region1
312,Maize,1.5,2,10000,100,200,100,Sandy,1,1000,2000,500,Dry,Region1
313,Rice,1.5,5,10000,45,200,100,Sandy,1,1000,100,500,Wet,Region1
314,Maize,-5.0,-1,10000,20,50,10,Clay,1,1000,2000,-1000,Dry,Region2
315,Rice,1.5,-1,5000,20,200,10,Clay,0,-500,2000,500,Wet,Region1
316,Maize,1.5,2,5000,20,50,10,Sandy,yes,-500,2000,500,Wet,Region1
317,Wheat,10.0,5,100,20,200,100,Clay,yes,-500,2000,-1000,Dry,Region2
318,Rice,1.5,2,5000,45,50,10,Sandy,1,1000,2000,500,Wet,Region2
319,Rice,1.5,2,10000,45,50,10,Clay,0,-500,2000,-1000,Wet,Region2
320,Rice,-5.0,2,100,45,50,10,Sandy,yes,1000,100,-1000,Dry,Region2
321,Maize,-5.0,2,10000,20,200,10,Sandy,yes,1000,100,-1000,Dry,Region1
322,Maize,10.0,5,5000,20,200,100,Sandy,1,1000,100,-1000,Dry,Region1
323,Wheat,-5.0,-1,100,45,200,10,Sandy,1,1000,2000,-1000,Wet,Region2
324,Rice,1.5,-1,10000,45,50,100,Clay,0,1000,2000,-1000,Dry,Region1
325,Rice,1.5,-1,100,45,50,100,Clay,0,1000,100,-1000,Dry,Region1
326,Wheat,1.5,5,100,20,50,100,Sandy,yes,1000,100,500,Dry,Region1
327,Maize,1.5,2,5000,20,50,100,Sandy,0,1000,2000,-1000,Wet,Region2
328,Rice,10.0,-1,10000,20,200,10,Clay,1,1000,100,500,Dry,Region1
329,Rice,1.5,2,100,100,50,100,Sandy,0,-500,2000,500,Dry,Region1
330,Wheat,-5.0,5,100,45,200,10,Sandy,0,1000,2000,500,Wet,Region1
331,Maize,1.5,-1,5000,100,50,10,Clay,1,1000,100,-1000,Dry,Region2
332,Rice,-5.0,5,10000,45,200,10,Clay,yes,1000,100,500,Dry,Region1
333,Wheat,1.5,2,10000,100,50,100,Sandy,yes,1000,100,-1000,Dry,Region2
334,Wheat,1.5,-1,5000,100,200,10,Sandy,1,-500,100,-1000,Dry,Region2
335,Rice,-5.0,5,10000,45,50,100,Sandy,0,1000,2000,-1000,Dry,Region2
336,Wheat,10.0,-1,10000,100,200,100,Clay,yes,1000,100,-1000,Wet,Region1
337,Maize,-5.0,-1,5000,45,50,10,Clay,0,1000,2000,500,Wet,Region1
338,Wheat,10.0,2,10000,20,200,10,Sandy,0,-500,100,-1000,Wet,Region1
339,Wheat,-5.0,5,10000,20,200,100,Clay,yes,-500,100,500,Dry,Region2
340,Maize,10.0,5,100,45,50,10,Sandy,0,-500,100,-1000,Wet,Region2
341,Wheat,1.5,2,10000,100,200,100,Sandy,1,-500,100,-1000,Wet,Region2
342,Maize,10.0,5,5000,100,50,100,Clay,0,1000,2000,-1000,Dry,Region1
343,Wheat,1.5,5,100,20,200,10,Sandy,0,1000,100,500,Dry,Region2
344,Maize,10.0,5,10000,100,50,10,Clay,yes,1000,100,-1000,Wet,Region2
345,Wheat,1.5,5,5000,45,50,10,Clay,1,-500,100,500,Dry,Region1
346,Wheat,1.5,2,100,45,200,10,Clay,0,-500,2000,-1000,Dry,Region2
347,Maize,1.5,-1,10000,20,200,10,Clay,0,1000,2000,500,Dry,Region1
348,Maize,-5.0,5,5000,20,200,10,Sandy,yes,1000,100,500,Dry,Region1
349,Rice,1.5,-1,100,20,200,100,Clay,1,-500,100,-1000,Dry,Region2
350,Maize,10.0,2,5000,100,200,100,Sandy,0,-500,100,500,Wet,Region1
351,Maize,10.0,-1,100,45,200,100,Clay,0,-500,100,-1000,Wet,Region1
352,Maize,10.0,-1,5000,45,200,100,Clay,yes,-500,2000,500,Wet,Region1
353,Rice,-5.0,2,100,100,200,100,Clay,yes,-500,2000,500,Wet,Region1
354,Maize,1.5,2,10000,20,200,10,Clay,yes,1000,2000,500,Dry,Region2
355,Wheat,-5.0,5,5000,45,200,100,Sandy,yes,-500,2000,500,Dry,Region1
356,Rice,-5.0,5,100,100,50,100,Sandy,1,1000,2000,-1000,Dry,Region1
357,Maize,10.0,5,10000,45,50,100,Clay,yes,-500,100,-1000,Wet,Region2
358,Rice,10.0,5,100,100,200,100,Sandy,0,-500,100,500,Dry,Region1
359,Wheat,10.0,2,10000,20,50,100,Sandy,yes,1000,2000,-1000,Dry,Region2
360,Maize,-5.0,5,10000,100,50,100,Sandy,0,-500,100,-1000,Dry,Region1
361,Wheat,10.0,-1,10000,20,200,100,Clay,1,-500,2000,500,Dry,Region2
362,Maize,-5.0,5,100,45,50,100,Sandy,0,-500,2000,500,Wet,Region1
363,Wheat,-5.0,5,10000,100,200,10,Sandy,yes,-500,100,-1000,Dry,Region1
364,Maize,-5.0,5,100,20,50,10,Sandy,1,-500,100,500,Wet,Region2
365,Maize,1.5,2,100,45,50,100,Sandy,1,1000,100,500,Dry,Region2
366,Maize,10.0,5,5000,20,200,10,Clay,1,-500,100,-1000,Dry,Region2
367,Rice,10.0,2,5000,100,50,10,Clay,yes,-500,2000,500,Wet,Region2
368,Rice,10.0,-1,5000,45,200,100,Clay,0,1000,100,-1000,Dry,Region1
369,Wheat,1.5,5,5000,20,50,100,Sandy,yes,1000,100,500,Dry,Region1
370,Wheat,10.0,2,10000,20,200,10,Sandy,1,-500,100,-1000,Dry,Region1
371,Maize,1.5,2,10000,45,50,10,Sandy,1,-500,2000,-1000,Dry,Region2
372,Rice,1.5,-1,5000,45,50,10,Sandy,yes,1000,100,-1000,Wet,Region2
373,Rice,10.0,-1,5000,45,200,100,Clay,1,1000,2000,-1000,Wet,Region1
374,Wheat,-5.0,2,10000,45,200,10,Sandy,1,1000,100,-1000,Wet,Region1
375,Wheat,1.5,-1,100,100,50,100,Sandy,yes,-500,100,-1000,Wet,Region1
376,Wheat,10.0,2,5000,100,50,10,Sandy,0,1000,100,-1000,Dry,Region2
377,Rice,10.0,2,5000,100,50,100,Clay,1,1000,2000,500,Wet,Region1
378,Rice,10.0,5,5000,20,50,100,Clay,yes,1000,2000,-1000,Wet,Region2
379,Rice,1.5,-1,10000,45,200,10,Sandy,yes,1000,2000,500,Dry,Region2
380,Rice,1.5,-1,10000,20,50,100,Clay,yes,1000,100,-1000,Dry,Region1
381,Maize,1.5,5,10000,20,200,100,Clay,0,-500,2000,500,Wet,Region1
382,Maize,10.0,2,100,45,50,100,Clay,yes,1000,100,-1000,Dry,Region2
383,Maize,10.0,2,10000,45,200,10,Sandy,1,-500,100,500,Wet,Region2
384,Wheat,-5.0,-1,10000,100,50,10,Sandy,0,-500,100,-1000,Dry,Region2
385,Rice,-5.0,2,100,100,200,100,Clay,1,-500,2000,500,Wet,Region2
386,Maize,1.5,2,100,100,50,100,Sandy,yes,1000,100,500,Dry,Region1
387,Wheat,10.0,5,5000,45,200,10,Sandy,1,-500,2000,-1000,Wet,Region2
388,Maize,1.5,5,5000,100,50,10,Clay,0,-500,100,-1000,Wet,Region2
389,Rice,1.5,2,5000,45,200,10,Sandy,1,-500,2000,-1000,Dry,Region2
390,Maize,1.5,-1,5000,20,200,10,Clay,yes,1000,2000,-1000,Dry,Region2
391,Rice,10.0,2,10000,20,50,100,Clay,yes,1000,2000,-1000,Wet,Region2
392,Maize,-5.0,-1,100,45,50,10,Clay,0,-500,100,500,Dry,Region1
393,Maize,1.5,5,100,100,200,10,Sandy,yes,1000,2000,-1000,Wet,Region1
394,Wheat,-5.0,5,100,45,200,10,Clay,yes,-500,2000,-1000,Dry,Region2
395,Wheat,-5.0,-1,10000,20,200,100,Sandy,yes,1000,100,-1000,Dry,Region1
396,Maize,10.0,-1,100,20,200,10,Sandy,0,-500,2000,500,Wet,Region1
397,Wheat,10.0,-1,10000,20,50,10,Clay,0,1000,2000,-1000,Dry,Region2
398,Wheat,-5.0,-1,10000,100,200,10,Sandy,0,-500,2000,-1000,Dry,Region2
399,Wheat,10.0,2,10000,20,200,10,Sandy,yes,1000,100,-1000,Wet,Region2
400,Rice,10.0,2,100,45,50,10,Sandy,yes,-500,100,500,Wet,Region1
401,Maize,10.0,5,5000,20,200,10,Clay,1,1000,100,-1000,Dry,Region2
402,Wheat,1.5,5,5000,45,50,10,Sandy,yes,-500,2000,-1000,Wet,Region2
403,Wheat,10.0,2,100,20,200,10,Sandy,yes,-500,2000,-1000,Dry,Region1
404,Wheat,10.0,5,10000,100,200,100,Clay,yes,-500,100,500,Wet,Region1
405,Wheat,-5.0,-1,5000,100,200,100,Sandy,0,1000,2000,500,Wet,Region1
406,Wheat,10.0,2,10000,20,50,10,Clay,1,1000,2000,-1000,Wet,Region2
407,Maize,1.5,2,10000,20,200,100,Sandy,1,1000,2000,-1000,Wet,Region2
408,Maize,1.5,2,100,45,200,10,Clay,yes,1000,100,-1000,Dry,Region1
409,Rice,-5.0,-1,10000,100,200,10,Sandy,yes,1000,2000,500,Dry,Region2
410,Rice,1.5,-1,5000,100,50,10,Clay,yes,-500,2000,500,Dry,Region2
411,Rice,10.0,5,10000,20,50,10,Clay,yes,1000,100,500,Dry,Region1
412,Rice,10.0,2,100,100,50,10,Sandy,yes,1000,100,500,Dry,Region2
413,Rice,-5.0,5,100,20,50,100,Clay,0,1000,2000,-1000,Wet,Region2
414,Wheat,10.0,5,5000,100,50,10,Sandy,0,1000,2000,500,Wet,Region2
415,Maize,-5.0,5,10000,20,200,10,Sandy,1,-500,100,500,Wet,Region1
416,Maize,1.5,5,100,45,50,10,Sandy,yes,-500,2000,500,Dry,Region2
417,Wheat,1.5,2,10000,20,50,10,Clay,0,-500,100,500,Dry,Region1
418,Rice,1.5,5,100,45,200,10,Sandy,1,1000,2000,500,Wet,Region2
419,Rice,1.5,-1,5000,20,200,100,Sandy,0,1000,2000,500,Wet,Region2
420,Rice,-5.0,-1,100,100,50,100,Clay,1,-500,2000,500,Dry,Region1
421,Wheat,1.5,2,100,100,200,10,Sandy,1,-500,100,500,Dry,Region2
422,Wheat,1.5,2,5000,100,200,10,Sandy,yes,1000,100,-1000,Dry,Region1
423,Maize,10.0,2,5000,45,50,100,Sandy,yes,-500,100,-1000,Dry,Region2
424,Wheat,1.5,5,10000,20,50,100,Sandy,1,-500,100,-1000,Wet,Region2
425,Rice,1.5,-1,100,100,200,10,Clay,0,1000,100,-1000,Wet,Region2
426,Rice,1.5,-1,5000,100,200,100,Sandy,yes,1000,100,500,Dry,Region2
427,Rice,10.0,-1,5000,100,50,100,Sandy,yes,1000,100,500,Wet,Region1
428,Rice,10.0,2,100,20,50,10,Sandy,1,1000,2000,-1000,Dry,Region2
429,Rice,1.5,-1,5000,100,200,10,Clay,1,-500,2000,500,Wet,Region2
430,Maize,1.5,5,10000,45,50,100,Clay,yes,-500,2000,-1000,Dry,Region1
431,Maize,1.5,-1,5000,100,200,10,Sandy,yes,-500,2000,500,Dry,Region1
432,Rice,-5.0,-1,5000,45,200,100,Clay,1,-500,100,500,Wet,Region1
433,Rice,-5.0,-1,10000,45,200,10,Clay,0,1000,2000,-1000,Dry,Region2
434,Wheat,-5.0,2,5000,20,200,10,Sandy,yes,1000,2000,-1000,Dry,Region2
435,Maize,-5.0,-1,10000,100,50,100,Sandy,1,-500,100,-1000,Dry,Region2
436,Rice,10.0,2,10000,45,50,100,Clay,yes,1000,2000,500,Dry,Region2
437,Rice,1.5,5,10000,45,50,10,Clay,0,1000,2000,500,Dry,Region1
438,Rice,1.5,2,10000,20,200,100,Sandy,0,-500,2000,500,Wet,Region2
439,Wheat,1.5,2,100,45,200,100,Sandy,1,1000,2000,-1000,Dry,Region2
440,Rice,1.5,2,100,45,200,10,Clay,yes,1000,2000,500,Wet,Region2
441,Wheat,-5.0,-1,5000,20,200,10,Sandy,0,1000,2000,500,Dry,Region2
442,Rice,-5.0,2,10000,45,50,100,Clay,1,1000,2000,-1000,Wet,Region1
443,Maize,-5.0,5,100,20,200,10,Clay,0,-500,2000,-1000,Wet,Region2
444,Rice,-5.0,5,5000,45,50,100,Clay,0,1000,2000,500,Dry,Region2
445,Rice,10.0,5,100,45,50,10,Clay,yes,-500,100,-1000,Dry,Region1
446,Maize,-5.0,5,10000,45,200,100,Sandy,1,-500,2000,-1000,Dry,Region2
447,Rice,1.5,5,100,45,200,100,Sandy,0,-500,2000,500,Wet,Region1
448,Maize,1.5,5,10000,45,200,100,Sandy,0,1000,100,500,Wet,Region2
449,Maize,1.5,5,5000,20,200,100,Sandy,1,1000,2000,-1000,Dry,Region2
450,Maize,10.0,-1,10000,45,50,10,Clay,1,-500,2000,-1000,Wet,Region1
451,Rice,-5.0,-1,5000,20,200,100,Clay,1,1000,2000,-1000,Wet,Region2
452,Maize,-5.0,-1,100,100,200,100,Clay,1,-500,2000,-1000,Dry,Region2
453,Wheat,-5.0,2,10000,45,200,10,Clay,1,-500,100,500,Wet,Region2
454,Maize,1.5,-1,5000,45,200,100,Sandy,yes,-500,100,-1000,Wet,Region2
455,Maize,1.5,-1,10000,20,50,100,Sandy,yes,1000,2000,-1000,Wet,Region1
456,Maize,10.0,-1,5000,100,50,10,Sandy,1,-500,2000,500,Dry,Region1
457,Wheat,1.5,-1,10000,20,50,100,Sandy,1,1000,2000,-1000,Dry,Region2
458,Wheat,10.0,-1,10000,100,200,100,Sandy,0,-500,2000,500,Wet,Region1
459,Wheat,1.5,2,10000,45,200,100,Clay,0,-500,100,-1000,Dry,Region2
460,Maize,1.5,-1,5000,45,50,10,Sandy,0,1000,2000,500,Wet,Region1
461,Maize,-5.0,2,100,45,200,100,Clay,0,-500,100,500,Wet,Region2
462,Rice,10.0,2,5000,45,50,10,Sandy,yes,1000,2000,500,Wet,Region1
463,Rice,-5.0,2,5000,45,200,100,Clay,0,-500,2000,500,Dry,Region2
464,Rice,1.5,-1,10000,100,200,10,Sandy,0,-500,100,-1000,Wet,Region2
465,Maize,1.5,-1,5000,100,50,10,Sandy,1,1000,100,500,Dry,Region2
466,Maize,1.5,2,100,100,50,100,Sandy,1,-500,100,500,Wet,Region1
467,Wheat,-5.0,5,5000,20,200,10,Sandy,1,-500,2000,-1000,Wet,Region2
468,Maize,-5.0,2,10000,100,50,100,Sandy,yes,1000,100,-1000,Dry,Region2
469,Maize,1.5,-1,100,20,50,100,Clay,1,-500,2000,500,Dry,Region2
470,Wheat,10.0,-1,10000,100,200,10,Sandy,yes,-500,2000,-1000,Wet,Region2
471,Maize,-5.0,-1,100,20,50,10,Clay,0,1000,100,-1000,Wet,Region2
472,Wheat,-5.0,-1,10000,45,200,100,Clay,1,1000,2000,-1000,Dry,Region2
473,Maize,1.5,5,5000,20,200,100,Sandy,1,1000,100,-1000,Wet,Region1
474,Maize,10.0,5,100,45,200,10,Sandy,0,-500,100,-1000,Wet,Region2
475,Wheat,1.5,5,5000,100,50,10,Clay,0,1000,100,-1000,Dry,Region2
476,Wheat,-5.0,5,10000,20,50,100,Clay,yes,1000,2000,-1000,Wet,Region1
477,Maize,-5.0,-1,10000,100,200,10,Sandy,0,-500,2000,500,Dry,Region2
478,Rice,1.5,5,100,100,50,100,Clay,yes,1000,2000,-1000,Wet,Region1
479,Maize,1.5,-1,10000,20,50,10,Sandy,0,1000,2000,500,Dry,Region1
480,Maize,10.0,5,100,100,200,10,Sandy,1,-500,2000,-1000,Dry,Region2
481,Wheat,1.5,2,100,45,50,100,Clay,yes,1000,100,500,Wet,Region2
482,Maize,1.5,2,100,20,200,100,Sandy,yes,-500,100,-1000,Wet,Region2
483,Rice,1.5,-1,100,45,50,100,Sandy,0,1000,100,500,Dry,Region2
484,Maize,1.5,2,10000,45,200,10,Clay,yes,1000,100,-1000,Wet,Region2
485,Wheat,10.0,5,10000,45,50,100,Sandy,yes,-500,100,-1000,Wet,Region1
486,Wheat,10.0,2,5000,20,200,100,Sandy,yes,1000,2000,-1000,Wet,Region1
487,Wheat,1.5,5,5000,45,50,10,Sandy,yes,1000,100,500,Dry,Region2
488,Wheat,10.0,5,10000,100,200,10,Sandy,0,1000,2000,-1000,Dry,Region1
489,Rice,1.5,2,10000,45,50,10,Clay,1,-500,2000,-1000,Dry,Region1
490,Maize,10.0,5,5000,20,50,10,Sandy,1,1000,100,-1000,Wet,Region1
491,Wheat,-5.0,2,100,45,50,100,Clay,yes,-500,2000,-1000,Dry,Region2
492,Wheat,10.0,2,100,45,200,10,Sandy,0,1000,2000,500,Wet,Region2
493,Wheat,1.5,-1,100,20,50,100,Sandy,1,1000,2000,-1000,Wet,Region2
494,Rice,1.5,-1,10000,45,200,10,Sandy,yes,-500,100,-1000,Wet,Region1
495,Wheat,1.5,-1,10000,45,50,10,Clay,1,-500,100,-1000,Wet,Region1
496,Rice,10.0,5,5000,100,200,100,Clay,0,1000,2000,-1000,Dry,Region2
497,Maize,-5.0,5,5000,45,50,10,Clay,0,1000,2000,500,Wet,Region1
498,Maize,1.5,-1,100,20,50,10,Sandy,yes,-500,2000,-1000,Wet,Region1
499,Rice,-5.0,5,10000,20,200,10,Clay,0,1000,2000,500,Dry,Region1
500,Rice,10.0,5,10000,20,50,100,Sandy,1,-500,2000,500,Dry,Region1
501,Wheat,10.0,-1,5000,45,200,100,Clay,yes,-500,2000,500,Dry,Region1
502,Maize,1.5,5,10000,20,200,10,Clay,1,1000,2000,-1000,Wet,Region2
503,Maize,-5.0,5,10000,45,50,10,Sandy,0,1000,2000,-1000,Dry,Region2
504,Rice,10.0,-1,100,45,50,100,Sandy,yes,1000,100,-1000,Dry,Region2
505,Wheat,-5.0,2,100,20,50,10,Sandy,yes,-500,100,-1000,Wet,Region1
506,Rice,-5.0,-1,5000,45,200,10,Clay,1,1000,100,-1000,Dry,Region1
507,Maize,10.0,2,10000,20,50,10,Clay,yes,1000,2000,500,Dry,Region1
508,Rice,-5.0,5,10000,20,50,10,Sandy,yes,-500,100,500,Dry,Region1
509,Rice,-5.0,5,5000,20,50,100,Clay,0,-500,2000,500,Wet,Region2
510,Wheat,1.5,-1,100,45,50,100,Clay,1,-500,2000,-1000,Dry,Region2
511,Wheat,10.0,5,10000,20,200,100,Sandy,yes,1000,100,500,Dry,Region1
512,Maize,1.5,-1,100,100,200,10,Sandy,1,-500,2000,-1000,Wet,Region2
513,Wheat,1.5,2,5000,20,50,100,Clay,yes,1000,2000,500,Dry,Region2
514,Maize,1.5,-1,100,100,50,100,Clay,0,1000,100,-1000,Dry,Region1
515,Rice,10.0,5,5000,20,50,10,Clay,1,1000,2000,-1000,Dry,Region2
516,Rice,-5.0,2,10000,100,50,100,Sandy,0,-500,2000,-1000,Wet,Region2
517,Maize,1.5,5,5000,20,200,100,Sandy,yes,-500,100,-1000,Dry,Region1
518,Rice,-5.0,5,10000,45,200,10,Clay,0,1000,2000,500,Wet,Region2
519,Maize,1.5,2,10000,20,50,100,Sandy,1,1000,100,500,Wet,Region1
520,Wheat,-5.0,2,100,100,200,10,Sandy,yes,-500,2000,500,Wet,Region2
521,Wheat,1.5,-1,10000,20,50,100,Clay,1,1000,2000,500,Wet,Region1
522,Maize,1.5,2,100,20,50,100,Sandy,1,1000,100,500,Dry,Region1
523,Rice,10.0,2,10000,20,200,10,Sandy,0,-500,100,500,Dry,Region1
524,Wheat,1.5,5,10000,20,200,100,Clay,yes,1000,100,500,Wet,Region2
525,Wheat,1.5,2,5000,100,200,100,Sandy,yes,1000,2000,-1000,Dry,Region1
526,Wheat,-5.0,2,100,45,200,10,Sandy,1,1000,100,500,Dry,Region2
527,Maize,10.0,-1,100,20,200,10,Sandy,1,-500,100,-1000,Wet,Region1
528,Rice,-5.0,2,5000,45,50,10,Clay,0,-500,100,-1000,Dry,Region1
529,Rice,1.5,5,100,45,50,10,Sandy,1,1000,2000,-1000,Dry,Region2
530,Maize,1.5,-1,100,100,50,100,Sandy,0,-500,100,500,Dry,Region1
531,Wheat,1.5,5,100,45,50,10,Sandy,yes,1000,100,-1000,Dry,Region2
532,Maize,10.0,5,5000,45,50,100,Clay,1,1000,100,-1000,Dry,Region2
533,Rice,10.0,2,100,100,50,100,Sandy,0,-500,100,-1000,Wet,Region2
534,Maize,10.0,5,5000,20,50,100,Clay,yes,1000,100,500,Wet,Region1
535,Maize,1.5,-1,5000,100,50,100,Clay,0,1000,100,-1000,Dry,Region2
536,Maize,10.0,-1,100,20,200,10,Clay,yes,1000,2000,500,Wet,Region1
537,Wheat,-5.0,-1,100,45,50,100,Clay,yes,-500,2000,-1000,Dry,Region2
538,Rice,10.0,5,5000,20,50,100,Clay,1,-500,100,-1000,Dry,Region1
539,Rice,1.5,2,5000,20,200,100,Sandy,1,-500,2000,-1000,Dry,Region2
540,Wheat,10.0,5,5000,45,50,100,Clay,yes,1000,2000,500,Dry,Region2
541,Rice,1.5,5,10000,45,50,100,Clay,yes,1000,100,500,Wet,Region2
542,Wheat,10.0,-1,5000,45,50,10,Sandy,yes,1000,100,-1000,Dry,Region2
543,Rice,1.5,2,10000,20,50,10,Clay,yes,1000,100,500,Dry,Region2
544,Wheat,1.5,2,10000,20,50,100,Clay,1,1000,2000,500,Wet,Region2
545,Rice,-5.0,2,10000,45,50,10,Sandy,1,1000,100,-1000,Wet,Region1
546,Maize,10.0,-1,10000,100,200,100,Sandy,1,-500,100,500,Dry,Region2
547,Maize,-5.0,2,100,45,50,10,Sandy,1,1000,100,-1000,Dry,Region2
548,Wheat,10.0,2,5000,45,50,100,Sandy,1,-500,2000,-1000,Wet,Region1
549,Rice,10.0,-1,5000,100,50,100,Sandy,1,1000,100,500,Dry,Region2
550,Maize,1.5,2,10000,100,200,100,Sandy,yes,1000,2000,500,Wet,Region2
551,Rice,10.0,-1,10000,100,50,100,Sandy,1,-500,2000,500,Wet,Region1
552,Maize,-5.0,2,5000,45,200,10,Clay,yes,1000,2000,500,Dry,Region1
553,Wheat,10.0,2,5000,45,50,100,Clay,1,-500,100,-1000,Wet,Region2
554,Rice,-5.0,-1,10000,20,50,100,Sandy,yes,1000,100,500,Wet,Region1
555,Maize,-5.0,2,5000,100,200,10,Clay,0,1000,100,500,Dry,Region2
556,Maize,10.0,-1,5000,45,50,100,Sandy,1,1000,2000,500,Wet,Region1
557,Rice,-5.0,2,10000,100,50,10,Clay,0,-500,100,500,Dry,Region2
558,Wheat,10.0,-1,10000,45,50,100,Sandy,1,1000,2000,500,Wet,Region1
559,Rice,1.5,-1,10000,100,50,100,Clay,yes,-500,2000,-1000,Wet,Region1
560,Rice,-5.0,2,100,100,50,100,Sandy,1,1000,2000,500,Wet,Region1
561,Maize,1.5,2,5000,45,200,100,Clay,0,1000,100,500,Dry,Region1
562,Rice,10.0,-1,5000,100,200,100,Sandy,yes,1000,2000,500,Dry,Region1
563,Wheat,1.5,-1,10000,45,200,100,Sandy,1,1000,100,500,Dry,Region1
564,Rice,10.0,5,5000,45,50,10,Clay,0,-500,100,-1000,Wet,Region1
565,Wheat,-5.0,-1,10000,100,50,100,Sandy,0,-500,100,500,Dry,Region2
566,Rice,1.5,2,100,20,50,10,Clay,yes,-500,100,500,Wet,Region2
567,Maize,-5.0,-1,100,45,200,10,Sandy,0,1000,2000,500,Wet,Region2
568,Maize,1.5,-1,10000,100,200,10,Sandy,yes,-500,2000,500,Dry,Region1
569,Wheat,-5.0,-1,5000,100,200,100,Sandy,0,1000,2000,500,Wet,Region2
570,Maize,-5.0,2,100,45,50,10,Clay,yes,1000,2000,-1000,Dry,Region1
571,Maize,1.5,5,10000,45,200,100,Sandy,0,1000,2000,500,Dry,Region2
572,Rice,1.5,5,100,20,200,100,Sandy,1,1000,100,-1000,Wet,Region2
573,Wheat,10.0,-1,5000,100,200,10,Sandy,0,1000,100,-1000,Wet,Region1
574,Maize,-5.0,-1,10000,45,50,100,Sandy,1,1000,100,-1000,Wet,Region2
575,Rice,1.5,-1,10000,20,200,100,Sandy,yes,1000,100,500,Wet,Region1
576,Wheat,10.0,5,10000,20,200,10,Clay,1,-500,2000,500,Dry,Region2
577,Maize,10.0,-1,100,45,50,10,Sandy,1,1000,2000,500,Wet,Region2
578,Rice,10.0,5,5000,20,200,10,Sandy,1,1000,2000,-1000,Dry,Region2
579,Wheat,1.5,5,100,20,50,100,Sandy,0,-500,100,500,Wet,Region1
580,Rice,-5.0,2,100,45,200,100,Clay,yes,-500,100,500,Dry,Region1
581,Rice,10.0,5,100,100,50,100,Sandy,0,1000,100,-1000,Wet,Region2
582,Rice,-5.0,5,5000,100,50,10,Sandy,yes,-500,100,-1000,Dry,Region1
583,Maize,10.0,2,100,20,50,100,Sandy,yes,1000,2000,-1000,Dry,Region1
584,Maize,1.5,2,10000,100,50,10,Sandy,yes,-500,2000,-1000,Wet,Region2
585,Rice,1.5,-1,5000,45,200,100,Sandy,yes,1000,2000,500,Wet,Region1
586,Maize,-5.0,-1,10000,20,50,10,Clay,0,-500,100,500,Dry,Region1
587,Wheat,10.0,2,100,20,200,10,Clay,yes,-500,100,500,Wet,Region1
588,Wheat,1.5,5,5000,100,200,100,Clay,yes,1000,2000,500,Wet,Region2
589,Wheat,-5.0,-1,10000,100,200,10,Clay,0,1000,100,500,Wet,Region2
590,Maize,-5.0,5,5000,45,200,10,Sandy,0,1000,100,500,Dry,Region1
591,Rice,10.0,5,5000,45,200,10,Clay,yes,-500,2000,-1000,Wet,Region1
592,Wheat,-5.0,5,10000,45,200,100,Clay,0,-500,2000,500,Dry,Region2
593,Rice,10.0,5,10000,45,200,10,Sandy,1,1000,2000,-1000,Wet,Region1
594,Maize,-5.0,-1,100,20,50,100,Sandy,1,-500,2000,500,Dry,Region1
595,Maize,1.5,5,10000,45,200,100,Clay,0,1000,2000,-1000,Dry,Region1
596,Rice,10.0,2,10000,20,200,10,Sandy,1,-500,2000,-1000,Wet,Region1
597,Maize,10.0,5,10000,20,200,10,Sandy,1,1000,100,500,Wet,Region1
598,Rice,1.5,-1,10000,100,200,100,Sandy,1,1000,2000,-1000,Dry,Region2
599,Rice,-5.0,2,10000,20,200,100,Sandy,0,-500,100,500,Wet,Region2
600,Maize,10.0,2,5000,100,50,100,Sandy,1,-500,100,500,Wet,Region2
601,Rice,10.0,5,100,100,50,100,Sandy,yes,-500,2000,-1000,Wet,Region1
602,Maize,1.5,2,5000,20,50,100,Clay,yes,1000,2000,500,Wet,Region2
603,Rice,10.0,2,100,100,200,10,Clay,0,-500,100,-1000,Dry,Region1
604,Rice,10.0,-1,10000,100,200,100,Sandy,0,1000,100,-1000,Dry,Region1
605,Maize,10.0,2,100,100,50,100,Sandy,1,-500,2000,500,Wet,Region2
606,Wheat,10.0,5,10000,20,50,100,Sandy,1,-500,100,500,Wet,Region1
607,Wheat,-5.0,2,100,100,200,100,Sandy,yes,-500,2000,-1000,Dry,Region1
608,Wheat,10.0,2,10000,20,50,100,Clay,0,-500,2000,-1000,Wet,Region1
609,Maize,10.0,2,10000,20,50,10,Clay,0,1000,2000,-1000,Dry,Region1
610,Maize,1.5,2,5000,100,50,100,Clay,0,1000,2000,500,Dry,Region1
611,Rice,1.5,5,10000,100,200,10,Sandy,0,1000,2000,500,Dry,Region2
612,Maize,1.5,2,5000,100,200,100,Sandy,yes,-500,100,500,Wet,Region2
613,Wheat,-5.0,5,100,100,200,100,Clay,0,-500,2000,-1000,Wet,Region2
614,Rice,10.0,2,5000,100,50,100,Sandy,yes,-500,100,500,Wet,Region1
615,Rice,1.5,-1,5000,20,50,10,Sandy,0,-500,2000,500,Dry,Region2
616,Maize,1.5,5,5000,20,200,100,Sandy,1,1000,2000,-1000,Wet,Region1
617,Maize,-5.0,2,10000,20,200,100,Sandy,1,1000,100,-1000,Wet,Region1
618,Rice,-5.0,5,5000,100,200,10,Sandy,yes,1000,2000,500,Wet,Region2
619,Rice,1.5,2,5000,45,200,10,Sandy,0,-500,2000,-1000,Dry,Region1
620,Maize,10.0,-1,10000,100,200,100,Clay,1,1000,2000,500,Dry,Region1
621,Maize,10.0,5,5000,20,200,10,Sandy,1,-500,100,500,Wet,Region1
622,Rice,-5.0,2,10000,20,50,10,Clay,1,-500,2000,-1000,Dry,Region1
623,Wheat,10.0,-1,5000,100,50,100,Clay,yes,-500,2000,500,Wet,Region1
624,Rice,-5.0,5,10000,45,50,100,Sandy,0,1000,100,500,Wet,Region1
625,Rice,1.5,2,100,45,50,100,Sandy,0,-500,2000,500,Wet,Region1
626,Rice,10.0,-1,100,45,50,100,Sandy,0,1000,100,-1000,Dry,Region1
627,Rice,1.5,-1,100,100,50,100,Sandy,yes,-500,100,-1000,Wet,Region2
628,Rice,-5.0,5,100,45,200,100,Clay,0,1000,100,-1000,Dry,Region1
629,Wheat,1.5,-1,10000,45,200,100,Sandy,yes,1000,100,-1000,Dry,Region2
630,Wheat,1.5,-1,100,100,50,10,Clay,yes,-500,100,-1000,Wet,Region1
631,Maize,1.5,2,100,100,200,100,Clay,1,1000,2000,-1000,Dry,Region2
632,Maize,10.0,-1,10000,20,200,10,Clay,0,-500,100,500,Dry,Region1
633,Wheat,-5.0,2,100,20,50,10,Clay,0,1000,2000,-1000,Dry,Region1
634,Maize,1.5,2,5000,45,50,100,Sandy,0,-500,2000,500,Wet,Region1
635,Rice,10.0,2,5000,100,200,100,Sandy,1,-500,100,500,Dry,Region1
636,Wheat,1.5,5,5000,45,200,10,Clay,yes,1000,100,500,Dry,Region1
637,Rice,-5.0,-1,10000,20,200,10,Sandy,1,-500,100,-1000,Dry,Region1
638,Wheat,-5.0,5,5000,100,200,10,Clay,yes,1000,100,500,Dry,Region1
639,Rice,10.0,5,100,20,200,10,Clay,0,1000,100,500,Wet,Region2
640,Wheat,10.0,-1,10000,20,50,100,Sandy,yes,-500,100,500,Dry,Region2
641,Rice,-5.0,5,10000,100,200,100,Clay,yes,-500,2000,500,Dry,Region2
642,Maize,-5.0,-1,5000,20,50,100,Clay,yes,-500,100,-1000,Wet,Region1
643,Maize,-5.0,2,10000,100,50,10,Clay,yes,1000,2000,-1000,Dry,Region1
644,Maize,-5.0,2,100,100,50,100,Clay,yes,-500,100,500,Wet,Region1
645,Wheat,1.5,2,10000,45,50,100,Clay,0,-500,100,500,Dry,Region2
646,Maize,10.0,-1,5000,100,200,10,Clay,0,1000,100,-1000,Dry,Region2
647,Maize,-5.0,2,10000,100,200,10,Sandy,yes,-500,2000,-1000,Wet,Region1
648,Rice,10.0,2,5000,100,200,100,Clay,yes,1000,100,-1000,Dry,Region1
649,Maize,1.5,2,5000,20,50,100,Sandy,1,1000,100,500,Dry,Region1
650,Maize,-5.0,5,10000,45,200,10,Clay,0,-500,100,500,Wet,Region2
651,Rice,-5.0,2,100,20,200,100,Clay,yes,-500,100,-1000,Wet,Region1
652,Wheat,-5.0,5,5000,20,200,100,Sandy,1,1000,2000,500,Wet,Region1
653,Rice,-5.0,5,5000,45,200,10,Clay,1,1000,100,500,Wet,Region2
654,Wheat,-5.0,2,100,45,50,100,Sandy,yes,-500,2000,500,Dry,Region1
655,Wheat,10.0,-1,100,20,200,10,Sandy,1,1000,100,-1000,Dry,Region2
656,Rice,1.5,5,5000,20,200,100,Clay,yes,-500,2000,-1000,Dry,Region2
657,Maize,1.5,2,5000,100,200,10,Sandy,yes,1000,100,-1000,Wet,Region2
658,Maize,-5.0,2,10000,45,200,100,Clay,yes,-500,100,500,Dry,Region1
659,Rice,-5.0,-1,10000,20,200,100,Sandy,0,-500,2000,500,Dry,Region2
660,Wheat,-5.0,2,10000,45,50,100,Clay,1,-500,100,500,Dry,Region2
661,Maize,1.5,2,100,45,200,100,Clay,yes,-500,100,-1000,Dry,Region2
662,Rice,1.5,-1,100,45,50,10,Sandy,1,-500,2000,-1000,Wet,Region1
663,Maize,10.0,2,100,100,200,100,Clay,1,-500,100,500,Wet,Region2
664,Maize,-5.0,5,5000,100,200,10,Clay,1,-500,2000,-1000,Dry,Region1
665,Maize,10.0,2,5000,100,200,100,Sandy,yes,1000,100,500,Dry,Region1
666,Wheat,1.5,-1,100,45,50,100,Sandy,1,1000,2000,-1000,Dry,Region1
667,Wheat,1.5,2,5000,20,200,10,Clay,1,-500,2000,-1000,Dry,Region2
668,Maize,1.5,-1,10000,100,200,100,Sandy,0,1000,100,500,Wet,Region1
669,Wheat,10.0,2,100,100,200,100,Sandy,0,-500,2000,500,Wet,Region1
670,Wheat,-5.0,5,10000,45,50,100,Sandy,yes,1000,100,500,Wet,Region1
671,Rice,-5.0,2,10000,45,50,100,Clay,0,1000,2000,500,Dry,Region2
672,Wheat,1.5,2,5000,45,200,100,Clay,0,-500,2000,500,Dry,Region1
673,Maize,-5.0,5,100,45,200,100,Clay,1,1000,2000,500,Dry,Region2
674,Wheat,10.0,-1,100,20,50,10,Sandy,1,1000,100,500,Dry,Region2
675,Rice,10.0,-1,100,20,200,100,Sandy,yes,1000,2000,-1000,Dry,Region2
676,Wheat,-5.0,2,10000,45,50,10,Sandy,yes,-500,100,500,Dry,Region1
677,Maize,-5.0,5,5000,45,200,10,Sandy,1,-500,2000,500,Dry,Region1
678,Rice,1.5,5,5000,100,200,100,Clay,yes,-500,2000,500,Wet,Region2
679,Rice,-5.0,-1,10000,100,50,10,Clay,1,1000,2000,-1000,Wet,Region2
680,Wheat,-5.0,5,5000,100,200,10,Clay,0,-500,2000,500,Wet,Region2
681,Maize,1.5,2,100,45,200,100,Clay,1,-500,2000,500,Dry,Region1
682,Maize,1.5,2,100,20,200,10,Clay,yes,1000,100,500,Wet,Region2
683,Wheat,1.5,2,5000,45,200,10,Sandy,yes,-500,100,500,Dry,Region2
684,Rice,1.5,2,100,45,200,10,Sandy,0,1000,2000,500,Wet,Region1
685,Wheat,-5.0,-1,5000,45,200,100,Sandy,yes,-500,2000,-1000,Dry,Region2
686,Maize,10.0,2,5000,20,200,10,Clay,yes,1000,2000,500,Dry,Region1
687,Rice,10.0,-1,5000,100,50,10,Clay,1,-500,100,-1000,Dry,Region1
688,Wheat,-5.0,2,5000,45,50,100,Clay,yes,1000,100,-1000,Dry,Region2
689,Wheat,1.5,2,10000,100,50,10,Sandy,yes,1000,100,-1000,Dry,Region2
690,Maize,10.0,2,10000,45,50,10,Clay,yes,-500,100,500,Dry,Region1
691,Wheat,1.5,-1,10000,100,200,100,Clay,1,-500,2000,500,Dry,Region2
692,Rice,-5.0,5,100,100,200,100,Clay,1,-500,100,-1000,Dry,Region2
693,Rice,1.5,5,5000,100,200,100,Clay,1,-500,2000,500,Wet,Region1
694,Rice,10.0,5,100,100,50,10,Clay,1,1000,2000,-1000,Dry,Region1
695,Rice,1.5,5,100,45,200,10,Sandy,1,-500,2000,500,Wet,Region2
696,Rice,-5.0,-1,5000,20,200,10,Clay,0,1000,100,-1000,Wet,Region1
697,Rice,-5.0,2,10000,20,50,100,Clay,1,1000,100,500,Wet,Region1
698,Rice,1.5,-1,100,45,200,100,Sandy,yes,1000,2000,-1000,Dry,Region1
699,Wheat,10.0,-1,100,100,50,10,Sandy,yes,-500,100,500,Dry,Region2
700,Wheat,1.5,-1,5000,100,200,100,Sandy,yes,-500,2000,-1000,Wet,Region1
701,Wheat,-5.0,-1,100,20,200,10,Sandy,1,-500,2000,500,Dry,Region1
702,Wheat,10.0,2,100,45,50,100,Sandy,0,-500,2000,-1000,Dry,Region1
703,Rice,-5.0,-1,100,45,50,100,Clay,0,-500,100,500,Wet,Region2
704,Maize,-5.0,5,5000,100,200,10,Clay,0,1000,100,500,Wet,Region1
705,Maize,10.0,5,5000,45,50,10,Clay,yes,-500,2000,500,Wet,Region2
706,Rice,10.0,5,10000,20,50,100,Sandy,yes,1000,2000,500,Wet,Region2
707,Rice,10.0,-1,5000,20,200,100,Sandy,yes,-500,100,500,Dry,Region1
708,Wheat,1.5,-1,5000,20,200,10,Sandy,0,1000,2000,500,Dry,Region1
709,Rice,1.5,2,100,20,50,100,Clay,0,1000,2000,-1000,Dry,Region1
710,Maize,10.0,2,5000,100,50,100,Sandy,0,1000,100,500,Dry,Region2
711,Maize,1.5,5,10000,45,50,10,Clay,1,1000,2000,500,Dry,Region1
712,Maize,-5.0,5,100,45,50,100,Sandy,1,1000,100,-1000,Wet,Region2
713,Maize,1.5,-1,5000,20,50,100,Sandy,1,-500,2000,-1000,Dry,Region2
714,Maize,10.0,5,5000,20,200,10,Clay,yes,-500,100,500,Dry,Region1
715,Rice,-5.0,2,10000,100,200,100,Clay,1,1000,2000,500,Dry,Region2
716,Maize,-5.0,5,100,20,50,100,Clay,0,-500,100,-1000,Dry,Region2
717,Wheat,1.5,5,5000,45,200,10,Sandy,1,-500,2000,500,Dry,Region2
718,Wheat,1.5,5,10000,100,50,100,Sandy,yes,1000,100,500,Wet,Region2
719,Maize,-5.0,2,5000,20,200,10,Sandy,1,-500,2000,-1000,Dry,Region2
720,Maize,1.5,-1,100,20,200,10,Clay,yes,-500,2000,-1000,Wet,Region2
721,Wheat,-5.0,2,5000,20,50,10,Sandy,1,-500,100,-1000,Wet,Region2
722,Rice,-5.0,5,10000,100,50,100,Sandy,0,1000,100,500,Wet,Region1
723,Maize,10.0,-1,10000,100,50,10,Sandy,1,-500,100,-1000,Dry,Region2
724,Wheat,-5.0,5,5000,100,50,10,Sandy,1,1000,2000,-1000,Wet,Region1
725,Rice,10.0,2,10000,20,50,100,Clay,yes,-500,100,-1000,Wet,Region2
726,Rice,1.5,5,5000,100,50,100,Sandy,0,1000,100,-1000,Dry,Region1
727,Rice,-5.0,-1,100,20,200,10,Sandy,0,1000,100,500,Dry,Region1
728,Wheat,-5.0,-1,5000,45,50,100,Clay,1,-500,100,-1000,Dry,Region1
729,Rice,10.0,-1,100,100,200,10,Sandy,yes,1000,100,500,Wet,Region1
730,Maize,1.5,-1,5000,45,200,10,Sandy,0,1000,2000,-1000,Wet,Region2
731,Maize,-5.0,2,100,20,50,10,Clay,1,-500,2000,500,Dry,Region1
732,Maize,10.0,2,10000,45,200,10,Sandy,yes,1000,2000,-1000,Dry,Region1
733,Maize,10.0,5,10000,45,200,10,Sandy,0,1000,2000,-1000,Wet,Region1
734,Wheat,10.0,2,100,45,50,100,Sandy,0,-500,2000,500,Wet,Region2
735,Maize,10.0,2,100,100,200,10,Clay,yes,-500,100,500,Wet,Region1
736,Rice,-5.0,5,10000,20,50,100,Clay,yes,-500,2000,500,Wet,Region1
737,Maize,-5.0,-1,5000,45,50,10,Sandy,yes,-500,2000,500,Wet,Region2
738,Wheat,1.5,-1,5000,20,200,10,Clay,0,1000,100,500,Wet,Region2
739,Wheat,10.0,2,10000,100,50,100,Sandy,1,1000,100,500,Wet,Region2
740,Rice,10.0,5,5000,20,200,10,Clay,yes,-500,2000,500,Wet,Region2
741,Maize,-5.0,-1,5000,45,50,100,Sandy,0,-500,100,-1000,Wet,Region2
742,Maize,10.0,2,10000,100,200,100,Sandy,0,1000,100,-1000,Dry,Region2
743,Rice,10.0,2,10000,20,200,100,Clay,0,1000,2000,-1000,Dry,Region2
744,Wheat,-5.0,2,10000,20,200,10,Clay,1,1000,2000,500,Wet,Region2
745,Maize,1.5,2,100,45,200,10,Sandy,1,-500,100,500,Wet,Region2
746,Maize,-5.0,5,100,20,200,100,Sandy,yes,1000,2000,500,Dry,Region2
747,Wheat,-5.0,5,100,100,50,10,Sandy,0,-500,2000,-1000,Wet,Region2
748,Wheat,1.5,2,100,45,50,100,Clay,yes,1000,100,500,Dry,Region2
749,Maize,-5.0,2,100,20,50,10,Clay,yes,1000,100,-1000,Wet,Region2
750,Maize,-5.0,2,5000,100,50,100,Clay,1,1000,2000,500,Dry,Region2
751,Maize,-5.0,2,5000,20,50,10,Sandy,yes,-500,2000,-1000,Dry,Region2
752,Maize,10.0,5,10000,20,50,100,Sandy,yes,1000,2000,-1000,Dry,Region1
753,Wheat,10.0,-1,10000,20,50,100,Sandy,0,-500,100,-1000,Wet,Region2
754,Rice,-5.0,-1,5000,100,200,10,Sandy,yes,1000,100,500,Dry,Region1
755,Rice,10.0,2,5000,45,50,10,Sandy,1,-500,2000,500,Wet,Region1
756,Rice,-5.0,2,100,20,50,100,Clay,1,-500,2000,500,Wet,Region1
757,Maize,10.0,5,100,20,50,10,Clay,0,1000,2000,-1000,Wet,Region2
758,Rice,1.5,2,100,45,50,10,Clay,1,-500,100,500,Dry,Region1
759,Wheat,-5.0,2,10000,20,50,100,Sandy,1,1000,2000,-1000,Dry,Region2
760,Maize,10.0,5,5000,45,50,10,Clay,0,1000,100,500,Dry,Region2
761,Rice,10.0,5,10000,45,200,10,Sandy,0,1000,2000,500,Dry,Region2
762,Rice,1.5,2,5000,20,200,100,Clay,yes,1000,100,-1000,Wet,Region1
763,Wheat,1.5,-1,5000,20,50,100,Sandy,0,-500,100,-1000,Wet,Region2
764,Rice,10.0,2,100,20,50,10,Sandy,yes,1000,100,-1000,Dry,Region1
765,Maize,-5.0,5,100,100,200,100,Clay,1,-500,2000,-1000,Wet,Region1
766,Wheat,10.0,5,5000,45,50,100,Clay,yes,1000,2000,-1000,Dry,Region2
767,Rice,1.5,5,100,45,200,100,Sandy,yes,-500,2000,500,Dry,Region2
768,Rice,1.5,2,100,45,200,100,Clay,1,-500,100,500,Wet,Region2
769,Rice,1.5,2,5000,20,200,100,Sandy,yes,-500,100,-1000,Dry,Region1
770,Rice,10.0,-1,10000,100,200,10,Clay,yes,-500,100,500,Dry,Region2
771,Rice,1.5,2,5000,45,200,10,Sandy,0,-500,2000,500,Dry,Region1
772,Maize,1.5,5,5000,20,50,10,Clay,0,-500,2000,500,Dry,Region2
773,Maize,10.0,5,10000,20,50,100,Sandy,0,1000,2000,500,Dry,Region2
774,Rice,10.0,5,5000,20,200,100,Sandy,yes,-500,100,-1000,Wet,Region2
775,Rice,1.5,-1,10000,20,50,10,Clay,1,-500,2000,-1000,Dry,Region1
776,Wheat,-5.0,-1,5000,20,200,100,Clay,yes,-500,100,500,Dry,Region1
777,Maize,10.0,-1,100,45,200,10,Sandy,1,1000,2000,-1000,Dry,Region1
778,Maize,10.0,5,10000,20,50,100,Clay,yes,1000,100,500,Dry,Region1
779,Wheat,1.5,2,5000,20,50,10,Sandy,yes,-500,2000,500,Wet,Region1
780,Wheat,10.0,5,10000,20,200,100,Sandy,1,1000,100,500,Dry,Region2
781,Wheat,10.0,2,100,100,200,10,Clay,0,-500,2000,-1000,Dry,Region2
782,Maize,-5.0,2,5000,100,200,10,Clay,yes,-500,2000,500,Wet,Region1
783,Rice,10.0,-1,100,20,50,100,Clay,1,1000,2000,500,Dry,Region2
784,Rice,1.5,2,10000,45,200,10,Clay,0,1000,100,-1000,Dry,Region2
785,Maize,10.0,2,10000,100,200,10,Sandy,0,-500,100,500,Wet,Region1
786,Maize,1.5,5,10000,20,50,10,Sandy,0,1000,2000,-1000,Dry,Region1
787,Wheat,10.0,2,5000,20,50,10,Sandy,1,-500,2000,500,Wet,Region2
788,Wheat,1.5,5,100,20,200,10,Sandy,1,-500,2000,-1000,Wet,Region1
789,Rice,10.0,2,5000,20,200,10,Clay,0,-500,2000,-1000,Wet,Region1
790,Rice,10.0,-1,100,20,50,100,Clay,yes,-500,2000,-1000,Dry,Region1
791,Maize,-5.0,5,10000,20,200,100,Clay,1,-500,2000,-1000,Dry,Region2
792,Wheat,1.5,5,100,45,200,10,Clay,1,-500,2000,500,Wet,Region1
793,Wheat,-5.0,-1,5000,45,50,100,Sandy,1,-500,2000,500,Wet,Region2
794,Maize,10.0,-1,10000,45,50,100,Clay,0,-500,2000,500,Dry,Region2
795,Maize,10.0,2,10000,20,50,100,Clay,1,1000,2000,-1000,Dry,Region2
796,Rice,-5.0,2,100,100,200,100,Sandy,1,1000,100,-1000,Wet,Region1
797,Maize,1.5,-1,5000,100,50,100,Sandy,1,1000,2000,500,Wet,Region1
798,Wheat,1.5,-1,5000,20,200,10,Clay,yes,-500,100,-1000,Wet,Region2
799,Maize,-5.0,2,100,100,50,10,Clay,0,-500,100,-1000,Dry,Region2
800,Rice,-5.0,-1,5000,20,200,10,Clay,1,-500,2000,500,Dry,Region2
801,Wheat,10.0,2,10000,45,50,100,Sandy,1,1000,2000,500,Wet,Region2
802,Rice,10.0,5,5000,20,200,100,Clay,0,-500,2000,-1000,Dry,Region2
803,Rice,10.0,5,5000,45,50,100,Clay,0,1000,100,500,Wet,Region1
804,Rice,1.5,5,5000,45,50,10,Sandy,1,1000,100,500,Wet,Region2
805,Rice,1.5,5,100,20,200,10,Sandy,1,-500,2000,-1000,Dry,Region2
806,Wheat,10.0,2,100,45,200,100,Clay,yes,-500,2000,500,Dry,Region1
807,Rice,-5.0,2,5000,20,50,100,Clay,yes,1000,2000,500,Dry,Region2
808,Rice,1.5,2,100,45,200,100,Clay,1,-500,100,500,Dry,Region2
809,Maize,-5.0,-1,100,100,50,10,Clay,0,1000,100,500,Wet,Region1
810,Maize,-5.0,5,5000,20,50,10,Clay,yes,1000,100,-1000,Dry,Region1
811,Wheat,1.5,-1,10000,45,200,10,Clay,yes,1000,2000,-1000,Dry,Region2
812,Maize,1.5,5,5000,100,200,10,Clay,0,-500,2000,500,Wet,Region1
813,Maize,1.5,5,100,45,200,100,Clay,0,1000,100,500,Wet,Region1
814,Wheat,-5.0,5,10000,45,200,100,Clay,yes,1000,100,500,Dry,Region1
815,Rice,10.0,2,5000,20,50,100,Clay,yes,1000,2000,-1000,Dry,Region2
816,Wheat,-5.0,-1,100,20,50,10,Sandy,0,1000,2000,-1000,Wet,Region2
817,Rice,10.0,2,5000,45,50,10,Clay,1,-500,100,500,Wet,Region1
818,Rice,1.5,2,10000,100,50,10,Sandy,yes,1000,2000,-1000,Dry,Region1
819,Wheat,-5.0,-1,5000,45,200,10,Sandy,yes,-500,100,500,Wet,Region2
820,Rice,10.0,-1,5000,20,50,100,Sandy,yes,-500,100,500,Wet,Region2
821,Maize,1.5,5,100,20,50,100,Sandy,yes,1000,2000,500,Dry,Region2
822,Rice,10.0,2,5000,20,50,10,Clay,yes,1000,100,500,Dry,Region2
823,Wheat,-5.0,5,100,100,200,10,Sandy,0,-500,2000,-1000,Dry,Region1
824,Maize,10.0,-1,100,45,50,100,Sandy,yes,1000,2000,-1000,Dry,Region1
825,Rice,1.5,-1,5000,20,200,10,Sandy,1,1000,2000,-1000,Wet,Region2
826,Wheat,1.5,2,100,20,50,10,Clay,yes,-500,100,500,Dry,Region1
827,Maize,1.5,2,100,100,200,10,Sandy,yes,-500,100,-1000,Wet,Region1
828,Maize,1.5,-1,10000,100,50,100,Clay,1,1000,2000,-1000,Wet,Region2
829,Maize,-5.0,5,100,45,50,10,Clay,1,1000,2000,-1000,Dry,Region1
830,Rice,-5.0,-1,10000,20,50,100,Sandy,0,-500,100,-1000,Dry,Region1
831,Maize,-5.0,2,10000,20,50,100,Clay,0,1000,2000,-1000,Wet,Region2
832,Maize,-5.0,5,100,20,50,10,Clay,0,1000,100,-1000,Dry,Region2
833,Rice,10.0,-1,100,45,50,10,Sandy,0,-500,100,-1000,Dry,Region1
834,Rice,-5.0,2,10000,20,50,10,Clay,1,1000,2000,-1000,Wet,Region1
835,Maize,1.5,-1,5000,20,200,10,Sandy,0,1000,2000,-1000,Dry,Region2
836,Maize,10.0,-1,10000,20,200,100,Sandy,yes,-500,2000,500,Dry,Region2
837,Rice,-5.0,5,10000,20,200,100,Clay,0,1000,2000,500,Dry,Region1
838,Rice,-5.0,5,100,100,200,10,Clay,0,1000,100,-1000,Dry,Region2
839,Maize,-5.0,5,100,20,200,100,Sandy,yes,1000,2000,500,Wet,Region2
840,Maize,1.5,5,10000,20,200,100,Clay,yes,1000,2000,-1000,Dry,Region1
841,Wheat,-5.0,5,100,20,200,10,Sandy,1,-500,2000,500,Wet,Region1
842,Maize,1.5,2,100,20,200,100,Sandy,yes,1000,2000,500,Dry,Region1
843,Wheat,-5.0,5,5000,45,200,10,Sandy,yes,1000,2000,500,Dry,Region1
844,Rice,10.0,-1,5000,45,200,100,Clay,1,-500,100,500,Wet,Region1
845,Rice,10.0,-1,10000,45,50,10,Clay,1,-500,2000,-1000,Wet,Region2
846,Rice,-5.0,5,100,45,200,100,Clay,1,-500,100,-1000,Wet,Region2
847,Wheat,1.5,-1,10000,20,200,100,Sandy,yes,1000,2000,500,Wet,Region2
848,Rice,1.5,2,5000,45,200,100,Sandy,yes,1000,2000,500,Dry,Region1
849,Maize,1.5,-1,10000,45,200,100,Clay,0,1000,2000,500,Dry,Region1
850,Rice,10.0,2,10000,100,200,10,Clay,0,1000,100,500,Dry,Region1
851,Rice,-5.0,-1,100,20,200,10,Sandy,yes,-500,2000,-1000,Wet,Region2
852,Rice,1.5,5,100,20,50,100,Sandy,0,-500,100,-1000,Wet,Region1
853,Maize,10.0,5,100,100,50,10,Clay,0,-500,100,500,Wet,Region2
854,Maize,10.0,-1,5000,20,50,100,Sandy,0,1000,2000,-1000,Wet,Region1
855,Wheat,1.5,5,100,45,200,100,Clay,0,1000,2000,-1000,Wet,Region1
856,Wheat,1.5,-1,10000,20,200,10,Sandy,1,1000,100,-1000,Wet,Region1
857,Rice,-5.0,-1,5000,20,200,10,Sandy,yes,1000,100,500,Dry,Region2
858,Rice,-5.0,5,10000,100,50,100,Sandy,1,-500,2000,500,Wet,Region1
859,Wheat,10.0,-1,100,100,200,10,Sandy,1,-500,100,500,Wet,Region2
860,Wheat,1.5,-1,5000,20,50,100,Sandy,yes,-500,100,500,Dry,Region2
861,Rice,10.0,5,5000,20,200,10,Clay,0,1000,2000,-1000,Wet,Region1
862,Maize,-5.0,5,10000,100,50,100,Sandy,1,1000,100,-1000,Dry,Region2
863,Maize,10.0,2,100,20,50,10,Sandy,0,1000,2000,-1000,Wet,Region2
864,Wheat,1.5,-1,5000,20,200,100,Sandy,0,1000,2000,-1000,Dry,Region1
865,Rice,1.5,5,10000,100,50,100,Sandy,1,-500,2000,-1000,Dry,Region2
866,Wheat,1.5,-1,5000,20,50,100,Sandy,0,-500,100,500,Wet,Region1
867,Wheat,10.0,2,5000,20,200,100,Clay,yes,-500,100,500,Wet,Region2
868,Rice,1.5,-1,100,100,200,100,Sandy,yes,-500,100,-1000,Wet,Region2
869,Rice,10.0,5,10000,20,200,10,Sandy,0,1000,2000,500,Wet,Region1
870,Rice,-5.0,2,10000,100,200,10,Clay,0,1000,2000,-1000,Dry,Region1
871,Rice,10.0,-1,5000,100,200,10,Sandy,yes,1000,100,-1000,Dry,Region1
872,Wheat,10.0,-1,100,45,200,10,Clay,0,-500,2000,500,Dry,Region2
873,Maize,10.0,5,5000,45,200,10,Sandy,1,1000,2000,-1000,Dry,Region1
874,Rice,1.5,5,5000,100,200,10,Sandy,0,-500,2000,500,Dry,Region1
875,Wheat,1.5,2,5000,45,50,10,Clay,1,1000,100,-1000,Wet,Region1
876,Rice,-5.0,2,5000,20,50,100,Sandy,1,1000,100,500,Wet,Region2
877,Maize,1.5,-1,10000,20,200,100,Sandy,0,-500,100,500,Dry,Region2
878,Rice,10.0,5,5000,45,200,100,Clay,yes,1000,2000,500,Dry,Region1
879,Wheat,1.5,5,100,20,50,100,Sandy,yes,1000,2000,500,Dry,Region1
880,Maize,1.5,-1,100,20,200,100,Sandy,yes,1000,100,-1000,Wet,Region2
881,Wheat,1.5,2,10000,100,50,100,Sandy,0,-500,100,500,Wet,Region1
882,Rice,1.5,2,100,45,50,10,Clay,yes,-500,2000,500,Wet,Region2
883,Wheat,10.0,5,10000,100,200,10,Sandy,yes,1000,100,-1000,Wet,Region2
884,Wheat,10.0,5,5000,100,200,100,Sandy,1,1000,2000,500,Dry,Region1
885,Wheat,1.5,-1,10000,45,50,10,Sandy,yes,-500,2000,500,Wet,Region2
886,Wheat,10.0,5,10000,45,50,100,Clay,yes,1000,2000,500,Wet,Region1
887,Wheat,10.0,-1,100,100,200,100,Sandy,1,-500,2000,500,Wet,Region2
888,Rice,-5.0,-1,10000,20,50,100,Clay,1,-500,100,500,Wet,Region1
889,Wheat,-5.0,2,5000,20,200,10,Sandy,yes,1000,100,-1000,Wet,Region1
890,Maize,1.5,2,10000,100,200,10,Clay,0,1000,2000,-1000,Dry,Region1
891,Rice,1.5,-1,100,45,50,10,Clay,yes,-500,2000,500,Dry,Region1
892,Wheat,1.5,5,100,20,50,10,Sandy,1,1000,2000,-1000,Dry,Region1
893,Wheat,-5.0,2,10000,20,200,10,Clay,0,-500,2000,500,Wet,Region1
894,Maize,1.5,5,5000,100,200,100,Clay,yes,-500,100,500,Wet,Region2
895,Maize,-5.0,5,5000,45,200,10,Sandy,yes,-500,100,-1000,Dry,Region1
896,Maize,10.0,-1,100,45,200,100,Clay,yes,-500,2000,500,Dry,Region2
897,Rice,-5.0,5,100,100,200,100,Sandy,1,-500,2000,500,Dry,Region2
898,Wheat,1.5,5,5000,45,50,10,Sandy,1,1000,2000,-1000,Wet,Region2
899,Rice,10.0,-1,5000,45,200,100,Sandy,yes,-500,2000,500,Wet,Region2
900,Wheat,1.5,5,10000,100,50,10,Clay,1,-500,100,-1000,Dry,Region2
901,Maize,10.0,-1,100,100,200,10,Clay,0,1000,2000,500,Wet,Region1
902,Maize,10.0,-1,10000,100,200,10,Clay,yes,-500,2000,-1000,Wet,Region1
903,Maize,10.0,-1,5000,100,200,10,Sandy,0,1000,100,500,Wet,Region1
904,Wheat,-5.0,2,5000,45,200,100,Sandy,0,-500,2000,500,Dry,Region1
905,Rice,1.5,5,100,20,50,10,Sandy,0,-500,100,-1000,Dry,Region1
906,Wheat,-5.0,5,5000,100,200,100,Clay,0,1000,100,500,Wet,Region1
907,Rice,10.0,5,10000,45,50,100,Clay,yes,-500,2000,500,Dry,Region2
908,Wheat,1.5,2,5000,100,50,100,Sandy,yes,1000,2000,500,Wet,Region2
909,Maize,1.5,2,10000,45,50,100,Sandy,1,1000,2000,500,Dry,Region2
910,Rice,-5.0,-1,5000,45,200,100,Clay,1,1000,100,-1000,Wet,Region1
911,Rice,10.0,-1,5000,20,50,10,Sandy,1,1000,100,500,Wet,Region2
912,Rice,10.0,2,100,100,50,10,Sandy,1,-500,2000,500,Dry,Region1
913,Wheat,-5.0,5,100,45,200,100,Clay,1,1000,100,500,Dry,Region1
914,Wheat,10.0,2,100,100,200,100,Clay,yes,1000,2000,-1000,Wet,Region2
915,Rice,-5.0,-1,10000,45,200,100,Clay,0,1000,2000,-1000,Dry,Region1
916,Rice,10.0,2,10000,45,50,10,Clay,1,-500,2000,-1000,Dry,Region1
917,Wheat,10.0,5,5000,20,50,100,Sandy,0,1000,2000,-1000,Dry,Region2
918,Wheat,10.0,5,5000,45,50,100,Sandy,yes,1000,2000,-1000,Dry,Region1
919,Rice,10.0,2,100,100,50,10,Sandy,yes,-500,2000,-1000,Wet,Region1
920,Rice,10.0,2,5000,20,50,10,Sandy,0,-500,2000,500,Wet,Region1
921,Rice,-5.0,-1,100,100,200,10,Clay,0,-500,2000,500,Dry,Region2
922,Maize,10.0,-1,5000,100,50,10,Sandy,yes,1000,100,500,Dry,Region2
923,Wheat,-5.0,2,10000,45,50,10,Sandy,yes,1000,2000,-1000,Wet,Region1
924,Rice,-5.0,5,100,100,200,100,Clay,1,1000,2000,-1000,Wet,Region2
925,Rice,10.0,-1,10000,100,50,100,Clay,yes,-500,2000,500,Dry,Region1
926,Maize,-5.0,5,100,20,200,10,Sandy,1,1000,100,-1000,Dry,Region1
927,Rice,1.5,5,5000,20,50,10,Clay,yes,1000,2000,500,Wet,Region2
928,Rice,-5.0,5,10000,45,200,100,Clay,1,1000,100,500,Wet,Region2
929,Rice,-5.0,-1,100,100,50,100,Clay,0,-500,2000,500,Dry,Region1
930,Wheat,-5.0,5,5000,100,50,100,Clay,yes,-500,100,-1000,Dry,Region2
931,Rice,-5.0,5,5000,100,200,10,Clay,yes,1000,2000,500,Wet,Region1
932,Wheat,1.5,5,10000,100,50,10,Sandy,1,-500,2000,500,Wet,Region2
933,Maize,-5.0,5,10000,20,200,100,Sandy,yes,-500,2000,-1000,Dry,Region1
934,Rice,1.5,2,5000,45,200,100,Sandy,1,1000,100,-1000,Wet,Region1
935,Maize,1.5,2,100,100,200,100,Sandy,yes,-500,2000,-1000,Dry,Region1
936,Maize,-5.0,-1,10000,100,50,100,Sandy,0,-500,2000,500,Wet,Region1
937,Rice,10.0,2,5000,45,50,10,Sandy,0,-500,100,-1000,Wet,Region2
938,Maize,1.5,2,100,20,200,100,Sandy,yes,1000,100,500,Wet,Region1
939,Wheat,-5.0,-1,5000,20,200,100,Sandy,1,-500,2000,-1000,Dry,Region1
940,Rice,10.0,-1,100,20,200,100,Clay,yes,1000,100,500,Wet,Region1
941,Maize,10.0,-1,5000,45,50,100,Clay,1,1000,100,-1000,Dry,Region2
942,Maize,-5.0,-1,10000,20,50,100,Clay,1,1000,2000,-1000,Dry,Region1
943,Wheat,1.5,2,5000,45,200,10,Clay,yes,-500,100,500,Wet,Region2
944,Rice,-5.0,2,10000,20,50,100,Sandy,yes,-500,2000,-1000,Wet,Region1
945,Rice,1.5,5,100,100,50,100,Clay,yes,-500,2000,-1000,Wet,Region2
946,Rice,10.0,-1,5000,100,200,10,Sandy,0,1000,100,-1000,Wet,Region2
947,Maize,10.0,-1,100,45,200,10,Sandy,1,-500,100,500,Wet,Region2
948,Maize,-5.0,2,5000,100,50,10,Sandy,yes,-500,100,500,Dry,Region2
949,Wheat,-5.0,-1,100,45,50,100,Sandy,1,1000,100,-1000,Wet,Region1
950,Wheat,10.0,2,10000,20,200,100,Sandy,0,1000,2000,500,Wet,Region2
951,Rice,10.0,-1,100,45,50,100,Clay,1,1000,100,-1000,Wet,Region2
952,Rice,1.5,5,100,100,50,10,Sandy,1,-500,100,-1000,Dry,Region2
953,Wheat,1.5,2,100,20,50,100,Sandy,yes,1000,2000,500,Dry,Region1
954,Wheat,-5.0,5,5000,100,50,100,Clay,yes,1000,100,-1000,Wet,Region2
955,Wheat,-5.0,5,5000,100,50,100,Clay,yes,-500,100,500,Wet,Region1
956,Maize,-5.0,-1,100,20,50,100,Clay,yes,1000,100,500,Wet,Region1
957,Wheat,-5.0,5,5000,45,200,100,Clay,0,1000,2000,500,Dry,Region1
958,Wheat,-5.0,2,5000,45,200,100,Sandy,yes,1000,2000,-1000,Dry,Region1
959,Wheat,-5.0,2,10000,100,50,100,Clay,0,-500,2000,500,Dry,Region2
960,Wheat,-5.0,2,10000,45,200,10,Clay,0,1000,100,-1000,Dry,Region2
961,Wheat,1.5,2,5000,45,200,100,Clay,yes,1000,100,500,Wet,Region2
962,Maize,-5.0,5,10000,20,200,10,Clay,0,1000,2000,-1000,Dry,Region2
963,Maize,-5.0,2,10000,100,200,10,Clay,yes,-500,2000,500,Dry,Region2
964,Wheat,10.0,2,5000,20,200,10,Sandy,0,-500,2000,500,Dry,Region2
965,Rice,10.0,5,10000,20,200,100,Sandy,yes,-500,100,500,Wet,Region2
966,Maize,1.5,-1,10000,45,200,100,Sandy,1,1000,2000,500,Dry,Region1
967,Wheat,1.5,2,100,100,200,10,Sandy,yes,1000,100,-1000,Wet,Region1
968,Rice,1.5,-1,100,20,200,100,Sandy,yes,-500,100,500,Wet,Region2
969,Maize,1.5,5,100,20,50,100,Sandy,yes,1000,100,-1000,Dry,Region2
970,Maize,1.5,5,100,100,200,10,Clay,yes,1000,2000,-1000,Dry,Region2
971,Wheat,-5.0,-1,100,100,200,10,Sandy,1,-500,100,500,Dry,Region1
972,Rice,10.0,2,100,100,50,10,Sandy,1,1000,100,-1000,Dry,Region1
973,Rice,10.0,2,5000,20,200,10,Clay,1,-500,100,500,Wet,Region2
974,Rice,1.5,2,5000,45,200,10,Clay,1,1000,100,500,Dry,Region2
975,Maize,10.0,-1,100,100,50,10,Sandy,yes,1000,2000,-1000,Wet,Region1
976,Wheat,-5.0,2,100,45,50,100,Clay,1,1000,100,500,Dry,Region1
977,Maize,10.0,2,5000,100,50,10,Clay,0,1000,2000,500,Wet,Region1
978,Wheat,-5.0,5,10000,45,200,100,Clay,0,1000,2000,-1000,Dry,Region2
979,Maize,10.0,5,10000,20,200,10,Sandy,1,-500,2000,-1000,Wet,Region2
980,Maize,1.5,5,100,100,200,100,Sandy,yes,1000,100,-1000,Dry,Region2
981,Maize,-5.0,5,100,100,200,100,Sandy,0,1000,100,500,Wet,Region2
982,Maize,1.5,-1,100,100,50,100,Sandy,0,-500,2000,-1000,Dry,Region2
983,Maize,10.0,5,100,100,200,100,Clay,yes,-500,2000,-1000,Wet,Region1
984,Maize,10.0,2,10000,100,200,100,Sandy,0,-500,2000,500,Wet,Region2
985,Wheat,10.0,-1,100,20,50,100,Sandy,yes,-500,100,500,Wet,Region2
986,Rice,10.0,-1,5000,45,200,10,Sandy,0,1000,2000,500,Dry,Region1
987,Wheat,10.0,5,10000,100,50,100,Clay,yes,1000,2000,-1000,Dry,Region1
988,Rice,1.5,-1,100,20,50,10,Clay,1,-500,100,500,Dry,Region2
989,Rice,10.0,5,10000,45,200,100,Sandy,0,-500,100,500,Dry,Region2
990,Wheat,1.5,-1,5000,20,50,100,Clay,0,1000,2000,-1000,Dry,Region1
991,Rice,1.5,5,10000,45,200,100,Clay,1,1000,2000,-1000,Wet,Region2
992,Rice,-5.0,2,100,20,50,100,Sandy,1,-500,2000,500,Dry,Region2
993,Rice,10.0,2,10000,20,200,10,Sandy,yes,-500,100,-1000,Dry,Region2
994,Maize,-5.0,-1,100,45,200,100,Clay,1,-500,100,-1000,Dry,Region2
995,Rice,1.5,5,10000,20,200,100,Sandy,0,1000,100,-1000,Wet,Region2
996,Rice,-5.0,2,100,20,50,10,Sandy,yes,-500,2000,500,Wet,Region1
997,Maize,-5.0,5,10000,45,50,10,Clay,0,1000,2000,500,Wet,Region1
998,Rice,1.5,-1,5000,20,200,10,Clay,yes,-500,100,-1000,Wet,Region1
999,Maize,10.0,5,100,20,200,10,Clay,yes,-500,2000,-1000,Wet,Region2
1000,Rice,1.5,2,100,100,200,10,Sandy,1,-500,100,-1000,Dry,Region1
1001,Maize,-5.0,5,100,20,50,100,Clay,0,-500,100,500,Dry,Region2
1002,Rice,1.5,-1,100,45,200,10,Clay,0,1000,2000,500,Dry,Region2
1003,Rice,1.5,-1,5000,100,50,10,Sandy,1,-500,100,-1000,Wet,Region2
1004,Maize,-5.0,5,5000,45,50,10,Clay,yes,1000,2000,500,Dry,Region2
1005,Maize,10.0,-1,5000,100,200,10,Clay,0,1000,100,500,Wet,Region2
1006,Maize,10.0,2,100,20,200,10,Sandy,0,1000,2000,500,Dry,Region2
1007,Maize,-5.0,2,10000,100,50,10,Sandy,0,1000,2000,-1000,Wet,Region2
1008,Maize,-5.0,5,10000,100,50,10,Sandy,yes,1000,2000,-1000,Wet,Region2
1009,Rice,-5.0,-1,5000,100,50,100,Sandy,yes,-500,100,500,Wet,Region1
1010,Rice,10.0,2,5000,100,50,100,Clay,1,1000,100,500,Dry,Region2
1011,Rice,1.5,-1,5000,45,50,10,Clay,0,-500,2000,-1000,Dry,Region2
1012,Maize,-5.0,5,100,20,200,10,Sandy,1,1000,100,-1000,Wet,Region2
1013,Maize,10.0,-1,100,45,50,10,Clay,yes,1000,100,500,Wet,Region2
1014,Rice,10.0,2,10000,20,200,10,Clay,1,1000,2000,-1000,Wet,Region1
1015,Maize,10.0,-1,100,45,200,100,Sandy,1,-500,100,500,Wet,Region1
1016,Maize,10.0,-1,10000,20,50,10,Sandy,0,1000,2000,-1000,Dry,Region2
1017,Rice,-5.0,2,5000,100,50,10,Sandy,1,1000,2000,500,Wet,Region2
1018,Rice,1.5,5,5000,100,50,10,Sandy,0,-500,2000,-1000,Wet,Region2
1019,Wheat,-5.0,-1,5000,45,200,100,Sandy,0,1000,100,500,Dry,Region1
1020,Rice,1.5,2,5000,45,200,10,Sandy,0,1000,2000,-1000,Dry,Region2
1021,Rice,-5.0,-1,100,20,200,100,Clay,0,1000,2000,-1000,Wet,Region1
1022,Maize,-5.0,2,10000,45,50,100,Sandy,yes,1000,100,500,Dry,Region2
1023,Maize,10.0,-1,10000,100,200,100,Clay,yes,1000,2000,500,Wet,Region2
1024,Rice,10.0,-1,100,100,50,10,Sandy,1,-500,2000,500,Dry,Region1
1025,Rice,-5.0,-1,5000,100,50,100,Sandy,yes,1000,100,500,Dry,Region2
1026,Rice,10.0,2,100,45,200,10,Sandy,1,1000,2000,500,Wet,Region2
1027,Maize,-5.0,-1,5000,20,200,10,Sandy,0,-500,2000,500,Dry,Region2
1028,Rice,-5.0,-1,100,100,200,100,Clay,yes,1000,100,-1000,Wet,Region1
1029,Maize,10.0,2,5000,100,200,10,Clay,1,1000,100,500,Dry,Region2
1030,Wheat,1.5,5,100,20,50,100,Sandy,yes,-500,2000,-1000,Wet,Region2
1031,Maize,1.5,2,100,20,50,100,Sandy,1,-500,2000,500,Dry,Region1
1032,Wheat,-5.0,5,100,45,50,10,Sandy,0,1000,100,-1000,Wet,Region2
1033,Maize,10.0,5,100,45,50,100,Sandy,1,1000,2000,-1000,Dry,Region1
1034,Maize,10.0,-1,100,100,50,100,Sandy,yes,-500,2000,500,Dry,Region1
1035,Rice,10.0,-1,5000,20,50,10,Sandy,0,-500,100,-1000,Wet,Region2
1036,Maize,-5.0,2,5000,20,200,100,Clay,yes,-500,100,500,Wet,Region1
1037,Rice,-5.0,-1,10000,20,200,10,Sandy,yes,1000,2000,-1000,Dry,Region2
1038,Wheat,-5.0,5,5000,100,50,10,Sandy,0,-500,2000,-1000,Wet,Region1
1039,Rice,1.5,5,10000,20,50,10,Sandy,1,-500,2000,-1000,Dry,Region1
1040,Maize,10.0,5,10000,45,200,10,Sandy,0,1000,2000,500,Wet,Region1
1041,Rice,-5.0,2,100,20,50,100,Sandy,1,1000,2000,-1000,Wet,Region1
1042,Maize,1.5,-1,5000,20,50,10,Clay,yes,-500,2000,500,Wet,Region1
1043,Rice,1.5,5,100,45,50,10,Sandy,1,1000,2000,-1000,Dry,Region1
1044,Wheat,10.0,5,10000,20,200,10,Sandy,yes,-500,100,500,Wet,Region1
1045,Rice,10.0,-1,10000,100,200,100,Sandy,yes,-500,2000,500,Dry,Region2
1046,Maize,-5.0,-1,10000,100,50,10,Clay,1,-500,2000,500,Wet,Region1
1047,Rice,10.0,-1,100,20,200,100,Sandy,yes,1000,2000,-1000,Wet,Region1
1048,Maize,1.5,2,100,20,200,100,Sandy,yes,1000,2000,-1000,Wet,Region2
1049,Wheat,-5.0,-1,5000,20,200,100,Clay,0,1000,100,500,Dry,Region1
1050,Rice,-5.0,5,5000,20,50,100,Clay,yes,1000,100,-1000,Dry,Region2
1051,Rice,1.5,2,100,20,50,10,Clay,0,1000,2000,500,Dry,Region1
1052,Maize,-5.0,2,100,20,50,10,Clay,0,1000,100,500,Wet,Region1
1053,Wheat,1.5,5,10000,100,200,10,Clay,yes,-500,100,500,Dry,Region2
1054,Wheat,1.5,5,10000,20,50,10,Sandy,0,-500,2000,-1000,Dry,Region1
1055,Rice,-5.0,2,100,100,50,100,Clay,0,1000,100,-1000,Dry,Region1
1056,Rice,1.5,5,100,45,200,10,Clay,1,1000,2000,500,Wet,Region2
1057,Maize,-5.0,2,5000,20,50,10,Sandy,yes,-500,100,-1000,Dry,Region2
1058,Maize,1.5,5,100,100,200,10,Sandy,1,1000,100,500,Wet,Region2
1059,Wheat,-5.0,5,100,100,200,100,Clay,yes,1000,2000,500,Wet,Region1
1060,Wheat,1.5,2,5000,100,200,10,Sandy,0,-500,100,-1000,Wet,Region1
1061,Rice,-5.0,-1,100,20,50,100,Clay,0,1000,100,500,Dry,Region1
1062,Rice,10.0,5,100,100,200,10,Sandy,0,1000,100,-1000,Wet,Region1
1063,Rice,10.0,-1,100,20,50,10,Clay,0,-500,2000,500,Wet,Region2
1064,Rice,10.0,2,10000,45,200,100,Clay,1,-500,2000,-1000,Wet,Region1
1065,Maize,1.5,5,100,45,200,100,Clay,1,1000,2000,500,Wet,Region1
1066,Wheat,1.5,5,10000,20,50,100,Sandy,yes,-500,100,-1000,Wet,Region2
1067,Rice,1.5,-1,100,45,50,10,Clay,1,1000,2000,-1000,Dry,Region2
1068,Rice,-5.0,-1,100,20,200,100,Sandy,1,1000,2000,500,Wet,Region2
1069,Rice,1.5,5,5000,100,200,100,Clay,0,1000,2000,500,Wet,Region2
1070,Wheat,10.0,5,5000,20,200,10,Clay,yes,-500,100,500,Dry,Region2
1071,Maize,10.0,5,5000,20,200,100,Clay,1,1000,2000,500,Dry,Region2
1072,Wheat,-5.0,5,10000,45,200,100,Sandy,0,1000,2000,-1000,Dry,Region1
1073,Rice,-5.0,5,10000,100,50,10,Sandy,0,-500,100,500,Wet,Region2
1074,Rice,-5.0,2,100,45,50,10,Clay,1,1000,2000,500,Wet,Region2
1075,Maize,-5.0,5,10000,20,200,100,Sandy,yes,1000,100,-1000,Wet,Region2
1076,Wheat,10.0,5,100,45,50,100,Clay,0,1000,100,500,Wet,Region1
1077,Wheat,-5.0,2,100,20,50,100,Clay,0,-500,100,-1000,Dry,Region2
1078,Maize,-5.0,5,5000,100,50,100,Sandy,1,1000,2000,500,Wet,Region2
1079,Maize,10.0,-1,100,45,200,100,Clay,1,1000,2000,-1000,Dry,Region2
1080,Wheat,-5.0,5,5000,100,200,10,Clay,1,-500,100,500,Wet,Region2
1081,Wheat,-5.0,-1,10000,45,50,100,Clay,1,1000,2000,-1000,Wet,Region1
1082,Wheat,-5.0,-1,100,100,50,10,Clay,yes,1000,2000,-1000,Dry,Region1
1083,Maize,10.0,-1,5000,20,200,10,Clay,yes,1000,100,500,Dry,Region1
1084,Rice,-5.0,2,100,20,50,10,Sandy,1,1000,2000,500,Wet,Region2
1085,Wheat,1.5,5,100,45,50,10,Sandy,yes,1000,2000,500,Wet,Region1
1086,Rice,10.0,5,100,100,50,100,Clay,1,1000,100,500,Wet,Region1
1087,Rice,-5.0,-1,100,100,50,10,Sandy,0,-500,2000,500,Dry,Region1
1088,Maize,1.5,-1,100,45,200,100,Clay,yes,1000,2000,500,Dry,Region1
1089,Rice,-5.0,2,100,45,200,10,Clay,0,-500,100,-1000,Dry,Region2
1090,Rice,-5.0,2,100,100,50,100,Sandy,0,1000,2000,500,Wet,Region1
1091,Rice,1.5,-1,10000,20,200,10,Sandy,yes,1000,100,-1000,Dry,Region1
1092,Wheat,-5.0,2,5000,20,50,100,Sandy,yes,1000,100,500,Wet,Region1
1093,Rice,10.0,2,100,20,200,10,Clay,0,-500,100,-1000,Wet,Region1
1094,Rice,10.0,2,100,20,50,10,Sandy,1,-500,2000,500,Wet,Region1
1095,Maize,10.0,5,10000,20,200,10,Clay,yes,-500,100,500,Wet,Region1
1096,Maize,10.0,-1,5000,100,200,10,Clay,1,1000,100,-1000,Dry,Region1
1097,Maize,1.5,-1,10000,100,200,10,Sandy,0,1000,2000,500,Wet,Region2
1098,Rice,1.5,5,5000,100,50,10,Sandy,1,1000,100,-1000,Dry,Region2
1099,Rice,10.0,5,5000,20,50,100,Sandy,yes,1000,100,500,Dry,Region1
1100,Rice,-5.0,2,5000,20,200,10,Sandy,1,-500,2000,500,Dry,Region1
1101,Rice,-5.0,-1,10000,45,200,100,Clay,1,-500,2000,500,Wet,Region1
1102,Rice,1.5,-1,5000,45,50,10,Clay,0,1000,100,-1000,Dry,Region1
1103,Wheat,-5.0,2,5000,20,200,100,Sandy,1,-500,2000,500,Dry,Region2
1104,Rice,1.5,5,5000,100,200,100,Clay,1,-500,2000,500,Dry,Region2
1105,Maize,-5.0,2,10000,20,200,10,Sandy,1,1000,2000,500,Dry,Region2
1106,Rice,-5.0,-1,10000,100,50,10,Sandy,1,1000,2000,500,Dry,Region2
1107,Wheat,1.5,5,100,20,50,10,Sandy,0,1000,2000,500,Wet,Region1
1108,Maize,-5.0,2,100,20,50,100,Clay,1,-500,100,-1000,Dry,Region1
1109,Wheat,1.5,-1,100,20,200,100,Clay,1,1000,2000,500,Dry,Region1
1110,Maize,-5.0,5,5000,100,50,100,Clay,1,-500,100,-1000,Wet,Region2
1111,Wheat,10.0,5,10000,100,200,10,Sandy,1,1000,100,-1000,Dry,Region1
1112,Wheat,-5.0,5,10000,100,50,10,Sandy,0,-500,2000,500,Dry,Region1
1113,Rice,10.0,5,10000,100,50,100,Sandy,0,1000,100,500,Wet,Region2
1114,Maize,10.0,-1,100,45,50,100,Clay,yes,1000,2000,-1000,Dry,Region2
1115,Maize,-5.0,5,5000,20,50,10,Clay,0,-500,2000,-1000,Dry,Region2
1116,Wheat,10.0,-1,5000,45,200,10,Clay,yes,-500,2000,-1000,Wet,Region2
1117,Rice,-5.0,-1,100,100,50,10,Sandy,yes,-500,100,-1000,Wet,Region2
1118,Rice,10.0,2,10000,100,200,10,Sandy,1,1000,2000,-1000,Wet,Region2
1119,Maize,1.5,2,5000,100,50,10,Sandy,1,1000,2000,500,Dry,Region1
1120,Rice,10.0,-1,5000,45,200,100,Sandy,0,-500,100,-1000,Dry,Region1
1121,Maize,1.5,5,5000,20,200,10,Clay,yes,-500,2000,500,Wet,Region2
1122,Wheat,10.0,2,10000,45,200,100,Sandy,yes,-500,100,-1000,Dry,Region2
1123,Wheat,1.5,-1,10000,20,50,100,Sandy,1,-500,2000,500,Dry,Region2
1124,Rice,1.5,2,5000,20,50,10,Clay,1,1000,100,-1000,Wet,Region2
1125,Rice,1.5,5,100,100,50,100,Sandy,yes,1000,100,500,Wet,Region1
1126,Maize,10.0,5,10000,45,200,100,Sandy,0,1000,100,-1000,Dry,Region1
1127,Wheat,1.5,5,100,45,50,10,Clay,yes,-500,2000,-1000,Wet,Region1
1128,Wheat,-5.0,-1,5000,45,50,10,Clay,1,1000,2000,500,Wet,Region1
1129,Wheat,-5.0,2,100,100,200,10,Sandy,yes,1000,2000,500,Wet,Region2
1130,Maize,-5.0,-1,100,100,200,10,Clay,0,1000,2000,-1000,Dry,Region1
1131,Wheat,10.0,5,100,100,50,10,Sandy,1,-500,2000,500,Dry,Region1
1132,Wheat,-5.0,-1,10000,45,200,10,Clay,yes,-500,2000,500,Dry,Region1
1133,Maize,-5.0,-1,5000,45,200,100,Sandy,0,-500,2000,-1000,Dry,Region1
1134,Wheat,-5.0,2,10000,45,50,10,Clay,0,-500,100,500,Wet,Region2
1135,Maize,-5.0,5,100,45,200,100,Sandy,1,-500,100,500,Wet,Region2
1136,Wheat,10.0,-1,100,45,50,10,Clay,1,1000,100,-1000,Dry,Region2
1137,Rice,1.5,-1,5000,20,200,10,Sandy,1,1000,100,-1000,Wet,Region2
1138,Maize,10.0,5,100,20,200,10,Clay,0,-500,100,-1000,Wet,Region2
1139,Wheat,10.0,-1,5000,45,50,100,Sandy,0,1000,2000,-1000,Wet,Region1
1140,Rice,1.5,5,5000,20,200,10,Sandy,1,-500,100,-1000,Wet,Region2
1141,Rice,1.5,5,100,20,200,10,Clay,1,1000,100,-1000,Dry,Region2
1142,Rice,10.0,2,10000,100,50,100,Clay,yes,-500,2000,500,Dry,Region2
1143,Rice,10.0,2,100,100,200,100,Sandy,0,-500,100,-1000,Wet,Region2
1144,Rice,1.5,2,5000,45,50,10,Clay,yes,-500,2000,500,Dry,Region1
1145,Rice,10.0,2,10000,20,200,10,Sandy,yes,-500,100,-1000,Dry,Region1
1146,Maize,1.5,5,5000,100,200,10,Sandy,yes,1000,100,-1000,Wet,Region2
1147,Rice,-5.0,5,100,45,200,100,Clay,0,1000,100,-1000,Dry,Region2
1148,Wheat,-5.0,2,10000,100,200,100,Clay,yes,1000,100,-1000,Wet,Region1
1149,Maize,-5.0,5,10000,20,200,10,Clay,yes,-500,100,500,Wet,Region2
1150,Maize,-5.0,-1,10000,20,200,10,Clay,1,1000,100,500,Dry,Region2
1151,Maize,10.0,2,10000,100,200,100,Clay,0,1000,100,-1000,Dry,Region2
1152,Wheat,1.5,2,100,45,200,100,Sandy,yes,-500,2000,500,Wet,Region2
1153,Rice,10.0,-1,100,100,50,10,Sandy,0,1000,100,-1000,Wet,Region1
1154,Wheat,1.5,5,100,100,200,10,Sandy,yes,-500,2000,-1000,Dry,Region2
1155,Maize,10.0,-1,100,45,50,100,Sandy,yes,1000,100,500,Wet,Region1
1156,Maize,-5.0,2,5000,45,200,10,Clay,yes,-500,2000,-1000,Dry,Region1
1157,Maize,10.0,5,10000,100,50,100,Sandy,0,-500,2000,-1000,Dry,Region1
1158,Wheat,-5.0,-1,100,20,200,100,Sandy,yes,1000,100,-1000,Dry,Region1
1159,Rice,1.5,-1,5000,20,50,100,Clay,0,-500,2000,-1000,Wet,Region2
1160,Wheat,1.5,5,100,45,50,100,Clay,yes,1000,2000,-1000,Dry,Region2
1161,Wheat,1.5,2,100,100,50,10,Sandy,1,1000,2000,500,Dry,Region1
1162,Wheat,10.0,5,10000,20,200,10,Sandy,0,-500,100,-1000,Wet,Region2
1163,Maize,10.0,2,5000,100,200,100,Clay,1,-500,2000,-1000,Dry,Region1
1164,Wheat,1.5,5,100,45,50,100,Clay,1,-500,100,-1000,Wet,Region1
1165,Wheat,10.0,2,10000,100,50,10,Sandy,0,-500,2000,500,Dry,Region1
1166,Maize,1.5,2,5000,100,50,10,Sandy,yes,1000,2000,500,Dry,Region1
1167,Rice,10.0,-1,10000,20,200,100,Clay,0,1000,100,-1000,Dry,Region1
1168,Rice,-5.0,2,10000,20,200,100,Sandy,yes,-500,100,500,Wet,Region2
1169,Rice,1.5,-1,100,100,50,10,Clay,yes,1000,2000,-1000,Dry,Region2
1170,Wheat,1.5,5,5000,45,200,100,Sandy,yes,1000,100,500,Dry,Region1
1171,Maize,10.0,-1,10000,20,50,100,Sandy,1,-500,2000,500,Dry,Region2
1172,Rice,10.0,-1,100,45,200,100,Clay,0,-500,2000,500,Dry,Region1
1173,Wheat,-5.0,2,5000,20,50,10,Sandy,yes,1000,100,500,Dry,Region2
1174,Wheat,-5.0,5,5000,100,200,100,Sandy,1,-500,2000,500,Dry,Region1
1175,Rice,10.0,5,5000,20,50,10,Clay,0,-500,100,500,Wet,Region1
1176,Wheat,10.0,2,100,100,200,10,Sandy,yes,-500,100,-1000,Wet,Region2
1177,Maize,-5.0,5,10000,100,200,10,Sandy,1,-500,2000,-1000,Dry,Region1
1178,Maize,-5.0,5,100,20,50,10,Sandy,0,1000,2000,500,Wet,Region1
1179,Wheat,10.0,5,5000,20,50,10,Sandy,0,1000,2000,500,Dry,Region1
1180,Wheat,10.0,5,10000,20,50,10,Sandy,1,1000,2000,-1000,Dry,Region2
1181,Rice,1.5,2,5000,100,50,10,Sandy,1,1000,100,-1000,Dry,Region2
1182,Rice,10.0,-1,10000,20,50,10,Sandy,0,1000,2000,-1000,Dry,Region1
1183,Rice,1.5,5,5000,20,50,100,Sandy,1,1000,100,500,Wet,Region1
1184,Rice,1.5,-1,5000,20,200,100,Sandy,yes,1000,100,-1000,Dry,Region1
1185,Maize,1.5,-1,5000,20,200,100,Sandy,1,1000,2000,500,Wet,Region2
1186,Wheat,10.0,-1,5000,100,50,10,Clay,yes,-500,2000,-1000,Dry,Region2
1187,Maize,10.0,5,100,45,200,10,Sandy,1,-500,100,-1000,Wet,Region1
1188,Maize,1.5,5,10000,45,200,100,Sandy,0,1000,100,500,Wet,Region1
1189,Maize,1.5,5,5000,100,50,100,Sandy,yes,-500,2000,500,Dry,Region2
1190,Wheat,1.5,-1,100,100,200,100,Sandy,0,-500,2000,500,Dry,Region2
1191,Rice,10.0,5,5000,20,50,10,Sandy,yes,1000,2000,500,Wet,Region1
1192,Maize,1.5,5,10000,100,50,10,Clay,1,-500,100,-1000,Wet,Region2
1193,Rice,-5.0,-1,5000,100,50,10,Clay,1,1000,100,-1000,Dry,Region2
1194,Rice,1.5,2,10000,20,50,100,Sandy,yes,-500,100,500,Dry,Region1
1195,Wheat,-5.0,5,10000,100,50,100,Sandy,0,1000,2000,-1000,Dry,Region2
1196,Maize,1.5,2,5000,45,50,100,Sandy,yes,1000,100,500,Wet,Region1
1197,Wheat,1.5,2,5000,45,50,10,Sandy,0,1000,2000,500,Dry,Region1
1198,Wheat,-5.0,-1,10000,45,200,10,Clay,1,1000,100,500,Wet,Region1
1199,Rice,10.0,-1,5000,100,200,10,Sandy,1,1000,100,500,Dry,Region2
1200,Maize,10.0,-1,5000,45,200,10,Sandy,0,-500,2000,-1000,Dry,Region1
1201,Wheat,1.5,-1,5000,45,200,10,Clay,yes,-500,100,-1000,Wet,Region2
1202,Rice,10.0,-1,5000,20,200,10,Clay,1,1000,100,500,Dry,Region1
1203,Wheat,-5.0,-1,100,100,50,10,Clay,1,1000,2000,-1000,Wet,Region1
1204,Rice,-5.0,-1,5000,20,200,100,Clay,yes,1000,100,-1000,Wet,Region2
1205,Maize,-5.0,2,10000,100,50,100,Clay,1,-500,100,-1000,Wet,Region1
1206,Maize,10.0,5,10000,100,200,100,Sandy,0,1000,100,-1000,Wet,Region1
1207,Wheat,-5.0,-1,5000,45,50,10,Sandy,yes,-500,2000,-1000,Dry,Region2
1208,Wheat,10.0,-1,5000,20,200,100,Clay,1,-500,2000,500,Wet,Region1
1209,Wheat,1.5,2,100,45,200,100,Sandy,0,-500,100,-1000,Wet,Region1
1210,Rice,-5.0,2,5000,45,50,10,Sandy,0,-500,100,500,Dry,Region2
1211,Rice,-5.0,2,10000,20,200,100,Sandy,0,-500,2000,-1000,Dry,Region2
1212,Rice,1.5,-1,10000,45,50,100,Clay,0,-500,2000,500,Dry,Region2
1213,Maize,-5.0,5,100,100,200,100,Sandy,1,1000,2000,500,Dry,Region1
1214,Rice,1.5,2,10000,20,200,100,Clay,0,1000,2000,-1000,Wet,Region1
1215,Wheat,-5.0,-1,10000,20,200,10,Sandy,yes,1000,100,500,Dry,Region1
1216,Rice,-5.0,2,10000,45,50,10,Clay,1,-500,100,500,Wet,Region1
1217,Wheat,10.0,5,100,100,50,100,Sandy,1,1000,2000,500,Wet,Region1
1218,Wheat,-5.0,5,5000,20,50,100,Clay,1,-500,100,-1000,Wet,Region1
1219,Rice,-5.0,5,5000,45,200,100,Clay,1,-500,2000,-1000,Wet,Region2
1220,Wheat,1.5,2,100,45,200,10,Sandy,1,-500,100,-1000,Dry,Region2
1221,Rice,1.5,2,100,100,50,10,Clay,0,-500,100,500,Dry,Region1
1222,Rice,10.0,-1,10000,100,50,100,Clay,1,1000,2000,500,Dry,Region2
1223,Rice,1.5,5,100,20,200,10,Sandy,0,-500,2000,500,Wet,Region1
1224,Rice,1.5,2,100,100,200,10,Sandy,0,1000,100,-1000,Wet,Region2
1225,Maize,-5.0,2,10000,45,50,10,Sandy,0,-500,100,500,Dry,Region1
1226,Maize,10.0,-1,5000,100,50,100,Sandy,0,-500,2000,500,Dry,Region1
1227,Wheat,10.0,2,10000,45,200,10,Clay,yes,1000,2000,-1000,Dry,Region1
1228,Rice,-5.0,5,10000,45,200,100,Sandy,0,1000,2000,500,Dry,Region2
1229,Maize,1.5,5,100,100,50,10,Clay,0,1000,100,500,Dry,Region1
1230,Maize,1.5,5,10000,100,200,10,Sandy,1,1000,2000,-1000,Wet,Region2
1231,Maize,10.0,-1,5000,100,50,100,Sandy,yes,1000,100,-1000,Wet,Region1
1232,Wheat,10.0,2,5000,45,200,10,Clay,0,-500,100,-1000,Wet,Region2
1233,Maize,-5.0,2,5000,100,50,100,Clay,0,1000,100,500,Dry,Region1
1234,Maize,-5.0,2,100,100,50,10,Sandy,1,-500,2000,-1000,Dry,Region1
1235,Maize,1.5,2,5000,100,200,100,Sandy,1,1000,2000,500,Dry,Region2
1236,Rice,-5.0,5,10000,100,50,100,Clay,0,-500,100,-1000,Dry,Region1
1237,Wheat,1.5,5,10000,45,200,10,Sandy,0,-500,100,500,Dry,Region2
1238,Maize,1.5,-1,5000,100,200,100,Clay,0,-500,100,-1000,Dry,Region2
1239,Wheat,1.5,2,100,45,200,100,Clay,0,1000,100,-1000,Wet,Region2
1240,Rice,1.5,-1,10000,45,200,100,Sandy,1,1000,100,-1000,Dry,Region1
1241,Maize,1.5,2,5000,100,50,10,Clay,yes,-500,2000,500,Dry,Region2
1242,Rice,1.5,-1,5000,45,200,10,Sandy,1,-500,100,-1000,Wet,Region1
1243,Rice,10.0,2,5000,45,50,100,Clay,1,-500,100,500,Dry,Region2
1244,Rice,1.5,-1,5000,20,50,10,Clay,yes,1000,2000,500,Wet,Region1
1245,Rice,-5.0,5,5000,100,50,10,Sandy,yes,1000,100,500,Wet,Region1
1246,Maize,10.0,5,5000,20,50,100,Sandy,0,-500,100,-1000,Wet,Region1
1247,Wheat,10.0,5,5000,100,50,100,Clay,1,-500,100,-1000,Wet,Region2
1248,Maize,1.5,2,100,45,50,10,Clay,yes,-500,100,-1000,Wet,Region1
1249,Wheat,-5.0,2,10000,20,200,100,Sandy,yes,-500,2000,500,Wet,Region2
1250,Maize,1.5,2,5000,20,200,100,Clay,0,1000,100,500,Dry,Region1
1251,Maize,-5.0,-1,5000,20,50,100,Clay,1,-500,2000,-1000,Dry,Region1
1252,Wheat,-5.0,5,5000,20,200,10,Clay,0,-500,100,-1000,Wet,Region1
1253,Wheat,-5.0,5,10000,45,200,100,Sandy,0,1000,100,-1000,Dry,Region1
1254,Wheat,10.0,-1,5000,45,200,10,Clay,1,1000,100,-1000,Dry,Region2
1255,Maize,-5.0,2,100,100,50,100,Sandy,yes,-500,2000,-1000,Wet,Region2
1256,Wheat,1.5,2,100,45,50,10,Sandy,yes,-500,2000,-1000,Wet,Region1
1257,Wheat,-5.0,-1,100,100,200,100,Clay,0,1000,2000,-1000,Dry,Region2
1258,Maize,-5.0,2,5000,100,50,10,Clay,yes,-500,100,500,Dry,Region2
1259,Maize,-5.0,-1,100,20,50,100,Sandy,0,1000,100,500,Wet,Region2
1260,Wheat,1.5,2,5000,20,200,10,Sandy,0,1000,2000,500,Dry,Region2
1261,Wheat,10.0,2,5000,100,200,10,Sandy,0,-500,100,500,Dry,Region1
1262,Rice,-5.0,5,100,20,200,100,Sandy,yes,-500,100,500,Dry,Region1
1263,Wheat,10.0,2,100,20,200,10,Sandy,0,-500,100,500,Wet,Region2
1264,Maize,-5.0,5,100,45,50,100,Sandy,yes,-500,2000,-1000,Dry,Region1
1265,Rice,1.5,2,10000,45,200,10,Clay,0,1000,100,500,Wet,Region1
1266,Rice,10.0,-1,5000,20,200,100,Clay,0,-500,2000,-1000,Wet,Region1
1267,Rice,1.5,5,100,100,50,10,Sandy,1,-500,2000,-1000,Wet,Region1
1268,Wheat,1.5,2,10000,100,200,100,Clay,1,1000,2000,-1000,Wet,Region2
1269,Rice,1.5,5,5000,20,50,100,Sandy,1,1000,100,-1000,Wet,Region2
1270,Maize,-5.0,5,10000,20,200,100,Sandy,yes,1000,100,500,Wet,Region1
1271,Rice,-5.0,-1,100,20,50,100,Clay,1,-500,100,-1000,Dry,Region2
1272,Wheat,10.0,2,5000,45,200,10,Sandy,1,1000,2000,500,Dry,Region1
1273,Wheat,-5.0,2,100,45,200,100,Clay,0,1000,2000,500,Dry,Region1
1274,Maize,10.0,2,10000,100,200,100,Sandy,1,-500,100,500,Wet,Region1
1275,Rice,10.0,-1,100,45,50,100,Clay,1,1000,100,-1000,Wet,Region2
1276,Rice,1.5,-1,100,45,200,10,Clay,yes,1000,2000,500,Dry,Region2
1277,Maize,1.5,2,10000,20,50,10,Sandy,yes,1000,2000,500,Wet,Region1
1278,Wheat,1.5,5,100,20,50,10,Clay,1,-500,2000,-1000,Dry,Region2
1279,Rice,1.5,2,100,100,200,10,Clay,0,1000,2000,-1000,Dry,Region1
1280,Rice,-5.0,5,5000,20,50,10,Sandy,yes,1000,2000,-1000,Dry,Region2
1281,Maize,1.5,2,5000,100,50,100,Sandy,0,-500,2000,-1000,Wet,Region2
1282,Maize,10.0,-1,5000,45,50,100,Sandy,yes,1000,100,-1000,Wet,Region2
1283,Wheat,-5.0,5,5000,20,50,10,Clay,yes,-500,2000,-1000,Wet,Region2
1284,Maize,1.5,5,10000,100,200,100,Clay,0,-500,2000,500,Dry,Region1
1285,Wheat,1.5,-1,5000,100,50,100,Sandy,0,1000,2000,-1000,Dry,Region2
1286,Rice,-5.0,-1,5000,20,50,100,Clay,yes,1000,2000,500,Wet,Region1
1287,Rice,1.5,-1,5000,45,50,10,Clay,0,-500,100,-1000,Dry,Region2
1288,Wheat,10.0,-1,10000,45,200,10,Clay,yes,-500,100,-1000,Wet,Region2
1289,Maize,10.0,5,100,20,50,10,Sandy,yes,-500,2000,-1000,Wet,Region1
1290,Rice,1.5,-1,10000,45,200,100,Clay,1,1000,2000,500,Dry,Region2
1291,Wheat,1.5,-1,5000,100,200,100,Clay,yes,1000,2000,-1000,Wet,Region2
1292,Wheat,1.5,2,5000,20,50,10,Clay,yes,-500,2000,-1000,Dry,Region1
1293,Wheat,1.5,2,10000,20,200,10,Clay,yes,1000,2000,500,Wet,Region2
1294,Maize,10.0,5,10000,45,50,10,Sandy,yes,-500,100,-1000,Wet,Region2
1295,Rice,1.5,2,5000,20,50,10,Sandy,yes,1000,100,-1000,Wet,Region1
1296,Wheat,10.0,5,10000,45,50,100,Sandy,yes,-500,100,-1000,Wet,Region1
1297,Wheat,-5.0,2,10000,20,200,10,Clay,0,1000,2000,-1000,Dry,Region1
1298,Rice,1.5,5,100,45,50,10,Clay,1,1000,100,-1000,Wet,Region2
1299,Rice,1.5,-1,10000,45,200,100,Sandy,1,-500,2000,-1000,Wet,Region1
1300,Maize,-5.0,5,10000,20,50,10,Clay,0,1000,100,500,Wet,Region1
1301,Maize,1.5,5,10000,100,50,10,Clay,1,1000,100,-1000,Dry,Region1
1302,Rice,1.5,2,5000,100,50,10,Clay,yes,1000,100,500,Wet,Region1
1303,Maize,-5.0,-1,5000,20,50,100,Clay,yes,1000,2000,-1000,Wet,Region2
1304,Maize,1.5,5,100,100,50,100,Sandy,0,-500,2000,500,Dry,Region1
1305,Wheat,10.0,-1,100,20,50,100,Sandy,0,-500,2000,-1000,Dry,Region1
1306,Rice,10.0,-1,5000,100,50,100,Sandy,0,1000,100,-1000,Wet,Region2
1307,Rice,-5.0,5,10000,100,200,10,Clay,yes,1000,100,500,Wet,Region2
1308,Maize,1.5,2,5000,45,50,100,Clay,1,1000,2000,500,Wet,Region1
1309,Rice,-5.0,-1,100,20,50,10,Clay,0,-500,100,500,Dry,Region2
1310,Rice,10.0,-1,5000,100,50,100,Clay,0,-500,100,-1000,Wet,Region1
1311,Rice,10.0,5,100,45,50,10,Clay,1,-500,100,-1000,Wet,Region2
1312,Maize,-5.0,-1,100,45,200,100,Sandy,yes,1000,100,500,Wet,Region1
1313,Wheat,1.5,-1,10000,45,200,10,Sandy,1,1000,2000,-1000,Dry,Region2
1314,Wheat,-5.0,2,10000,100,200,10,Clay,0,-500,2000,-1000,Dry,Region2
1315,Rice,-5.0,2,100,20,50,10,Sandy,yes,1000,2000,500,Dry,Region1
1316,Maize,10.0,-1,5000,20,50,10,Sandy,1,-500,100,500,Wet,Region2
1317,Rice,-5.0,5,10000,45,200,100,Clay,yes,1000,2000,-1000,Wet,Region2
1318,Maize,-5.0,-1,100,20,200,10,Sandy,yes,-500,100,500,Dry,Region1
1319,Wheat,-5.0,2,5000,20,50,100,Sandy,1,1000,2000,500,Wet,Region2
1320,Maize,-5.0,5,10000,100,50,10,Clay,yes,1000,100,500,Dry,Region1
1321,Wheat,1.5,2,100,20,200,10,Clay,1,-500,100,500,Wet,Region1
1322,Maize,10.0,-1,100,45,200,10,Clay,yes,-500,2000,500,Wet,Region2
1323,Wheat,1.5,5,5000,20,50,100,Clay,yes,-500,100,-1000,Dry,Region2
1324,Wheat,10.0,5,5000,20,200,10,Clay,1,1000,2000,-1000,Dry,Region2
1325,Maize,-5.0,-1,100,45,200,10,Clay,0,1000,2000,500,Wet,Region2
1326,Rice,1.5,-1,100,45,50,100,Sandy,1,-500,100,-1000,Wet,Region2
1327,Rice,10.0,5,10000,20,50,10,Sandy,yes,-500,100,-1000,Dry,Region1
1328,Wheat,1.5,5,10000,45,50,10,Clay,0,-500,2000,500,Wet,Region2
1329,Rice,1.5,5,100,45,200,10,Clay,1,1000,2000,500,Wet,Region1
1330,Wheat,-5.0,2,5000,45,50,10,Sandy,1,-500,100,-1000,Dry,Region1
1331,Wheat,10.0,5,100,100,200,100,Clay,yes,-500,100,500,Dry,Region1
1332,Rice,1.5,5,10000,100,200,10,Clay,yes,1000,100,500,Wet,Region2
1333,Rice,10.0,2,10000,100,50,100,Sandy,1,-500,2000,-1000,Dry,Region2
1334,Wheat,10.0,5,5000,100,200,10,Clay,yes,-500,100,500,Wet,Region2
1335,Wheat,-5.0,-1,100,20,50,10,Sandy,yes,-500,100,-1000,Wet,Region2
1336,Maize,-5.0,5,10000,100,200,10,Clay,yes,1000,100,-1000,Wet,Region2
1337,Maize,1.5,5,100,100,50,10,Sandy,yes,-500,2000,500,Dry,Region1
1338,Maize,1.5,-1,100,45,50,100,Clay,1,1000,2000,-1000,Dry,Region1
1339,Wheat,10.0,5,100,20,200,100,Sandy,1,-500,2000,500,Wet,Region1
1340,Maize,10.0,2,10000,100,200,10,Clay,yes,-500,2000,500,Dry,Region1
1341,Maize,10.0,2,5000,45,50,100,Sandy,0,-500,100,-1000,Dry,Region2
1342,Rice,-5.0,2,100,20,200,100,Clay,yes,-500,2000,500,Dry,Region1
1343,Wheat,-5.0,5,100,20,50,100,Sandy,yes,1000,100,-1000,Dry,Region2
1344,Wheat,1.5,2,10000,100,200,100,Clay,0,1000,100,-1000,Dry,Region1
1345,Wheat,10.0,-1,5000,45,50,100,Clay,1,1000,2000,500,Wet,Region1
1346,Wheat,1.5,5,100,45,200,100,Sandy,yes,1000,100,500,Dry,Region1
1347,Rice,-5.0,5,10000,45,50,10,Sandy,0,-500,2000,500,Dry,Region1
1348,Wheat,-5.0,5,5000,100,50,10,Clay,yes,1000,2000,-1000,Wet,Region1
1349,Wheat,-5.0,5,100,100,200,10,Clay,yes,-500,100,500,Dry,Region1
1350,Maize,10.0,-1,5000,100,200,10,Clay,1,-500,2000,-1000,Dry,Region2
1351,Wheat,1.5,2,5000,45,50,10,Clay,0,-500,100,500,Dry,Region1
1352,Maize,-5.0,2,5000,45,200,10,Clay,yes,1000,2000,-1000,Wet,Region1
1353,Maize,10.0,2,5000,45,50,10,Clay,0,-500,2000,500,Dry,Region2
1354,Rice,-5.0,-1,5000,45,200,10,Clay,yes,-500,2000,-1000,Dry,Region2
1355,Rice,-5.0,2,5000,45,50,10,Sandy,0,1000,2000,-1000,Wet,Region1
1356,Maize,-5.0,-1,5000,45,200,10,Clay,yes,1000,100,500,Wet,Region2
1357,Maize,-5.0,2,5000,45,200,100,Clay,1,1000,2000,500,Dry,Region1
1358,Wheat,10.0,-1,100,45,50,10,Sandy,0,-500,100,-1000,Wet,Region2
1359,Rice,10.0,2,100,45,200,10,Sandy,yes,-500,100,-1000,Dry,Region2
1360,Maize,-5.0,5,10000,100,200,10,Clay,1,-500,2000,500,Dry,Region2
1361,Maize,10.0,-1,5000,45,50,100,Sandy,yes,-500,2000,-1000,Wet,Region1
1362,Rice,1.5,-1,10000,45,200,100,Clay,0,-500,100,500,Dry,Region1
1363,Wheat,10.0,5,5000,20,50,10,Clay,0,-500,2000,500,Dry,Region1
1364,Wheat,10.0,-1,100,100,200,10,Clay,yes,-500,2000,-1000,Wet,Region2
1365,Maize,-5.0,-1,10000,100,50,10,Clay,yes,1000,2000,-1000,Dry,Region1
1366,Rice,10.0,2,5000,100,200,10,Clay,1,1000,100,-1000,Wet,Region2
1367,Rice,1.5,-1,100,45,200,100,Sandy,1,-500,100,500,Wet,Region2
1368,Rice,10.0,2,100,45,200,100,Clay,yes,1000,2000,-1000,Dry,Region1
1369,Rice,-5.0,5,5000,100,200,10,Sandy,0,-500,100,-1000,Dry,Region2
1370,Wheat,1.5,5,5000,20,50,100,Clay,1,-500,2000,500,Wet,Region2
1371,Rice,1.5,2,10000,20,200,10,Clay,0,-500,100,-1000,Wet,Region1
1372,Maize,10.0,5,100,100,50,100,Sandy,yes,-500,100,500,Dry,Region1
1373,Wheat,1.5,2,100,45,200,10,Sandy,yes,-500,100,-1000,Wet,Region1
1374,Rice,1.5,2,5000,100,200,10,Sandy,0,-500,2000,-1000,Wet,Region2
1375,Wheat,1.5,2,5000,45,200,10,Clay,yes,1000,100,500,Dry,Region1
1376,Rice,10.0,5,100,20,200,100,Clay,1,-500,100,500,Wet,Region1
1377,Rice,1.5,-1,10000,100,200,100,Clay,yes,1000,2000,-1000,Wet,Region2
1378,Wheat,-5.0,-1,10000,20,50,100,Sandy,1,1000,2000,500,Dry,Region2
1379,Rice,10.0,-1,100,20,50,10,Sandy,yes,1000,2000,500,Dry,Region2
1380,Rice,-5.0,5,10000,45,50,10,Sandy,0,1000,2000,500,Wet,Region2
1381,Maize,-5.0,-1,10000,45,200,10,Sandy,0,1000,100,500,Dry,Region1
1382,Wheat,10.0,5,100,20,50,10,Clay,0,-500,100,500,Wet,Region1
1383,Rice,10.0,5,10000,45,200,10,Clay,yes,1000,100,-1000,Wet,Region1
1384,Maize,1.5,2,100,100,50,100,Sandy,0,-500,2000,500,Dry,Region1
1385,Wheat,10.0,-1,5000,45,50,100,Sandy,yes,-500,2000,-1000,Wet,Region2
1386,Maize,10.0,5,10000,45,200,10,Sandy,1,1000,2000,-1000,Dry,Region2
1387,Maize,-5.0,-1,10000,100,50,10,Clay,0,-500,100,500,Dry,Region2
1388,Maize,-5.0,-1,100,20,50,100,Clay,yes,-500,100,500,Dry,Region1
1389,Maize,-5.0,5,100,20,50,100,Sandy,1,-500,2000,500,Dry,Region1
1390,Wheat,10.0,-1,100,45,50,10,Clay,yes,-500,2000,-1000,Dry,Region2
1391,Wheat,1.5,5,10000,45,50,10,Clay,yes,1000,2000,-1000,Wet,Region2
1392,Maize,1.5,-1,10000,100,200,10,Clay,yes,1000,100,500,Wet,Region1
1393,Maize,10.0,2,100,45,50,10,Sandy,yes,-500,2000,500,Dry,Region2
1394,Wheat,-5.0,5,10000,20,200,10,Sandy,1,1000,2000,500,Dry,Region2
1395,Rice,10.0,-1,100,45,50,100,Sandy,yes,1000,100,500,Dry,Region2
1396,Maize,-5.0,2,100,45,200,10,Clay,0,-500,100,-1000,Dry,Region2
1397,Wheat,-5.0,-1,10000,100,200,100,Sandy,0,-500,100,500,Wet,Region1
1398,Rice,10.0,2,5000,45,50,10,Clay,0,1000,100,500,Wet,Region1
1399,Rice,1.5,5,10000,45,200,100,Clay,0,1000,2000,500,Wet,Region1
1400,Rice,10.0,-1,100,20,200,10,Sandy,1,-500,2000,-1000,Dry,Region1
1401,Maize,1.5,5,100,45,50,10,Sandy,1,1000,100,-1000,Dry,Region2
1402,Rice,-5.0,2,5000,100,50,10,Sandy,0,-500,2000,500,Dry,Region1
1403,Wheat,1.5,5,5000,45,50,100,Sandy,0,-500,100,500,Wet,Region1
1404,Rice,-5.0,2,5000,20,50,10,Sandy,0,1000,2000,500,Wet,Region2
1405,Wheat,1.5,-1,10000,100,200,10,Sandy,1,-500,100,-1000,Wet,Region2
1406,Wheat,1.5,2,10000,20,200,10,Sandy,0,-500,2000,500,Dry,Region1
1407,Rice,-5.0,-1,5000,45,200,10,Sandy,yes,1000,100,500,Dry,Region2
1408,Maize,-5.0,5,5000,45,200,10,Clay,1,-500,100,500,Dry,Region2
1409,Wheat,10.0,-1,100,20,50,100,Sandy,0,-500,100,-1000,Wet,Region1
1410,Maize,10.0,5,5000,45,50,100,Sandy,1,1000,2000,-1000,Wet,Region1
1411,Rice,10.0,2,100,20,200,100,Sandy,0,-500,2000,-1000,Dry,Region2
1412,Maize,10.0,-1,100,20,200,100,Sandy,0,1000,100,-1000,Dry,Region2
1413,Maize,1.5,5,10000,100,50,100,Sandy,1,1000,2000,500,Dry,Region1
1414,Rice,10.0,2,100,20,50,100,Sandy,yes,1000,100,500,Wet,Region2
1415,Maize,-5.0,2,100,20,50,10,Clay,yes,-500,100,500,Wet,Region1
1416,Maize,10.0,2,10000,20,50,100,Clay,1,-500,100,500,Wet,Region1
1417,Maize,10.0,-1,5000,20,200,10,Sandy,0,1000,100,-1000,Wet,Region1
1418,Wheat,1.5,2,100,45,50,10,Clay,yes,1000,100,-1000,Dry,Region1
1419,Maize,-5.0,-1,10000,20,200,10,Sandy,yes,-500,100,-1000,Wet,Region2
1420,Maize,-5.0,2,5000,20,200,10,Sandy,yes,-500,100,-1000,Wet,Region1
1421,Maize,10.0,2,10000,45,200,100,Clay,yes,1000,2000,-1000,Wet,Region1
1422,Maize,10.0,-1,10000,45,200,100,Sandy,1,-500,100,-1000,Wet,Region1
1423,Wheat,-5.0,-1,100,45,200,10,Clay,0,-500,2000,-1000,Wet,Region1
1424,Rice,1.5,-1,10000,100,50,100,Clay,yes,-500,100,500,Dry,Region1
1425,Maize,-5.0,-1,10000,20,50,10,Sandy,1,-500,100,-1000,Wet,Region1
1426,Wheat,-5.0,2,10000,20,200,10,Sandy,yes,-500,100,500,Wet,Region1
1427,Rice,1.5,-1,10000,100,200,100,Clay,1,1000,100,500,Dry,Region2
1428,Maize,1.5,-1,10000,100,200,100,Clay,1,1000,100,-1000,Wet,Region2
1429,Wheat,10.0,2,100,100,50,100,Sandy,yes,-500,2000,-1000,Dry,Region1
1430,Rice,10.0,2,5000,45,200,100,Sandy,0,1000,100,-1000,Wet,Region1
1431,Wheat,-5.0,5,100,100,200,10,Clay,0,-500,100,500,Wet,Region1
1432,Wheat,1.5,-1,5000,20,50,100,Clay,1,1000,2000,500,Dry,Region1
1433,Rice,1.5,2,100,20,50,10,Clay,1,-500,100,500,Dry,Region1
1434,Wheat,10.0,-1,100,45,200,100,Clay,0,-500,2000,-1000,Wet,Region2
1435,Maize,1.5,5,10000,100,200,10,Sandy,yes,1000,100,500,Dry,Region1
1436,Maize,-5.0,-1,100,100,200,10,Sandy,1,1000,100,500,Wet,Region1
1437,Rice,10.0,5,5000,20,50,100,Sandy,yes,-500,2000,-1000,Dry,Region1
1438,Rice,1.5,2,100,20,50,10,Clay,1,-500,2000,500,Wet,Region2
1439,Rice,1.5,2,10000,45,200,10,Clay,1,-500,2000,-1000,Dry,Region1
1440,Wheat,1.5,2,5000,100,50,10,Clay,yes,-500,100,500,Dry,Region1
1441,Rice,10.0,2,5000,20,200,100,Sandy,yes,-500,100,500,Dry,Region1
1442,Maize,10.0,5,5000,45,200,10,Sandy,0,1000,100,-1000,Wet,Region1
1443,Rice,-5.0,2,10000,20,200,10,Clay,0,-500,2000,-1000,Dry,Region2
1444,Maize,10.0,2,10000,100,50,100,Clay,1,-500,100,-1000,Dry,Region1
1445,Rice,-5.0,2,10000,100,50,10,Clay,1,-500,2000,500,Dry,Region2
1446,Maize,-5.0,-1,10000,20,50,100,Sandy,0,1000,100,-1000,Wet,Region2
1447,Maize,10.0,2,5000,45,200,10,Clay,yes,-500,100,-1000,Wet,Region2
1448,Maize,10.0,2,5000,45,200,10,Sandy,yes,1000,100,-1000,Dry,Region1
1449,Wheat,10.0,-1,100,45,200,100,Clay,1,-500,100,500,Wet,Region2
1450,Rice,1.5,-1,10000,100,200,10,Clay,0,1000,100,-1000,Wet,Region2
1451,Wheat,-5.0,-1,10000,45,200,100,Sandy,1,1000,2000,-1000,Dry,Region2
1452,Rice,-5.0,-1,100,20,50,10,Sandy,0,1000,2000,500,Wet,Region2
1453,Rice,1.5,2,5000,20,200,100,Sandy,1,-500,100,-1000,Wet,Region2
1454,Maize,-5.0,5,5000,45,50,100,Sandy,0,1000,100,-1000,Dry,Region1
1455,Wheat,1.5,2,100,20,50,10,Sandy,1,-500,2000,500,Wet,Region2
1456,Rice,10.0,-1,10000,45,200,100,Clay,1,1000,100,-1000,Wet,Region2
1457,Rice,-5.0,2,5000,100,200,100,Clay,1,1000,100,-1000,Dry,Region2
1458,Rice,-5.0,2,5000,100,200,100,Sandy,1,-500,2000,500,Dry,Region2
1459,Wheat,-5.0,2,100,45,50,100,Clay,1,1000,100,-1000,Dry,Region2
1460,Maize,1.5,-1,10000,45,200,100,Clay,yes,1000,2000,500,Wet,Region1
1461,Wheat,10.0,2,5000,45,200,100,Clay,1,1000,2000,500,Dry,Region1
1462,Rice,1.5,2,5000,20,200,10,Sandy,1,1000,100,500,Wet,Region2
1463,Rice,-5.0,5,5000,45,50,10,Clay,1,-500,2000,500,Dry,Region1
1464,Maize,-5.0,5,100,20,200,100,Clay,0,-500,2000,500,Dry,Region1
1465,Rice,-5.0,-1,100,100,50,100,Sandy,0,-500,2000,-1000,Wet,Region2
1466,Maize,-5.0,2,10000,45,50,100,Clay,1,-500,100,-1000,Dry,Region2
1467,Rice,1.5,-1,5000,100,50,100,Clay,yes,1000,100,-1000,Wet,Region2
1468,Rice,-5.0,2,5000,100,50,10,Clay,1,-500,2000,500,Wet,Region2
1469,Maize,-5.0,-1,100,100,50,10,Sandy,yes,-500,2000,500,Wet,Region2
1470,Maize,1.5,-1,5000,20,50,100,Sandy,0,-500,100,500,Wet,Region1
1471,Rice,10.0,5,100,100,50,100,Sandy,yes,-500,2000,-1000,Wet,Region1
1472,Rice,10.0,-1,100,45,200,100,Sandy,0,1000,100,-1000,Wet,Region2
1473,Rice,1.5,5,100,20,200,100,Clay,yes,1000,2000,500,Dry,Region1
1474,Maize,1.5,-1,5000,20,50,100,Sandy,yes,-500,2000,-1000,Wet,Region2
1475,Rice,1.5,5,5000,45,200,100,Clay,yes,-500,2000,-1000,Wet,Region2
1476,Wheat,1.5,2,5000,100,200,100,Sandy,0,1000,2000,500,Wet,Region2
1477,Wheat,1.5,2,10000,100,200,100,Clay,1,1000,2000,-1000,Dry,Region2
1478,Wheat,1.5,2,100,100,200,100,Clay,0,-500,2000,-1000,Dry,Region1
1479,Wheat,1.5,5,5000,100,50,10,Sandy,0,1000,100,-1000,Wet,Region2
1480,Rice,1.5,2,5000,45,200,10,Clay,0,-500,100,-1000,Wet,Region2
1481,Wheat,-5.0,5,10000,100,50,100,Clay,0,1000,100,-1000,Dry,Region2
1482,Wheat,1.5,5,10000,45,200,100,Clay,0,-500,2000,500,Wet,Region2
1483,Maize,-5.0,-1,100,100,50,10,Clay,1,-500,100,500,Wet,Region2
1484,Maize,10.0,2,5000,100,50,10,Sandy,0,-500,100,-1000,Dry,Region1
1485,Maize,10.0,2,100,20,50,100,Sandy,1,1000,2000,-1000,Wet,Region1
1486,Maize,1.5,-1,100,45,200,100,Sandy,1,1000,100,500,Dry,Region2
1487,Wheat,-5.0,-1,5000,45,200,100,Sandy,1,-500,100,500,Wet,Region2
1488,Maize,-5.0,-1,5000,100,50,10,Clay,0,1000,2000,500,Wet,Region1
1489,Rice,10.0,-1,100,45,200,100,Sandy,0,-500,2000,-1000,Wet,Region1
1490,Maize,1.5,5,5000,100,50,10,Clay,0,-500,2000,-1000,Dry,Region1
1491,Wheat,1.5,2,5000,20,200,10,Clay,0,-500,2000,500,Dry,Region1
1492,Rice,-5.0,5,100,20,200,10,Sandy,1,-500,2000,500,Dry,Region2
1493,Wheat,10.0,5,100,100,50,100,Sandy,1,-500,2000,-1000,Wet,Region2
1494,Wheat,1.5,5,10000,20,200,10,Sandy,1,1000,100,500,Dry,Region1
1495,Wheat,-5.0,5,5000,20,50,100,Sandy,1,-500,2000,-1000,Wet,Region2
1496,Wheat,1.5,-1,100,20,200,100,Clay,yes,1000,100,-1000,Dry,Region1
1497,Wheat,1.5,-1,10000,20,50,10,Clay,yes,-500,100,500,Wet,Region2
1498,Maize,1.5,2,100,20,200,10,Sandy,0,-500,100,500,Wet,Region1
1499,Wheat,10.0,5,100,100,50,10,Sandy,yes,1000,2000,-1000,Dry,Region1
1500,Rice,1.5,-1,100,20,50,100,Sandy,1,1000,100,500,Dry,Region1
1501,Wheat,10.0,5,100,20,50,100,Clay,yes,1000,2000,500,Wet,Region1
1502,Rice,1.5,-1,10000,45,50,10,Sandy,1,-500,2000,-1000,Wet,Region1
1503,Wheat,-5.0,5,100,45,200,100,Sandy,0,-500,2000,-1000,Dry,Region1
1504,Rice,10.0,-1,5000,20,50,10,Clay,yes,-500,2000,500,Dry,Region1
1505,Maize,-5.0,-1,10000,20,200,100,Sandy,yes,1000,100,-1000,Dry,Region1
1506,Rice,1.5,5,5000,45,200,10,Sandy,0,-500,2000,500,Dry,Region2
1507,Wheat,10.0,-1,5000,100,200,10,Sandy,1,-500,2000,500,Wet,Region1
1508,Maize,1.5,2,100,20,50,100,Sandy,0,1000,2000,-1000,Dry,Region2
1509,Rice,1.5,5,100,100,200,100,Sandy,1,1000,100,500,Wet,Region1
1510,Maize,10.0,2,5000,45,50,10,Clay,0,1000,2000,-1000,Wet,Region1
1511,Maize,10.0,2,10000,100,200,100,Sandy,1,1000,2000,-1000,Dry,Region1
1512,Maize,-5.0,2,100,45,200,10,Clay,1,1000,2000,500,Dry,Region2
1513,Rice,-5.0,2,100,20,50,10,Clay,1,-500,100,-1000,Dry,Region1
1514,Rice,1.5,2,10000,45,200,100,Sandy,0,-500,100,500,Dry,Region1
1515,Wheat,-5.0,5,10000,20,50,10,Sandy,0,1000,100,-1000,Wet,Region2
1516,Rice,-5.0,-1,100,45,200,100,Sandy,1,1000,2000,500,Wet,Region1
1517,Rice,10.0,5,10000,20,50,100,Clay,0,1000,2000,-1000,Dry,Region1
1518,Wheat,10.0,2,100,100,50,100,Clay,yes,1000,100,500,Dry,Region2
1519,Maize,-5.0,5,5000,45,200,10,Clay,0,1000,2000,500,Wet,Region1
1520,Rice,-5.0,-1,100,45,200,10,Clay,0,-500,100,500,Dry,Region2
1521,Maize,-5.0,5,100,20,200,100,Sandy,0,-500,100,500,Dry,Region2
1522,Wheat,-5.0,5,10000,100,50,10,Sandy,0,1000,100,-1000,Dry,Region1
1523,Maize,10.0,5,5000,100,200,100,Clay,1,1000,100,500,Dry,Region1
1524,Maize,-5.0,-1,10000,20,50,100,Clay,0,-500,100,500,Dry,Region2
1525,Wheat,10.0,5,10000,100,50,10,Clay,0,-500,2000,-1000,Wet,Region2
1526,Wheat,10.0,-1,100,45,200,100,Clay,0,-500,100,-1000,Dry,Region2
1527,Maize,1.5,-1,5000,100,50,100,Sandy,1,-500,2000,-1000,Wet,Region2
1528,Rice,1.5,-1,100,45,200,10,Sandy,1,-500,100,500,Wet,Region2
1529,Wheat,10.0,-1,100,20,50,100,Sandy,0,-500,2000,-1000,Dry,Region2
1530,Rice,-5.0,-1,5000,100,50,10,Clay,1,-500,100,-1000,Wet,Region1
1531,Wheat,-5.0,5,5000,20,200,10,Sandy,1,1000,100,500,Wet,Region1
1532,Wheat,-5.0,2,10000,100,50,10,Clay,1,1000,2000,-1000,Wet,Region1
1533,Maize,10.0,-1,10000,20,50,10,Sandy,0,1000,100,-1000,Wet,Region1
1534,Wheat,1.5,5,100,100,200,100,Sandy,0,1000,100,-1000,Dry,Region1
1535,Wheat,-5.0,-1,10000,45,50,10,Sandy,1,1000,2000,-1000,Wet,Region1
1536,Rice,10.0,5,5000,45,50,10,Sandy,0,1000,100,-1000,Wet,Region2
1537,Maize,1.5,5,5000,100,50,10,Clay,1,1000,2000,-1000,Wet,Region2
1538,Rice,1.5,5,10000,100,50,10,Sandy,0,1000,100,500,Wet,Region2
1539,Wheat,10.0,2,100,100,200,10,Clay,1,-500,100,500,Dry,Region1
1540,Maize,-5.0,-1,10000,100,200,10,Sandy,1,1000,2000,-1000,Wet,Region2
1541,Rice,1.5,-1,100,45,50,100,Sandy,1,-500,2000,-1000,Wet,Region2
1542,Wheat,10.0,5,10000,100,50,100,Clay,0,1000,2000,500,Dry,Region2
1543,Maize,10.0,5,10000,100,200,100,Clay,yes,1000,2000,-1000,Wet,Region2
1544,Wheat,10.0,2,10000,100,50,10,Clay,0,-500,2000,500,Wet,Region2
1545,Maize,-5.0,5,100,100,50,10,Sandy,yes,-500,2000,500,Wet,Region2
1546,Rice,1.5,5,100,45,200,10,Sandy,0,-500,2000,-1000,Dry,Region2
1547,Maize,10.0,5,10000,20,50,10,Clay,1,1000,2000,500,Dry,Region1
1548,Maize,10.0,-1,5000,45,50,10,Sandy,yes,1000,2000,-1000,Wet,Region2
1549,Rice,10.0,5,5000,20,200,10,Sandy,1,-500,100,500,Wet,Region2
1550,Rice,-5.0,5,100,20,50,100,Sandy,0,-500,2000,-1000,Wet,Region2
1551,Rice,10.0,-1,5000,45,50,10,Clay,0,-500,2000,500,Dry,Region1
1552,Maize,1.5,-1,10000,20,200,100,Sandy,1,-500,100,-1000,Dry,Region2
1553,Maize,10.0,2,10000,100,200,10,Sandy,yes,-500,100,-1000,Wet,Region2
1554,Rice,10.0,-1,100,100,200,100,Sandy,0,1000,2000,-1000,Wet,Region1
1555,Rice,-5.0,-1,10000,100,200,100,Sandy,0,-500,100,-1000,Wet,Region2
1556,Rice,10.0,-1,5000,20,200,10,Sandy,0,1000,2000,500,Wet,Region2
1557,Maize,1.5,5,100,20,200,10,Sandy,0,1000,2000,-1000,Dry,Region1
1558,Wheat,10.0,5,10000,100,200,100,Sandy,1,-500,2000,500,Wet,Region1
1559,Rice,-5.0,-1,100,20,200,10,Clay,1,-500,2000,-1000,Dry,Region1
1560,Rice,10.0,2,100,45,200,10,Sandy,1,-500,100,-1000,Wet,Region1
1561,Maize,10.0,5,100,45,200,10,Sandy,0,-500,2000,-1000,Wet,Region2
1562,Rice,10.0,2,100,100,50,100,Clay,1,1000,100,500,Dry,Region2
1563,Wheat,-5.0,2,10000,45,200,100,Sandy,yes,1000,2000,-1000,Dry,Region2
1564,Rice,10.0,-1,5000,45,200,100,Clay,1,1000,2000,500,Wet,Region2
1565,Maize,-5.0,5,5000,100,200,10,Sandy,0,-500,100,-1000,Wet,Region2
1566,Rice,-5.0,-1,10000,100,200,10,Clay,0,-500,100,500,Dry,Region1
1567,Rice,10.0,2,5000,20,50,100,Sandy,yes,1000,2000,500,Wet,Region2
1568,Maize,10.0,-1,10000,20,200,100,Clay,yes,-500,100,-1000,Dry,Region2
1569,Maize,10.0,5,5000,45,50,100,Clay,yes,1000,2000,500,Wet,Region1
1570,Wheat,-5.0,5,5000,20,200,100,Clay,1,1000,100,500,Dry,Region1
1571,Wheat,10.0,2,10000,20,200,100,Clay,yes,-500,100,500,Wet,Region2
1572,Wheat,1.5,5,100,20,50,100,Clay,0,1000,2000,500,Wet,Region2
1573,Wheat,10.0,5,10000,45,200,10,Clay,0,-500,2000,-1000,Wet,Region1
1574,Rice,-5.0,2,10000,20,200,10,Clay,0,-500,100,500,Wet,Region1
1575,Wheat,10.0,5,5000,20,200,10,Clay,yes,1000,2000,500,Dry,Region1
1576,Rice,10.0,-1,100,45,200,100,Clay,0,-500,100,500,Wet,Region1
1577,Maize,-5.0,-1,100,45,200,100,Clay,0,-500,100,500,Dry,Region2
1578,Wheat,-5.0,5,10000,45,50,100,Sandy,0,-500,100,500,Dry,Region1
1579,Wheat,10.0,2,10000,100,50,10,Clay,yes,1000,100,500,Dry,Region1
1580,Rice,-5.0,-1,10000,100,200,10,Sandy,1,-500,100,500,Wet,Region1
1581,Rice,-5.0,2,5000,100,200,100,Sandy,1,-500,100,-1000,Wet,Region2
1582,Rice,1.5,5,5000,20,50,100,Clay,0,1000,2000,-1000,Wet,Region1
1583,Maize,-5.0,5,10000,20,200,100,Clay,yes,-500,2000,-1000,Dry,Region1
1584,Maize,-5.0,-1,5000,100,200,10,Sandy,yes,1000,2000,-1000,Dry,Region1
1585,Rice,10.0,5,5000,45,50,10,Sandy,yes,1000,100,500,Wet,Region2
1586,Maize,10.0,-1,10000,45,200,100,Clay,0,1000,100,-1000,Wet,Region2
1587,Rice,10.0,-1,5000,100,50,100,Clay,1,1000,2000,-1000,Wet,Region1
1588,Rice,10.0,-1,10000,100,200,100,Sandy,yes,1000,2000,500,Dry,Region1
1589,Wheat,1.5,5,100,100,200,100,Clay,1,-500,100,-1000,Wet,Region1
1590,Wheat,1.5,2,10000,20,50,100,Sandy,1,-500,2000,-1000,Wet,Region1
1591,Wheat,1.5,5,10000,45,200,10,Sandy,1,1000,100,500,Dry,Region1
1592,Rice,-5.0,2,5000,100,200,10,Sandy,1,-500,2000,-1000,Dry,Region2
1593,Maize,10.0,2,100,20,50,10,Clay,0,1000,2000,500,Dry,Region1
1594,Wheat,-5.0,-1,100,100,50,100,Sandy,1,1000,2000,500,Wet,Region2
1595,Maize,1.5,-1,100,20,50,10,Clay,0,-500,2000,500,Dry,Region2
1596,Rice,10.0,5,100,45,50,100,Clay,yes,-500,2000,-1000,Dry,Region1
1597,Wheat,10.0,5,5000,100,200,100,Clay,0,-500,2000,-1000,Wet,Region2
1598,Rice,10.0,5,10000,20,50,100,Clay,0,-500,2000,-1000,Wet,Region1
1599,Maize,1.5,5,10000,45,50,10,Sandy,1,1000,2000,500,Dry,Region2
1600,Rice,-5.0,-1,5000,100,50,100,Clay,yes,1000,2000,500,Dry,Region1
1601,Maize,10.0,-1,10000,45,200,10,Sandy,0,1000,100,500,Wet,Region2
1602,Rice,-5.0,-1,100,20,200,10,Sandy,0,1000,2000,500,Dry,Region1
1603,Rice,10.0,-1,100,100,50,10,Sandy,1,-500,100,-1000,Dry,Region1
1604,Wheat,10.0,2,100,45,50,10,Sandy,0,-500,100,-1000,Dry,Region1
1605,Wheat,1.5,2,10000,20,200,100,Sandy,0,-500,2000,500,Dry,Region2
1606,Rice,1.5,2,100,45,200,10,Clay,1,-500,2000,500,Dry,Region2
1607,Rice,1.5,2,10000,45,200,10,Clay,0,1000,100,-1000,Wet,Region2
1608,Maize,-5.0,2,5000,45,50,100,Clay,yes,-500,100,-1000,Dry,Region1
1609,Rice,1.5,2,10000,45,50,100,Clay,0,1000,2000,-1000,Dry,Region1
1610,Wheat,10.0,-1,5000,45,200,100,Clay,yes,1000,2000,-1000,Dry,Region1
1611,Maize,-5.0,-1,5000,45,200,10,Clay,0,1000,100,-1000,Dry,Region2
1612,Wheat,1.5,2,5000,100,50,10,Clay,1,1000,100,-1000,Dry,Region2
1613,Wheat,-5.0,2,5000,20,50,100,Sandy,0,-500,100,-1000,Dry,Region2
1614,Rice,10.0,2,10000,45,50,100,Sandy,yes,1000,100,-1000,Dry,Region2
1615,Maize,10.0,5,100,20,50,100,Sandy,yes,1000,100,-1000,Wet,Region1
1616,Maize,10.0,5,100,45,200,10,Sandy,yes,-500,2000,500,Dry,Region2
1617,Maize,1.5,2,5000,20,200,10,Sandy,1,1000,2000,500,Wet,Region2
1618,Maize,1.5,2,5000,20,200,10,Sandy,0,1000,100,-1000,Dry,Region1
1619,Maize,10.0,5,10000,100,200,10,Sandy,1,1000,100,500,Wet,Region1
1620,Rice,1.5,5,10000,20,50,10,Clay,yes,1000,2000,500,Wet,Region2
1621,Maize,10.0,-1,10000,20,200,10,Sandy,0,-500,100,500,Dry,Region1
1622,Maize,-5.0,5,5000,20,50,100,Clay,0,-500,100,-1000,Wet,Region2
1623,Rice,1.5,5,10000,100,200,100,Sandy,yes,-500,2000,-1000,Dry,Region1
1624,Wheat,10.0,2,100,45,50,100,Sandy,1,1000,2000,500,Dry,Region1
1625,Maize,-5.0,2,5000,20,200,100,Clay,0,1000,100,500,Dry,Region1
1626,Wheat,1.5,2,10000,20,200,100,Clay,0,-500,2000,500,Dry,Region2
1627,Maize,10.0,-1,100,45,200,10,Clay,yes,-500,100,-1000,Wet,Region2
1628,Wheat,10.0,2,10000,20,200,100,Clay,yes,-500,100,-1000,Wet,Region1
1629,Maize,10.0,-1,100,45,200,100,Sandy,yes,-500,100,-1000,Dry,Region2
1630,Wheat,10.0,5,5000,100,200,10,Clay,yes,1000,2000,-1000,Dry,Region2
1631,Maize,-5.0,2,100,45,50,100,Sandy,yes,1000,2000,500,Wet,Region2
1632,Rice,-5.0,5,100,100,200,10,Sandy,1,-500,2000,500,Wet,Region2
1633,Maize,10.0,2,100,45,50,100,Clay,1,-500,100,500,Dry,Region1
1634,Wheat,1.5,2,10000,20,200,100,Sandy,yes,1000,100,-1000,Wet,Region2
1635,Maize,10.0,-1,5000,20,200,10,Clay,0,-500,2000,-1000,Wet,Region2
1636,Maize,10.0,-1,10000,100,50,100,Sandy,1,1000,100,500,Wet,Region1
1637,Wheat,1.5,2,100,20,200,10,Clay,1,1000,100,500,Dry,Region1
1638,Maize,-5.0,5,100,45,200,10,Sandy,yes,-500,2000,500,Dry,Region1
1639,Rice,-5.0,2,10000,20,200,10,Sandy,1,1000,2000,500,Dry,Region2
1640,Rice,-5.0,5,5000,20,200,100,Sandy,0,1000,100,-1000,Wet,Region2
1641,Rice,-5.0,2,10000,45,50,10,Clay,1,1000,2000,-1000,Dry,Region2
1642,Rice,10.0,5,10000,20,50,100,Sandy,0,1000,100,-1000,Dry,Region2
1643,Maize,1.5,2,100,45,200,10,Clay,1,-500,2000,-1000,Wet,Region1
1644,Wheat,10.0,-1,100,20,50,100,Sandy,yes,1000,2000,500,Dry,Region1
1645,Maize,-5.0,5,100,100,200,100,Sandy,yes,1000,100,500,Wet,Region2
1646,Maize,1.5,5,5000,20,200,100,Sandy,0,-500,100,-1000,Dry,Region2
1647,Maize,1.5,-1,10000,100,50,10,Sandy,0,-500,2000,-1000,Wet,Region1
1648,Rice,10.0,-1,10000,45,200,100,Sandy,0,-500,2000,500,Wet,Region1
1649,Wheat,-5.0,2,5000,100,200,100,Clay,yes,1000,100,500,Dry,Region1
1650,Wheat,10.0,2,100,100,200,100,Sandy,0,-500,100,-1000,Wet,Region2
1651,Maize,-5.0,-1,5000,20,200,10,Clay,yes,1000,100,-1000,Dry,Region1
1652,Wheat,-5.0,2,10000,20,50,100,Sandy,1,-500,2000,-1000,Dry,Region1
1653,Wheat,1.5,2,5000,45,50,100,Clay,1,-500,2000,-1000,Wet,Region2
1654,Wheat,1.5,2,10000,100,50,100,Sandy,1,1000,2000,500,Dry,Region2
1655,Maize,1.5,2,10000,100,50,10,Sandy,0,1000,100,-1000,Dry,Region2
1656,Rice,-5.0,-1,100,45,50,100,Clay,0,1000,2000,500,Wet,Region1
1657,Wheat,10.0,-1,10000,45,200,10,Sandy,0,1000,100,-1000,Dry,Region1
1658,Maize,-5.0,2,10000,20,200,100,Sandy,yes,1000,100,500,Wet,Region1
1659,Rice,-5.0,-1,10000,100,200,100,Sandy,0,-500,2000,500,Wet,Region1
1660,Maize,10.0,-1,5000,45,50,100,Clay,yes,1000,100,500,Wet,Region2
1661,Rice,-5.0,5,10000,45,200,100,Sandy,1,1000,2000,500,Wet,Region1
1662,Maize,10.0,2,5000,100,200,10,Clay,yes,1000,100,500,Wet,Region2
1663,Wheat,1.5,5,10000,100,50,10,Sandy,1,-500,100,-1000,Wet,Region1
1664,Rice,-5.0,2,5000,20,200,100,Clay,1,-500,2000,-1000,Dry,Region2
1665,Wheat,10.0,-1,100,20,50,100,Clay,0,-500,2000,500,Wet,Region2
1666,Wheat,-5.0,-1,5000,100,50,10,Sandy,1,1000,2000,500,Dry,Region1
1667,Rice,10.0,2,5000,45,50,100,Clay,0,1000,100,-1000,Dry,Region1
1668,Maize,1.5,2,10000,20,50,10,Clay,yes,1000,2000,500,Dry,Region1
1669,Maize,1.5,2,100,20,200,10,Clay,0,1000,100,500,Wet,Region1
1670,Wheat,-5.0,2,10000,45,50,10,Clay,0,-500,100,500,Dry,Region2
1671,Maize,1.5,2,10000,20,50,10,Clay,0,1000,100,500,Wet,Region2
1672,Wheat,-5.0,-1,5000,45,50,100,Clay,1,-500,100,-1000,Wet,Region1
1673,Rice,1.5,-1,5000,20,200,10,Sandy,0,1000,2000,500,Dry,Region2
1674,Wheat,1.5,5,100,100,50,100,Clay,1,1000,2000,500,Wet,Region2
1675,Wheat,-5.0,-1,5000,20,200,100,Clay,yes,1000,2000,-1000,Wet,Region2
1676,Rice,10.0,2,10000,45,50,100,Clay,yes,-500,2000,-1000,Dry,Region1
1677,Rice,10.0,2,5000,45,50,100,Sandy,0,-500,2000,500,Wet,Region1
1678,Wheat,1.5,2,10000,100,200,10,Clay,yes,1000,100,500,Dry,Region2
1679,Rice,10.0,-1,5000,100,50,100,Sandy,0,-500,2000,-1000,Wet,Region2
1680,Maize,-5.0,-1,10000,20,200,100,Clay,1,1000,2000,500,Dry,Region1
1681,Wheat,-5.0,5,100,20,50,10,Sandy,yes,-500,2000,500,Dry,Region1
1682,Maize,10.0,2,10000,100,200,100,Sandy,yes,1000,2000,-1000,Dry,Region1
1683,Rice,10.0,5,100,20,50,10,Clay,yes,-500,100,500,Wet,Region2
1684,Wheat,10.0,2,5000,45,50,100,Clay,0,-500,100,-1000,Wet,Region1
1685,Maize,10.0,2,5000,100,200,100,Sandy,0,-500,2000,500,Wet,Region2
1686,Maize,1.5,-1,5000,45,50,10,Clay,0,1000,100,-1000,Wet,Region2
1687,Wheat,1.5,5,5000,100,50,10,Sandy,1,-500,2000,500,Dry,Region2
1688,Maize,10.0,-1,5000,20,200,10,Clay,yes,-500,100,-1000,Wet,Region1
1689,Wheat,10.0,5,5000,45,50,100,Sandy,0,1000,2000,500,Wet,Region1
1690,Wheat,10.0,5,100,20,200,10,Sandy,yes,-500,100,500,Wet,Region2
1691,Maize,10.0,-1,100,100,50,10,Sandy,1,1000,100,500,Dry,Region1
1692,Wheat,1.5,-1,10000,100,200,100,Sandy,0,1000,100,-1000,Wet,Region1
1693,Maize,10.0,5,10000,45,200,10,Sandy,yes,1000,2000,-1000,Wet,Region2
1694,Rice,1.5,-1,5000,20,50,100,Clay,0,-500,2000,-1000,Wet,Region1
1695,Maize,10.0,2,10000,45,50,100,Sandy,0,1000,100,500,Dry,Region2
1696,Maize,1.5,5,10000,45,200,100,Sandy,yes,1000,2000,500,Wet,Region2
1697,Wheat,-5.0,5,5000,100,200,100,Sandy,1,-500,2000,-1000,Dry,Region2
1698,Maize,1.5,-1,5000,45,50,10,Sandy,1,1000,2000,-1000,Wet,Region2
1699,Rice,-5.0,2,5000,100,50,10,Sandy,1,-500,2000,-1000,Wet,Region2
1700,Rice,10.0,-1,100,20,200,100,Clay,0,1000,2000,-1000,Wet,Region1
1701,Wheat,1.5,2,100,100,50,100,Sandy,0,1000,2000,-1000,Wet,Region1
1702,Wheat,10.0,5,5000,100,50,10,Clay,0,-500,100,500,Dry,Region1
1703,Rice,-5.0,-1,10000,20,50,10,Clay,1,1000,100,500,Wet,Region1
1704,Maize,1.5,2,5000,45,200,10,Sandy,yes,-500,2000,500,Wet,Region2
1705,Wheat,-5.0,5,5000,45,50,10,Clay,yes,-500,2000,500,Dry,Region1
1706,Rice,1.5,5,5000,20,200,10,Sandy,1,-500,100,500,Wet,Region1
1707,Maize,1.5,2,10000,45,50,10,Sandy,yes,-500,100,-1000,Wet,Region2
1708,Wheat,10.0,2,5000,20,200,100,Clay,1,-500,100,500,Wet,Region1
1709,Wheat,1.5,5,10000,100,200,100,Sandy,yes,-500,2000,500,Wet,Region1
1710,Rice,10.0,-1,10000,20,200,10,Sandy,yes,1000,2000,500,Wet,Region2
1711,Wheat,1.5,-1,10000,45,50,100,Clay,1,1000,2000,-1000,Wet,Region2
1712,Wheat,1.5,-1,100,45,50,10,Sandy,0,-500,2000,500,Dry,Region1
1713,Maize,1.5,-1,100,45,200,10,Clay,yes,1000,100,-1000,Wet,Region1
1714,Maize,10.0,-1,100,20,50,10,Clay,0,-500,2000,500,Dry,Region2
1715,Wheat,-5.0,5,10000,20,200,100,Clay,yes,1000,2000,-1000,Dry,Region1
1716,Maize,10.0,5,5000,100,50,100,Clay,0,-500,100,500,Dry,Region1
1717,Wheat,10.0,5,100,20,50,10,Clay,yes,-500,2000,500,Dry,Region2
1718,Maize,-5.0,5,100,100,50,100,Clay,0,-500,2000,500,Dry,Region1
1719,Wheat,-5.0,5,10000,100,50,100,Clay,yes,1000,2000,-1000,Wet,Region2
1720,Maize,-5.0,2,5000,20,200,100,Clay,yes,-500,2000,500,Dry,Region1
1721,Maize,1.5,5,10000,20,50,100,Clay,1,1000,100,-1000,Dry,Region1
1722,Maize,1.5,-1,5000,100,200,100,Clay,1,-500,2000,-1000,Wet,Region2
1723,Rice,-5.0,2,100,20,50,100,Sandy,0,-500,100,500,Dry,Region1
1724,Maize,-5.0,5,5000,20,50,100,Sandy,0,1000,100,-1000,Wet,Region1
1725,Maize,1.5,5,100,45,50,100,Sandy,1,1000,2000,-1000,Dry,Region1
1726,Wheat,1.5,2,100,20,50,100,Sandy,yes,1000,2000,500,Dry,Region1
1727,Wheat,-5.0,2,5000,100,50,100,Sandy,yes,-500,2000,500,Dry,Region2
1728,Wheat,-5.0,5,10000,100,200,10,Clay,1,1000,100,-1000,Dry,Region2
1729,Maize,-5.0,5,5000,20,50,100,Sandy,0,1000,100,500,Dry,Region1
1730,Rice,-5.0,5,10000,45,200,10,Clay,0,1000,2000,500,Dry,Region2
1731,Maize,10.0,5,5000,45,200,100,Clay,0,-500,100,-1000,Wet,Region1
1732,Rice,10.0,5,100,20,200,100,Sandy,0,1000,100,-1000,Dry,Region1
1733,Wheat,10.0,2,5000,100,200,100,Clay,yes,-500,2000,500,Dry,Region2
1734,Wheat,1.5,5,5000,100,200,10,Clay,0,1000,2000,-1000,Wet,Region2
1735,Maize,1.5,-1,10000,100,50,10,Clay,0,1000,2000,500,Wet,Region2
1736,Maize,-5.0,5,5000,45,200,100,Sandy,0,-500,100,-1000,Dry,Region2
1737,Wheat,1.5,2,100,20,200,100,Sandy,1,-500,100,500,Wet,Region2
1738,Maize,10.0,2,10000,100,50,10,Clay,yes,1000,2000,500,Dry,Region2
1739,Maize,1.5,2,5000,100,200,100,Clay,0,1000,2000,-1000,Wet,Region2
1740,Rice,-5.0,5,5000,20,50,10,Clay,1,1000,2000,-1000,Wet,Region2
1741,Wheat,-5.0,-1,10000,45,50,100,Clay,0,-500,100,500,Dry,Region2
1742,Wheat,-5.0,5,10000,20,200,10,Sandy,0,1000,2000,-1000,Wet,Region2
1743,Wheat,1.5,-1,10000,100,50,100,Clay,0,-500,100,-1000,Dry,Region2
1744,Wheat,10.0,2,10000,45,50,100,Sandy,1,1000,2000,500,Dry,Region2
1745,Rice,10.0,-1,10000,45,50,100,Clay,1,1000,2000,500,Dry,Region2
1746,Maize,1.5,5,100,100,50,10,Sandy,0,1000,100,500,Dry,Region2
1747,Rice,-5.0,2,5000,100,200,10,Clay,0,1000,100,500,Wet,Region1
1748,Rice,-5.0,-1,5000,20,200,10,Clay,yes,-500,2000,-1000,Wet,Region1
1749,Rice,-5.0,-1,10000,100,50,100,Sandy,0,-500,2000,500,Dry,Region1
1750,Maize,10.0,2,10000,20,200,100,Clay,yes,-500,100,500,Dry,Region2
1751,Wheat,-5.0,-1,100,45,200,10,Clay,yes,1000,2000,-1000,Wet,Region2
1752,Rice,10.0,2,10000,45,200,10,Sandy,yes,1000,100,500,Dry,Region2
1753,Maize,10.0,2,100,45,50,100,Sandy,yes,1000,2000,-1000,Wet,Region2
1754,Rice,10.0,5,5000,100,200,100,Sandy,yes,-500,100,500,Wet,Region2
1755,Rice,10.0,-1,100,20,50,10,Sandy,yes,1000,100,-1000,Wet,Region2
1756,Rice,1.5,-1,100,20,200,10,Clay,yes,1000,100,500,Dry,Region2
1757,Wheat,10.0,2,10000,45,200,10,Sandy,1,1000,2000,500,Wet,Region1
1758,Rice,-5.0,-1,5000,20,50,100,Sandy,yes,1000,2000,-1000,Dry,Region1
1759,Rice,10.0,2,5000,20,50,100,Sandy,yes,1000,100,500,Dry,Region1
1760,Rice,-5.0,-1,100,100,200,100,Sandy,0,-500,2000,500,Dry,Region1
1761,Wheat,1.5,2,100,45,50,100,Clay,1,-500,100,500,Dry,Region2
1762,Wheat,10.0,5,10000,45,200,100,Sandy,1,-500,2000,-1000,Wet,Region1
1763,Rice,1.5,-1,10000,100,50,10,Clay,1,1000,2000,500,Wet,Region2
1764,Rice,10.0,2,10000,100,50,10,Sandy,1,-500,2000,-1000,Wet,Region1
1765,Maize,-5.0,2,10000,100,50,100,Sandy,yes,-500,2000,500,Wet,Region2
1766,Wheat,-5.0,-1,10000,100,200,100,Clay,0,1000,2000,500,Wet,Region1
1767,Rice,1.5,5,5000,45,50,100,Sandy,1,-500,100,-1000,Dry,Region2
1768,Maize,10.0,-1,100,100,200,10,Sandy,yes,-500,2000,500,Dry,Region2
1769,Wheat,1.5,-1,100,100,50,100,Sandy,1,-500,2000,-1000,Wet,Region1
1770,Rice,10.0,2,5000,20,50,100,Clay,yes,-500,2000,500,Wet,Region2
1771,Maize,-5.0,2,5000,100,50,100,Clay,0,1000,100,-1000,Dry,Region1
1772,Rice,1.5,5,100,45,50,100,Sandy,1,1000,100,500,Dry,Region2
1773,Rice,10.0,-1,10000,20,50,10,Clay,yes,1000,100,-1000,Dry,Region1
1774,Rice,1.5,-1,100,20,200,10,Sandy,0,1000,2000,-1000,Wet,Region1
1775,Wheat,10.0,5,5000,45,50,100,Sandy,0,-500,2000,-1000,Wet,Region2
1776,Wheat,10.0,-1,100,100,200,100,Clay,1,-500,2000,500,Wet,Region1
1777,Maize,-5.0,-1,100,20,200,100,Clay,0,1000,2000,-1000,Wet,Region2
1778,Wheat,-5.0,5,5000,100,50,100,Sandy,yes,-500,2000,-1000,Dry,Region2
1779,Maize,10.0,5,5000,45,50,100,Clay,yes,-500,100,-1000,Wet,Region2
1780,Maize,-5.0,5,10000,100,200,100,Sandy,0,1000,2000,-1000,Dry,Region1
1781,Wheat,1.5,-1,5000,100,50,100,Sandy,yes,1000,100,-1000,Wet,Region1
1782,Wheat,10.0,2,10000,100,200,100,Clay,0,1000,2000,-1000,Dry,Region1
1783,Maize,1.5,5,10000,20,50,100,Sandy,yes,-500,2000,500,Wet,Region2
1784,Rice,-5.0,2,5000,45,50,100,Clay,0,1000,2000,-1000,Wet,Region1
1785,Rice,10.0,2,5000,45,200,100,Sandy,yes,-500,2000,-1000,Dry,Region2
1786,Rice,10.0,-1,100,20,200,10,Sandy,0,-500,100,500,Dry,Region2
1787,Rice,10.0,2,100,100,50,100,Sandy,0,1000,100,-1000,Dry,Region1
1788,Wheat,10.0,-1,10000,45,200,100,Sandy,0,-500,100,500,Wet,Region1
1789,Wheat,10.0,2,100,45,50,100,Sandy,0,1000,2000,500,Wet,Region2
1790,Wheat,-5.0,2,5000,45,50,100,Clay,0,-500,2000,-1000,Wet,Region1
1791,Rice,1.5,-1,10000,100,50,10,Sandy,yes,1000,2000,500,Dry,Region2
1792,Maize,-5.0,-1,5000,20,200,100,Clay,yes,1000,2000,-1000,Dry,Region2
1793,Wheat,-5.0,5,10000,100,200,100,Sandy,yes,1000,100,-1000,Dry,Region1
1794,Rice,-5.0,5,100,20,200,100,Sandy,0,-500,2000,-1000,Dry,Region1
1795,Rice,-5.0,2,100,45,50,10,Clay,0,1000,2000,500,Dry,Region2
1796,Rice,10.0,-1,5000,45,200,100,Sandy,0,1000,100,-1000,Wet,Region1
1797,Rice,1.5,2,10000,20,200,100,Sandy,yes,1000,100,500,Wet,Region2
1798,Maize,1.5,2,10000,45,50,10,Clay,1,1000,100,500,Wet,Region2
1799,Maize,-5.0,-1,10000,100,200,10,Sandy,0,-500,100,500,Wet,Region2
1800,Maize,-5.0,5,10000,45,50,100,Clay,1,-500,100,500,Wet,Region2
1801,Rice,1.5,2,10000,20,200,100,Clay,yes,1000,100,500,Wet,Region1
1802,Maize,1.5,-1,10000,45,50,10,Clay,0,1000,2000,500,Wet,Region2
1803,Wheat,10.0,-1,100,20,50,10,Sandy,0,1000,2000,-1000,Dry,Region1
1804,Rice,1.5,2,100,45,200,100,Sandy,1,-500,2000,500,Wet,Region1
1805,Maize,1.5,-1,10000,100,50,100,Clay,yes,-500,100,500,Dry,Region2
1806,Rice,10.0,5,5000,45,200,100,Clay,yes,-500,100,500,Dry,Region1
1807,Rice,1.5,-1,5000,20,50,10,Sandy,yes,-500,2000,500,Dry,Region1
1808,Rice,10.0,2,5000,20,200,10,Sandy,yes,1000,100,500,Wet,Region2
1809,Wheat,10.0,-1,5000,100,50,100,Sandy,yes,1000,100,-1000,Dry,Region1
1810,Maize,-5.0,5,100,45,200,100,Clay,0,1000,100,500,Dry,Region2
1811,Maize,1.5,5,100,100,200,10,Sandy,0,-500,100,-1000,Dry,Region1
1812,Maize,1.5,2,10000,45,200,100,Clay,0,-500,100,500,Wet,Region1
1813,Rice,1.5,-1,5000,100,50,100,Sandy,yes,-500,2000,500,Wet,Region1
1814,Wheat,10.0,5,10000,20,50,10,Clay,yes,-500,100,500,Dry,Region1
1815,Rice,10.0,5,5000,20,200,10,Clay,yes,1000,100,500,Wet,Region2
1816,Wheat,-5.0,2,100,100,200,10,Clay,yes,-500,2000,-1000,Wet,Region2
1817,Maize,1.5,2,5000,100,50,10,Sandy,1,-500,100,-1000,Dry,Region1
1818,Rice,10.0,-1,5000,45,50,100,Clay,0,-500,100,-1000,Dry,Region2
1819,Rice,-5.0,5,100,45,50,10,Sandy,yes,-500,2000,500,Dry,Region1
1820,Wheat,1.5,2,100,45,50,10,Clay,yes,-500,2000,500,Wet,Region2
1821,Maize,-5.0,5,100,45,200,10,Sandy,0,-500,2000,500,Wet,Region2
1822,Maize,10.0,2,100,20,50,100,Sandy,1,-500,2000,500,Wet,Region1
1823,Maize,-5.0,5,5000,20,200,100,Sandy,0,-500,100,500,Wet,Region1
1824,Maize,-5.0,5,5000,100,50,10,Clay,0,1000,2000,-1000,Dry,Region2
1825,Maize,10.0,5,10000,20,200,100,Clay,yes,1000,100,-1000,Dry,Region1
1826,Wheat,-5.0,-1,5000,45,200,100,Sandy,0,1000,2000,500,Dry,Region1
1827,Maize,1.5,-1,100,20,50,100,Sandy,0,1000,100,500,Wet,Region1
1828,Maize,-5.0,-1,10000,45,200,100,Clay,yes,1000,100,-1000,Dry,Region1
1829,Maize,10.0,5,5000,45,50,10,Sandy,1,-500,100,500,Dry,Region2
1830,Wheat,10.0,-1,100,20,200,10,Clay,0,-500,2000,-1000,Wet,Region1
1831,Maize,1.5,-1,10000,20,200,100,Sandy,yes,-500,2000,-1000,Wet,Region1
1832,Maize,10.0,2,100,45,200,10,Sandy,0,1000,100,500,Dry,Region1
1833,Maize,1.5,5,5000,45,50,100,Clay,yes,1000,100,500,Wet,Region1
1834,Maize,1.5,5,10000,20,200,10,Clay,yes,-500,2000,-1000,Wet,Region2
1835,Maize,1.5,-1,10000,20,50,100,Sandy,yes,1000,100,-1000,Dry,Region2
1836,Wheat,1.5,5,5000,20,50,100,Sandy,1,-500,2000,500,Wet,Region2
1837,Maize,1.5,5,10000,45,200,100,Clay,0,1000,2000,-1000,Wet,Region1
1838,Wheat,-5.0,5,5000,100,200,10,Sandy,0,1000,100,-1000,Wet,Region2
1839,Maize,-5.0,5,10000,45,50,100,Clay,1,-500,2000,-1000,Dry,Region2
1840,Maize,10.0,5,5000,100,50,10,Sandy,0,1000,2000,-1000,Wet,Region1
1841,Maize,10.0,5,100,20,200,10,Clay,1,-500,100,-1000,Wet,Region2
1842,Maize,10.0,5,5000,20,200,100,Sandy,yes,1000,2000,500,Dry,Region2
1843,Maize,10.0,2,100,20,50,100,Sandy,1,-500,2000,500,Wet,Region1
1844,Maize,-5.0,2,100,100,50,100,Clay,0,1000,100,-1000,Wet,Region2
1845,Wheat,1.5,-1,100,100,200,100,Sandy,yes,-500,2000,500,Dry,Region2
1846,Rice,-5.0,-1,10000,20,200,100,Clay,0,-500,100,500,Dry,Region1
1847,Maize,10.0,5,5000,100,200,10,Clay,yes,-500,2000,500,Wet,Region1
1848,Wheat,-5.0,2,100,100,50,100,Sandy,0,1000,100,-1000,Wet,Region2
1849,Rice,10.0,2,5000,100,50,10,Sandy,yes,-500,100,-1000,Wet,Region1
1850,Rice,-5.0,-1,100,100,50,10,Clay,1,1000,100,-1000,Wet,Region2
1851,Maize,1.5,5,10000,45,200,100,Sandy,0,1000,2000,500,Dry,Region1
1852,Rice,10.0,-1,100,100,200,10,Sandy,0,1000,100,-1000,Dry,Region1
1853,Rice,10.0,2,5000,20,200,10,Sandy,yes,1000,100,-1000,Wet,Region2
1854,Rice,10.0,2,10000,20,50,10,Sandy,1,-500,100,500,Wet,Region2
1855,Maize,10.0,2,100,100,200,100,Sandy,yes,1000,2000,-1000,Dry,Region1
1856,Wheat,10.0,2,5000,100,50,100,Clay,yes,1000,2000,500,Wet,Region2
1857,Rice,1.5,-1,10000,20,50,10,Clay,0,1000,100,500,Wet,Region2
1858,Rice,1.5,-1,100,20,200,10,Clay,yes,1000,2000,500,Wet,Region2
1859,Rice,1.5,5,5000,100,200,100,Clay,1,-500,100,-1000,Dry,Region2
1860,Rice,1.5,5,10000,45,200,100,Clay,0,1000,2000,-1000,Dry,Region2
1861,Rice,1.5,5,10000,20,50,100,Clay,1,-500,100,500,Wet,Region2
1862,Rice,1.5,2,10000,45,200,10,Sandy,1,-500,2000,500,Wet,Region1
1863,Wheat,-5.0,2,5000,20,200,100,Sandy,0,1000,2000,-1000,Dry,Region2
1864,Wheat,1.5,2,100,20,200,100,Clay,0,-500,100,-1000,Dry,Region2
1865,Maize,10.0,2,5000,45,50,10,Sandy,1,-500,100,-1000,Dry,Region1
1866,Wheat,-5.0,5,5000,45,200,10,Sandy,1,-500,100,-1000,Wet,Region1
1867,Maize,-5.0,2,10000,100,50,10,Sandy,yes,1000,2000,-1000,Dry,Region2
1868,Maize,1.5,5,100,20,200,100,Clay,yes,1000,100,500,Dry,Region1
1869,Wheat,-5.0,2,5000,20,200,100,Clay,yes,1000,2000,-1000,Wet,Region1
1870,Wheat,10.0,2,100,100,200,10,Clay,0,1000,2000,500,Wet,Region2
1871,Maize,1.5,2,5000,100,200,10,Clay,yes,-500,100,-1000,Wet,Region1
1872,Rice,10.0,-1,5000,20,50,10,Clay,1,-500,2000,500,Dry,Region1
1873,Maize,10.0,2,100,100,200,100,Clay,yes,-500,100,-1000,Wet,Region1
1874,Rice,10.0,2,10000,45,50,100,Clay,yes,1000,2000,-1000,Wet,Region2
1875,Rice,-5.0,-1,10000,100,200,10,Sandy,1,-500,2000,-1000,Wet,Region2
1876,Wheat,-5.0,5,10000,100,50,100,Clay,yes,-500,2000,500,Wet,Region2
1877,Rice,10.0,-1,100,20,200,100,Sandy,yes,1000,100,500,Dry,Region2
1878,Rice,10.0,5,10000,20,50,100,Clay,1,1000,100,-1000,Dry,Region2
1879,Rice,10.0,-1,100,100,50,10,Clay,1,1000,2000,-1000,Wet,Region2
1880,Rice,1.5,2,100,45,200,10,Clay,1,-500,100,-1000,Dry,Region1
1881,Maize,-5.0,5,100,100,200,10,Clay,1,1000,100,500,Wet,Region1
1882,Maize,1.5,-1,5000,45,50,100,Sandy,0,1000,100,-1000,Wet,Region1
1883,Maize,1.5,-1,5000,100,50,10,Clay,0,-500,100,500,Dry,Region1
1884,Rice,-5.0,5,100,20,200,100,Sandy,1,1000,100,500,Dry,Region2
1885,Wheat,10.0,5,5000,45,200,100,Sandy,yes,1000,100,500,Wet,Region1
1886,Maize,10.0,5,5000,45,50,10,Clay,0,1000,2000,500,Dry,Region2
1887,Wheat,10.0,2,10000,100,50,100,Sandy,yes,-500,2000,-1000,Dry,Region1
1888,Wheat,1.5,2,10000,100,50,100,Clay,1,-500,2000,-1000,Wet,Region2
1889,Wheat,-5.0,2,100,20,50,100,Clay,0,-500,2000,500,Dry,Region2
1890,Maize,1.5,2,5000,100,50,10,Clay,1,1000,2000,-1000,Dry,Region2
1891,Wheat,1.5,5,10000,45,50,100,Sandy,yes,1000,100,500,Wet,Region1
1892,Rice,10.0,2,100,100,200,100,Sandy,0,-500,2000,500,Dry,Region2
1893,Rice,10.0,-1,10000,20,200,100,Sandy,0,-500,2000,-1000,Wet,Region1
1894,Wheat,10.0,2,10000,100,50,100,Clay,1,-500,2000,-1000,Dry,Region2
1895,Wheat,-5.0,5,5000,100,200,100,Sandy,0,1000,100,500,Wet,Region1
1896,Wheat,1.5,2,5000,45,200,10,Clay,yes,-500,2000,500,Wet,Region2
1897,Rice,1.5,2,10000,20,50,100,Clay,1,1000,100,500,Dry,Region1
1898,Maize,1.5,-1,10000,45,200,100,Clay,0,-500,100,-1000,Dry,Region1
1899,Wheat,10.0,2,5000,45,50,10,Clay,0,1000,2000,500,Wet,Region2
1900,Wheat,1.5,-1,10000,100,50,10,Clay,0,1000,100,500,Wet,Region2
1901,Maize,10.0,-1,100,20,50,100,Sandy,1,-500,2000,-1000,Dry,Region2
1902,Wheat,10.0,-1,5000,20,200,100,Clay,yes,-500,2000,500,Dry,Region2
1903,Rice,-5.0,5,5000,20,200,10,Sandy,1,-500,2000,500,Dry,Region2
1904,Wheat,-5.0,-1,10000,45,50,10,Clay,0,1000,2000,500,Wet,Region2
1905,Wheat,10.0,-1,5000,45,50,10,Clay,0,1000,100,-1000,Dry,Region1
1906,Maize,10.0,-1,100,20,200,100,Clay,0,1000,2000,-1000,Wet,Region2
1907,Wheat,-5.0,5,100,45,200,100,Sandy,yes,1000,2000,-1000,Dry,Region1
1908,Maize,1.5,2,100,100,200,100,Sandy,1,-500,2000,500,Wet,Region2
1909,Maize,-5.0,-1,100,100,50,10,Sandy,yes,1000,100,-1000,Dry,Region1
1910,Rice,-5.0,5,10000,20,50,10,Sandy,0,1000,2000,500,Dry,Region1
1911,Maize,10.0,-1,5000,100,200,10,Clay,0,1000,100,500,Dry,Region1
1912,Rice,-5.0,5,10000,45,200,10,Clay,1,-500,2000,-1000,Dry,Region2
1913,Rice,1.5,-1,5000,100,200,10,Clay,0,-500,100,500,Dry,Region1
1914,Maize,10.0,-1,10000,100,50,100,Clay,1,-500,2000,500,Wet,Region2
1915,Wheat,1.5,5,5000,100,50,100,Sandy,1,-500,100,500,Wet,Region2
1916,Wheat,10.0,-1,5000,20,50,10,Sandy,1,-500,2000,500,Wet,Region1
1917,Rice,-5.0,2,100,100,200,100,Sandy,0,1000,100,500,Wet,Region1
1918,Maize,10.0,5,100,45,200,100,Clay,0,1000,100,-1000,Wet,Region2
1919,Rice,1.5,5,10000,20,50,10,Sandy,1,-500,2000,-1000,Wet,Region1
1920,Maize,1.5,5,10000,45,50,10,Clay,1,1000,2000,500,Wet,Region2
1921,Rice,1.5,-1,100,45,50,10,Sandy,0,-500,100,500,Dry,Region2
1922,Rice,1.5,5,100,45,50,100,Clay,1,1000,2000,500,Wet,Region1
1923,Wheat,10.0,2,5000,100,50,10,Clay,yes,1000,100,500,Wet,Region1
1924,Maize,1.5,5,10000,100,200,100,Sandy,yes,1000,2000,500,Wet,Region2
1925,Maize,-5.0,2,10000,100,50,100,Clay,0,-500,2000,500,Dry,Region2
1926,Rice,-5.0,-1,10000,20,200,10,Clay,1,-500,100,-1000,Wet,Region1
1927,Wheat,1.5,2,100,100,200,10,Sandy,1,1000,2000,-1000,Dry,Region2
1928,Wheat,1.5,5,10000,20,200,100,Clay,yes,1000,100,500,Dry,Region2
1929,Maize,-5.0,2,10000,20,200,100,Sandy,1,-500,100,500,Wet,Region1
1930,Maize,1.5,-1,100,100,50,100,Sandy,1,-500,100,500,Dry,Region1
1931,Rice,10.0,5,5000,20,50,10,Sandy,1,-500,100,500,Dry,Region2
1932,Wheat,10.0,2,10000,100,50,100,Clay,0,1000,2000,-1000,Dry,Region2
1933,Wheat,-5.0,2,100,45,50,10,Clay,yes,1000,100,-1000,Wet,Region1
1934,Rice,10.0,5,100,100,200,100,Sandy,1,1000,100,500,Dry,Region2
1935,Wheat,1.5,-1,100,45,200,100,Clay,1,1000,100,-1000,Dry,Region2
1936,Maize,1.5,2,10000,45,200,10,Sandy,1,1000,100,-1000,Wet,Region2
1937,Rice,10.0,-1,10000,20,50,100,Clay,1,-500,2000,500,Wet,Region2
1938,Maize,10.0,-1,10000,100,50,100,Sandy,yes,-500,2000,-1000,Dry,Region1
1939,Wheat,10.0,-1,100,100,200,10,Clay,yes,-500,100,500,Wet,Region1
1940,Rice,10.0,5,100,45,200,100,Sandy,1,1000,100,500,Wet,Region1
1941,Maize,1.5,2,100,20,200,100,Sandy,yes,1000,100,-1000,Dry,Region1
1942,Maize,10.0,2,100,20,50,100,Clay,0,-500,2000,-1000,Dry,Region1
1943,Wheat,10.0,2,5000,20,50,10,Clay,1,1000,2000,-1000,Dry,Region1
1944,Wheat,10.0,5,10000,20,50,100,Clay,1,-500,100,-1000,Wet,Region1
1945,Rice,10.0,2,10000,100,50,100,Clay,1,1000,100,-1000,Dry,Region2
1946,Wheat,10.0,2,5000,45,50,10,Sandy,yes,-500,2000,-1000,Dry,Region2
1947,Wheat,1.5,2,100,45,200,100,Clay,1,1000,2000,500,Dry,Region2
1948,Wheat,-5.0,2,5000,20,50,100,Sandy,1,-500,2000,-1000,Dry,Region2
1949,Rice,-5.0,2,10000,100,50,10,Sandy,0,1000,100,-1000,Dry,Region2
1950,Rice,-5.0,-1,5000,100,50,100,Sandy,0,-500,2000,-1000,Wet,Region2
1951,Rice,-5.0,2,100,20,50,10,Clay,0,-500,2000,-1000,Wet,Region2
1952,Wheat,-5.0,2,100,45,50,10,Sandy,yes,-500,100,500,Dry,Region1
1953,Wheat,10.0,-1,10000,100,200,100,Clay,0,-500,2000,500,Wet,Region2
1954,Maize,10.0,5,10000,20,50,100,Clay,yes,1000,100,500,Dry,Region1
1955,Wheat,1.5,-1,5000,20,200,10,Clay,yes,-500,100,500,Dry,Region1
1956,Wheat,-5.0,2,5000,20,200,10,Sandy,0,1000,100,500,Wet,Region2
1957,Wheat,10.0,-1,10000,45,200,100,Clay,0,1000,100,500,Wet,Region1
1958,Wheat,1.5,5,100,45,200,100,Sandy,1,-500,2000,500,Wet,Region2
1959,Maize,1.5,2,100,100,50,10,Clay,0,1000,2000,500,Dry,Region2
1960,Wheat,1.5,-1,10000,100,50,10,Sandy,1,1000,2000,-1000,Dry,Region2
1961,Rice,-5.0,-1,5000,100,200,10,Clay,yes,1000,100,500,Wet,Region2
1962,Maize,1.5,2,5000,45,50,100,Clay,1,1000,100,-1000,Dry,Region2
1963,Rice,10.0,-1,5000,20,50,100,Sandy,0,-500,2000,-1000,Wet,Region2
1964,Wheat,-5.0,2,100,100,200,10,Sandy,1,1000,2000,500,Dry,Region2
1965,Wheat,1.5,5,100,45,200,10,Sandy,0,1000,100,-1000,Dry,Region2
1966,Maize,10.0,2,5000,100,200,100,Clay,1,-500,100,500,Dry,Region1
1967,Maize,1.5,-1,100,100,200,10,Sandy,yes,1000,2000,-1000,Wet,Region1
1968,Rice,1.5,5,100,45,200,10,Sandy,yes,-500,2000,-1000,Dry,Region1
1969,Maize,1.5,2,100,20,50,10,Clay,yes,1000,2000,-1000,Dry,Region1
1970,Rice,10.0,5,10000,20,50,10,Clay,yes,1000,100,-1000,Dry,Region1
1971,Wheat,10.0,-1,100,100,200,10,Clay,0,-500,100,500,Wet,Region2
1972,Wheat,1.5,2,5000,100,50,10,Sandy,1,-500,100,500,Dry,Region1
1973,Wheat,10.0,5,5000,20,50,100,Clay,0,1000,2000,-1000,Dry,Region2
1974,Maize,10.0,-1,100,45,200,10,Sandy,0,-500,100,500,Wet,Region1
1975,Wheat,-5.0,5,5000,100,50,100,Clay,0,-500,100,500,Dry,Region2
1976,Rice,1.5,-1,10000,45,50,100,Sandy,yes,1000,100,500,Wet,Region2
1977,Rice,-5.0,-1,5000,20,200,100,Sandy,1,-500,100,-1000,Wet,Region1
1978,Rice,1.5,2,100,45,50,100,Clay,1,-500,100,-1000,Wet,Region2
1979,Rice,1.5,5,10000,100,200,10,Clay,yes,1000,100,-1000,Wet,Region1
1980,Wheat,-5.0,-1,100,100,200,100,Clay,1,1000,2000,-1000,Dry,Region2
1981,Wheat,1.5,5,100,20,50,100,Clay,0,-500,100,500,Dry,Region2
1982,Maize,-5.0,2,5000,20,200,100,Sandy,yes,1000,2000,-1000,Dry,Region2
1983,Wheat,-5.0,5,5000,20,50,100,Clay,0,-500,100,500,Dry,Region2
1984,Maize,-5.0,5,10000,20,50,10,Clay,1,-500,100,-1000,Dry,Region1
1985,Maize,1.5,5,5000,100,200,100,Sandy,1,1000,100,500,Wet,Region2
1986,Maize,1.5,2,5000,100,200,10,Clay,yes,-500,100,500,Dry,Region1
1987,Rice,-5.0,-1,100,100,50,10,Sandy,1,1000,100,500,Wet,Region2
1988,Rice,1.5,5,10000,45,50,100,Clay,yes,1000,100,-1000,Wet,Region2
1989,Wheat,1.5,5,100,45,200,10,Clay,1,-500,100,500,Dry,Region1
1990,Wheat,-5.0,-1,5000,45,200,100,Sandy,yes,-500,100,-1000,Dry,Region1
1991,Wheat,-5.0,5,10000,45,200,10,Clay,1,-500,100,500,Dry,Region2
1992,Rice,10.0,5,100,20,200,100,Sandy,0,1000,2000,500,Wet,Region1
1993,Rice,10.0,2,100,20,200,100,Sandy,0,-500,100,500,Wet,Region2
1994,Maize,-5.0,-1,5000,100,200,100,Sandy,0,-500,100,500,Dry,Region1
1995,Wheat,1.5,-1,100,45,200,100,Clay,yes,1000,2000,-1000,Dry,Region2
1996,Rice,-5.0,2,10000,20,50,100,Sandy,yes,1000,100,500,Dry,Region1
1997,Rice,10.0,-1,10000,20,200,100,Clay,1,-500,100,500,Dry,Region2
1998,Rice,10.0,-1,5000,45,200,100,Sandy,1,-500,2000,-1000,Wet,Region1
1999,Maize,-5.0,5,10000,20,50,100,Clay,yes,1000,2000,-1000,Wet,Region1
2000,Wheat,-5.0,2,100,45,50,100,Clay,yes,-500,2000,-1000,Dry,Region2
2001,Wheat,-5.0,2,10000,45,50,10,Clay,yes,-500,2000,-1000,Wet,Region2
2002,Rice,1.5,5,10000,20,200,10,Sandy,1,-500,2000,-1000,Dry,Region1
2003,Maize,10.0,5,10000,45,50,10,Clay,1,1000,2000,-1000,Wet,Region1
2004,Maize,10.0,2,100,100,200,10,Clay,yes,-500,100,-1000,Wet,Region1
2005,Rice,-5.0,-1,10000,45,50,100,Sandy,yes,-500,2000,500,Dry,Region2
2006,Wheat,1.5,5,10000,45,50,10,Sandy,yes,-500,2000,500,Wet,Region2
2007,Rice,1.5,-1,5000,20,200,100,Sandy,0,-500,2000,500,Dry,Region2
2008,Rice,10.0,5,10000,100,50,100,Clay,yes,-500,2000,500,Dry,Region1
2009,Rice,1.5,-1,100,20,200,10,Clay,0,-500,100,-1000,Wet,Region2
2010,Maize,-5.0,2,5000,100,200,100,Clay,1,1000,100,500,Dry,Region2
2011,Rice,1.5,2,10000,100,50,100,Clay,0,1000,100,-1000,Dry,Region2
2012,Wheat,-5.0,5,10000,100,50,100,Clay,1,1000,100,500,Dry,Region1
2013,Maize,-5.0,-1,10000,45,50,100,Clay,yes,1000,100,500,Wet,Region2
2014,Wheat,-5.0,5,10000,45,50,10,Clay,0,-500,100,-1000,Wet,Region2
2015,Rice,-5.0,2,10000,20,50,10,Clay,1,1000,100,-1000,Wet,Region1
2016,Wheat,-5.0,5,10000,20,50,100,Sandy,0,1000,100,500,Wet,Region2
2017,Rice,1.5,-1,10000,100,200,100,Sandy,0,1000,100,-1000,Dry,Region1
2018,Maize,1.5,-1,100,45,50,10,Clay,1,1000,2000,-1000,Dry,Region2
2019,Rice,10.0,-1,100,45,50,10,Sandy,0,-500,100,-1000,Dry,Region1
2020,Maize,10.0,-1,5000,45,50,10,Sandy,yes,1000,2000,-1000,Wet,Region2
2021,Maize,1.5,2,100,20,200,100,Sandy,1,-500,2000,500,Dry,Region1
2022,Maize,1.5,2,100,100,50,10,Sandy,0,1000,2000,500,Wet,Region1
2023,Wheat,1.5,-1,100,100,50,100,Clay,1,-500,100,500,Wet,Region1
2024,Wheat,10.0,5,10000,100,200,100,Sandy,0,-500,100,-1000,Wet,Region1
2025,Wheat,-5.0,2,5000,100,200,100,Sandy,1,-500,100,-1000,Wet,Region1
2026,Rice,10.0,-1,100,100,50,100,Sandy,1,-500,2000,500,Dry,Region1
2027,Maize,10.0,2,100,20,200,100,Clay,yes,-500,2000,500,Wet,Region2
2028,Wheat,1.5,2,100,20,50,10,Clay,1,-500,100,500,Wet,Region1
2029,Wheat,10.0,5,100,20,200,100,Clay,yes,1000,100,-1000,Dry,Region1
2030,Rice,1.5,5,100,100,200,10,Sandy,0,1000,2000,500,Wet,Region2
2031,Rice,10.0,2,5000,20,50,10,Clay,1,-500,2000,-1000,Dry,Region2
2032,Wheat,1.5,5,5000,45,200,100,Sandy,1,-500,2000,-1000,Wet,Region2
2033,Maize,10.0,2,5000,100,50,100,Sandy,0,-500,100,500,Dry,Region1
2034,Maize,-5.0,5,100,100,50,10,Clay,0,1000,100,-1000,Dry,Region2
2035,Wheat,1.5,-1,5000,45,200,10,Clay,yes,-500,100,-1000,Wet,Region2
2036,Rice,10.0,2,5000,100,200,100,Clay,0,1000,100,500,Dry,Region1
2037,Rice,-5.0,2,10000,45,50,10,Clay,yes,-500,100,-1000,Dry,Region2
2038,Maize,-5.0,5,5000,45,50,10,Sandy,0,-500,100,500,Wet,Region2
2039,Rice,-5.0,5,10000,100,50,100,Clay,1,-500,100,500,Wet,Region2
2040,Rice,-5.0,5,5000,20,200,10,Clay,1,-500,100,-1000,Dry,Region2
2041,Wheat,1.5,-1,100,100,200,10,Sandy,0,-500,2000,500,Dry,Region1
2042,Rice,1.5,5,10000,45,50,100,Sandy,yes,-500,2000,-1000,Wet,Region2
2043,Maize,1.5,2,5000,45,50,100,Sandy,0,1000,2000,500,Wet,Region1
2044,Wheat,-5.0,5,10000,45,200,100,Sandy,yes,-500,2000,-1000,Dry,Region1
2045,Rice,1.5,2,100,20,50,10,Sandy,yes,1000,2000,-1000,Wet,Region2
2046,Wheat,1.5,5,5000,100,200,100,Clay,1,1000,100,-1000,Wet,Region2
2047,Maize,1.5,2,5000,20,200,10,Clay,yes,1000,100,-1000,Wet,Region1
2048,Rice,10.0,5,10000,20,200,10,Sandy,0,-500,2000,500,Wet,Region2
2049,Rice,-5.0,-1,100,45,200,100,Sandy,1,-500,100,-1000,Dry,Region2
2050,Maize,1.5,-1,10000,45,200,100,Sandy,1,1000,100,-1000,Wet,Region1
2051,Wheat,-5.0,2,100,45,50,10,Clay,1,-500,100,-1000,Dry,Region2
2052,Maize,-5.0,2,5000,100,200,10,Sandy,yes,-500,2000,500,Dry,Region2
2053,Wheat,10.0,-1,5000,100,200,100,Sandy,yes,-500,2000,-1000,Wet,Region1
2054,Maize,10.0,2,100,100,200,10,Sandy,1,-500,2000,500,Dry,Region1
2055,Wheat,-5.0,2,5000,20,50,10,Clay,yes,-500,100,-1000,Dry,Region2
2056,Maize,-5.0,5,10000,45,50,100,Clay,0,1000,2000,500,Dry,Region1
2057,Wheat,-5.0,2,100,100,50,10,Sandy,yes,-500,2000,500,Wet,Region1
2058,Maize,1.5,-1,100,45,200,100,Sandy,yes,-500,100,500,Dry,Region1
2059,Maize,1.5,5,10000,20,200,100,Sandy,yes,1000,100,500,Wet,Region2
2060,Rice,-5.0,2,100,100,50,100,Clay,0,1000,100,500,Dry,Region2
2061,Rice,1.5,-1,10000,100,50,100,Clay,1,-500,2000,-1000,Dry,Region1
2062,Wheat,1.5,5,100,20,50,10,Clay,yes,1000,2000,500,Dry,Region2
2063,Wheat,1.5,5,100,20,200,100,Sandy,1,-500,2000,-1000,Dry,Region1
2064,Rice,1.5,-1,100,100,200,10,Sandy,0,-500,100,-1000,Wet,Region1
2065,Maize,10.0,-1,10000,20,50,10,Sandy,1,-500,100,500,Dry,Region2
2066,Maize,10.0,5,100,100,200,100,Clay,yes,-500,2000,-1000,Dry,Region1
2067,Rice,-5.0,-1,10000,20,50,10,Clay,0,-500,2000,500,Dry,Region1
2068,Wheat,-5.0,5,5000,100,200,100,Sandy,yes,-500,100,-1000,Wet,Region1
2069,Rice,10.0,2,100,20,50,10,Sandy,1,-500,100,500,Dry,Region1
2070,Wheat,10.0,2,5000,45,200,10,Sandy,1,1000,100,500,Wet,Region2
2071,Wheat,10.0,-1,100,45,50,10,Clay,1,-500,100,500,Dry,Region2
2072,Rice,10.0,2,10000,100,50,10,Sandy,yes,-500,100,-1000,Wet,Region2
2073,Maize,1.5,5,100,20,50,10,Sandy,0,1000,2000,-1000,Dry,Region2
2074,Maize,-5.0,-1,5000,100,200,10,Clay,0,1000,100,-1000,Dry,Region2
2075,Rice,10.0,-1,5000,45,200,100,Clay,yes,-500,100,-1000,Dry,Region2
2076,Maize,1.5,-1,5000,45,200,100,Clay,1,1000,2000,500,Wet,Region1
2077,Rice,-5.0,-1,5000,45,200,10,Sandy,1,1000,2000,500,Dry,Region1
2078,Rice,-5.0,2,10000,45,50,10,Sandy,0,-500,2000,-1000,Wet,Region2
2079,Maize,-5.0,-1,10000,45,200,10,Clay,1,1000,2000,500,Dry,Region2
2080,Maize,-5.0,2,100,100,200,10,Sandy,yes,-500,2000,500,Wet,Region1
2081,Rice,1.5,2,100,20,50,100,Sandy,yes,-500,2000,500,Dry,Region2
2082,Rice,1.5,5,100,20,200,100,Clay,yes,-500,100,-1000,Wet,Region1
2083,Rice,-5.0,5,10000,100,50,10,Clay,0,-500,100,500,Wet,Region1
2084,Maize,1.5,5,10000,100,200,10,Clay,yes,1000,2000,-1000,Wet,Region2
2085,Maize,1.5,-1,10000,100,50,10,Clay,0,1000,2000,-1000,Dry,Region2
2086,Wheat,1.5,2,5000,100,50,10,Sandy,0,-500,100,500,Wet,Region1
2087,Maize,1.5,-1,10000,45,200,10,Clay,1,-500,2000,500,Wet,Region1
2088,Rice,10.0,-1,100,45,200,10,Sandy,yes,1000,2000,500,Dry,Region1
2089,Maize,10.0,5,100,45,200,10,Sandy,1,-500,100,500,Dry,Region1
2090,Maize,10.0,5,100,100,50,100,Clay,yes,-500,100,-1000,Dry,Region1
2091,Maize,-5.0,5,10000,20,50,100,Clay,0,-500,2000,-1000,Dry,Region1
2092,Wheat,10.0,2,10000,20,200,100,Clay,0,-500,2000,-1000,Wet,Region2
2093,Wheat,1.5,-1,100,20,200,10,Sandy,1,1000,2000,500,Wet,Region1
2094,Wheat,-5.0,2,5000,100,50,100,Sandy,1,-500,100,500,Dry,Region2
2095,Maize,-5.0,5,5000,100,50,100,Sandy,yes,1000,2000,500,Dry,Region2
2096,Maize,10.0,5,10000,45,200,100,Clay,0,1000,100,-1000,Wet,Region2
2097,Wheat,10.0,-1,10000,20,50,10,Sandy,yes,1000,2000,500,Dry,Region1
2098,Wheat,10.0,2,5000,45,200,10,Sandy,0,-500,2000,-1000,Dry,Region1
2099,Maize,10.0,5,100,20,200,10,Sandy,1,1000,2000,500,Wet,Region2
2100,Rice,1.5,2,100,100,200,100,Sandy,0,-500,100,-1000,Wet,Region1
2101,Wheat,-5.0,5,10000,20,200,100,Clay,yes,1000,2000,-1000,Wet,Region2
2102,Wheat,1.5,2,10000,20,200,10,Clay,1,-500,2000,-1000,Wet,Region1
2103,Rice,-5.0,-1,10000,20,200,100,Clay,0,-500,2000,-1000,Dry,Region2
2104,Rice,1.5,5,5000,100,200,100,Sandy,yes,-500,2000,500,Wet,Region1
2105,Maize,-5.0,2,100,45,50,10,Sandy,yes,1000,2000,-1000,Dry,Region2
2106,Maize,-5.0,-1,100,20,50,10,Sandy,0,-500,2000,500,Dry,Region1
2107,Maize,1.5,2,100,20,200,100,Clay,0,1000,2000,-1000,Wet,Region1
2108,Rice,1.5,-1,10000,20,50,10,Clay,yes,1000,2000,500,Wet,Region1
2109,Rice,10.0,5,5000,45,50,100,Sandy,1,1000,2000,500,Wet,Region2
2110,Maize,1.5,-1,10000,100,200,100,Sandy,1,1000,100,500,Wet,Region2
2111,Wheat,-5.0,-1,100,100,200,100,Clay,yes,1000,100,-1000,Wet,Region1
2112,Wheat,-5.0,2,100,45,50,10,Clay,0,-500,2000,500,Dry,Region1
2113,Rice,1.5,-1,100,100,50,10,Clay,0,-500,100,-1000,Wet,Region1
2114,Maize,1.5,2,10000,100,200,10,Clay,0,1000,2000,500,Wet,Region1
2115,Maize,1.5,5,100,45,50,10,Clay,yes,1000,2000,500,Dry,Region2
2116,Maize,-5.0,5,5000,100,50,100,Sandy,1,-500,100,500,Wet,Region1
2117,Maize,-5.0,2,10000,20,50,10,Sandy,1,-500,2000,-1000,Wet,Region2
2118,Maize,1.5,5,100,100,50,100,Sandy,1,1000,2000,500,Dry,Region1
2119,Wheat,10.0,2,100,45,200,100,Clay,1,1000,2000,500,Dry,Region2
2120,Wheat,1.5,5,10000,45,50,10,Clay,1,1000,100,-1000,Dry,Region2
2121,Rice,-5.0,-1,10000,20,200,100,Sandy,1,1000,2000,500,Dry,Region2
2122,Rice,1.5,5,5000,20,200,10,Clay,1,1000,2000,-1000,Wet,Region1
2123,Wheat,10.0,-1,5000,45,50,100,Sandy,0,-500,100,500,Wet,Region2
2124,Maize,1.5,5,10000,45,50,10,Clay,yes,-500,2000,500,Wet,Region2
2125,Wheat,-5.0,5,5000,20,200,10,Clay,1,-500,100,-1000,Wet,Region2
2126,Maize,10.0,2,100,45,200,100,Sandy,1,-500,100,-1000,Wet,Region2
2127,Maize,1.5,2,10000,100,200,100,Sandy,yes,-500,100,-1000,Wet,Region1
2128,Wheat,1.5,2,5000,100,50,100,Sandy,1,1000,100,500,Wet,Region1
2129,Wheat,10.0,-1,5000,100,50,10,Sandy,0,-500,2000,500,Wet,Region2
2130,Rice,1.5,-1,10000,45,200,100,Sandy,0,-500,2000,-1000,Dry,Region2
2131,Rice,-5.0,-1,100,100,50,100,Clay,0,-500,2000,-1000,Wet,Region2
2132,Rice,10.0,5,5000,45,200,10,Sandy,yes,-500,100,-1000,Wet,Region1
2133,Wheat,-5.0,2,100,100,50,100,Clay,0,1000,2000,-1000,Wet,Region1
2134,Wheat,-5.0,2,100,45,50,100,Clay,yes,-500,2000,-1000,Wet,Region2
2135,Maize,-5.0,5,100,45,50,100,Clay,1,-500,100,-1000,Wet,Region2
2136,Wheat,10.0,2,5000,45,50,100,Sandy,0,1000,100,-1000,Dry,Region1
2137,Rice,1.5,-1,10000,45,50,100,Clay,yes,-500,100,-1000,Dry,Region2
2138,Rice,-5.0,-1,100,20,50,100,Clay,0,1000,100,-1000,Wet,Region1
2139,Wheat,-5.0,2,100,45,50,100,Clay,0,-500,100,500,Dry,Region1
2140,Wheat,-5.0,5,5000,20,200,10,Sandy,1,-500,100,-1000,Wet,Region2
2141,Wheat,1.5,5,10000,20,200,10,Clay,0,-500,2000,-1000,Wet,Region1
2142,Maize,1.5,2,10000,20,50,10,Clay,0,-500,2000,-1000,Dry,Region2
2143,Maize,10.0,2,10000,20,200,100,Sandy,yes,-500,2000,500,Wet,Region1
2144,Wheat,-5.0,2,5000,45,200,100,Sandy,0,1000,100,500,Dry,Region2
2145,Rice,1.5,2,5000,20,50,10,Sandy,yes,1000,100,500,Wet,Region1
2146,Rice,-5.0,-1,5000,45,50,100,Sandy,1,-500,100,500,Dry,Region1
2147,Wheat,10.0,5,5000,45,50,10,Clay,0,1000,2000,500,Dry,Region2
2148,Wheat,10.0,2,10000,100,50,10,Sandy,1,-500,2000,-1000,Wet,Region2
2149,Wheat,1.5,5,100,100,50,100,Sandy,yes,1000,2000,-1000,Dry,Region1
2150,Maize,10.0,5,10000,100,50,10,Clay,0,-500,100,500,Wet,Region2
2151,Rice,10.0,-1,5000,20,50,10,Sandy,0,1000,100,-1000,Wet,Region1
2152,Maize,10.0,2,100,20,50,100,Clay,0,1000,2000,500,Dry,Region1
2153,Maize,10.0,-1,10000,45,50,100,Sandy,0,1000,100,500,Dry,Region2
2154,Maize,10.0,-1,100,100,50,10,Sandy,yes,-500,2000,500,Dry,Region1
2155,Maize,1.5,5,10000,20,50,100,Sandy,1,-500,2000,-1000,Wet,Region2
2156,Rice,10.0,-1,5000,100,200,100,Clay,yes,-500,2000,500,Dry,Region2
2157,Wheat,-5.0,2,5000,45,200,100,Clay,yes,-500,100,500,Dry,Region2
2158,Wheat,-5.0,5,10000,45,200,10,Sandy,0,-500,100,500,Dry,Region2
2159,Rice,1.5,5,5000,45,50,10,Clay,yes,1000,100,500,Dry,Region2
2160,Maize,10.0,-1,5000,45,50,10,Clay,0,1000,2000,-1000,Dry,Region2
2161,Wheat,-5.0,2,100,100,50,100,Sandy,0,-500,100,500,Dry,Region2
2162,Rice,10.0,2,5000,20,200,100,Clay,1,1000,2000,-1000,Wet,Region2
2163,Wheat,1.5,5,10000,100,200,100,Clay,yes,-500,2000,500,Dry,Region2
2164,Rice,1.5,-1,100,100,50,10,Clay,1,1000,2000,-1000,Dry,Region2
2165,Wheat,1.5,-1,5000,100,50,100,Sandy,yes,1000,100,500,Wet,Region1
2166,Rice,1.5,5,10000,20,50,10,Sandy,0,-500,100,500,Wet,Region1
2167,Wheat,1.5,2,10000,20,50,10,Sandy,1,1000,100,-1000,Dry,Region2
2168,Wheat,-5.0,5,10000,100,200,10,Sandy,yes,-500,2000,-1000,Dry,Region1
2169,Maize,10.0,-1,10000,20,200,100,Clay,yes,1000,100,-1000,Dry,Region1
2170,Maize,-5.0,5,100,100,200,10,Clay,1,-500,100,-1000,Dry,Region1
2171,Maize,1.5,5,10000,100,200,10,Sandy,0,-500,2000,-1000,Wet,Region2
2172,Maize,10.0,2,10000,45,200,10,Sandy,yes,-500,100,-1000,Dry,Region2
2173,Maize,-5.0,5,5000,100,50,100,Clay,1,-500,2000,-1000,Dry,Region2
2174,Rice,-5.0,-1,10000,45,50,100,Clay,yes,1000,100,500,Dry,Region1
2175,Maize,10.0,2,5000,45,50,10,Clay,1,-500,100,-1000,Wet,Region1
2176,Rice,-5.0,5,10000,100,50,10,Clay,yes,1000,100,500,Wet,Region2
2177,Maize,-5.0,2,10000,100,200,100,Clay,0,1000,2000,500,Dry,Region2
2178,Maize,1.5,-1,10000,45,200,10,Clay,yes,-500,100,500,Dry,Region2
2179,Maize,1.5,-1,10000,45,200,10,Clay,0,1000,2000,500,Dry,Region2
2180,Rice,1.5,5,10000,45,200,10,Clay,yes,1000,2000,-1000,Dry,Region2
2181,Maize,-5.0,2,100,100,50,100,Sandy,0,-500,100,500,Wet,Region1
2182,Maize,1.5,5,10000,100,50,100,Clay,1,1000,2000,-1000,Dry,Region2
2183,Rice,10.0,2,5000,20,50,100,Clay,1,-500,100,500,Wet,Region1
2184,Maize,1.5,2,100,20,200,10,Sandy,yes,-500,2000,500,Dry,Region1
2185,Rice,1.5,-1,100,20,50,100,Clay,yes,1000,2000,-1000,Wet,Region1
2186,Maize,-5.0,-1,100,20,50,100,Clay,yes,-500,2000,500,Dry,Region2
2187,Wheat,10.0,2,10000,45,200,10,Sandy,1,1000,2000,500,Wet,Region1
2188,Wheat,10.0,5,5000,100,200,100,Sandy,yes,1000,2000,500,Dry,Region1
2189,Wheat,1.5,-1,5000,20,200,100,Clay,yes,-500,2000,500,Wet,Region1
2190,Maize,1.5,-1,5000,20,200,10,Clay,yes,-500,2000,500,Dry,Region1
2191,Maize,10.0,2,10000,100,50,100,Sandy,0,-500,100,500,Wet,Region2
2192,Wheat,-5.0,5,5000,100,200,10,Clay,1,1000,2000,-1000,Dry,Region1
2193,Maize,1.5,-1,10000,20,50,100,Sandy,yes,1000,100,-1000,Dry,Region1
2194,Wheat,1.5,5,5000,100,50,100,Sandy,0,-500,2000,500,Wet,Region1
2195,Wheat,-5.0,5,100,45,50,100,Clay,yes,-500,100,500,Wet,Region2
2196,Rice,-5.0,-1,5000,45,200,100,Sandy,1,-500,2000,500,Dry,Region2
2197,Wheat,-5.0,2,5000,20,200,100,Clay,1,1000,100,-1000,Wet,Region2
2198,Wheat,10.0,2,10000,100,200,100,Clay,yes,-500,2000,-1000,Dry,Region1
2199,Rice,1.5,2,100,100,50,10,Clay,1,1000,2000,500,Wet,Region2
2200,Maize,1.5,2,10000,20,50,10,Clay,0,1000,2000,500,Wet,Region1
2201,Maize,10.0,5,100,100,50,10,Clay,1,-500,2000,-1000,Wet,Region2
2202,Wheat,10.0,2,10000,45,50,100,Clay,yes,1000,2000,-1000,Dry,Region1
2203,Wheat,10.0,5,5000,20,50,10,Clay,yes,-500,100,500,Wet,Region2
2204,Wheat,-5.0,2,10000,20,200,10,Sandy,0,-500,100,500,Wet,Region2
2205,Wheat,1.5,5,5000,100,200,100,Sandy,0,1000,2000,500,Dry,Region2
2206,Wheat,-5.0,-1,10000,45,50,10,Clay,1,1000,100,-1000,Wet,Region1
2207,Maize,1.5,5,10000,100,200,100,Sandy,0,-500,100,-1000,Wet,Region1
2208,Wheat,-5.0,-1,5000,100,50,100,Sandy,1,1000,100,500,Wet,Region2
2209,Wheat,10.0,5,10000,45,50,100,Sandy,0,-500,2000,500,Wet,Region2
2210,Maize,1.5,5,5000,45,50,100,Sandy,1,1000,2000,-1000,Dry,Region2
2211,Wheat,-5.0,5,10000,20,200,10,Clay,1,-500,100,-1000,Wet,Region1
2212,Rice,10.0,-1,100,20,200,100,Sandy,yes,-500,100,-1000,Dry,Region1
2213,Wheat,-5.0,-1,5000,20,200,100,Sandy,0,-500,2000,-1000,Dry,Region1
2214,Rice,10.0,2,5000,45,200,10,Clay,0,-500,100,-1000,Dry,Region1
2215,Maize,-5.0,-1,100,100,200,10,Sandy,0,1000,2000,500,Wet,Region1
2216,Maize,1.5,2,10000,100,200,10,Sandy,0,1000,100,500,Dry,Region1
2217,Wheat,-5.0,5,100,20,50,10,Clay,yes,-500,2000,500,Dry,Region2
2218,Maize,-5.0,-1,100,20,200,10,Clay,1,-500,2000,-1000,Dry,Region2
2219,Rice,-5.0,5,5000,100,200,10,Clay,yes,1000,100,-1000,Wet,Region2
2220,Wheat,1.5,-1,10000,100,200,10,Clay,yes,1000,2000,-1000,Wet,Region1
2221,Maize,1.5,2,100,20,50,10,Clay,1,-500,100,-1000,Wet,Region1
2222,Rice,10.0,5,10000,45,50,10,Clay,yes,-500,2000,-1000,Dry,Region2
2223,Wheat,10.0,5,10000,45,200,100,Clay,1,-500,2000,-1000,Dry,Region1
2224,Wheat,1.5,-1,100,100,200,10,Sandy,1,1000,100,500,Wet,Region2
2225,Maize,10.0,-1,10000,45,50,100,Sandy,1,-500,100,500,Wet,Region1
2226,Maize,10.0,-1,100,45,200,100,Sandy,0,-500,100,500,Wet,Region2
2227,Wheat,10.0,-1,100,45,200,100,Sandy,0,-500,100,-1000,Dry,Region2
2228,Rice,10.0,5,5000,100,50,100,Sandy,0,1000,2000,500,Dry,Region2
2229,Maize,1.5,-1,100,45,50,10,Clay,1,1000,2000,500,Wet,Region2
2230,Rice,10.0,-1,5000,100,200,100,Clay,yes,-500,2000,500,Wet,Region2
2231,Maize,-5.0,-1,100,45,200,10,Clay,1,1000,2000,-1000,Wet,Region2
2232,Maize,10.0,5,100,45,200,100,Sandy,0,1000,2000,-1000,Wet,Region2
2233,Rice,-5.0,2,10000,45,200,100,Sandy,1,1000,100,500,Dry,Region1
2234,Maize,-5.0,2,100,20,50,100,Clay,0,1000,100,-1000,Wet,Region2
2235,Wheat,10.0,-1,5000,20,50,10,Clay,0,1000,100,-1000,Wet,Region1
2236,Maize,1.5,-1,100,20,50,10,Clay,yes,-500,100,500,Wet,Region1
2237,Maize,-5.0,-1,10000,100,200,100,Sandy,yes,-500,100,-1000,Dry,Region1
2238,Rice,10.0,-1,5000,100,200,10,Sandy,1,-500,100,500,Dry,Region1
2239,Wheat,1.5,5,10000,100,50,10,Sandy,0,1000,2000,500,Wet,Region2
2240,Rice,10.0,2,5000,100,200,100,Clay,0,1000,2000,-1000,Dry,Region2
2241,Rice,1.5,5,10000,100,200,100,Sandy,yes,-500,2000,500,Wet,Region1
2242,Maize,1.5,2,10000,100,50,10,Sandy,1,-500,2000,500,Wet,Region1
2243,Maize,-5.0,-1,5000,45,50,100,Sandy,1,-500,100,500,Wet,Region1
2244,Rice,1.5,-1,100,100,200,10,Sandy,yes,-500,100,500,Dry,Region1
2245,Wheat,-5.0,-1,10000,45,50,100,Sandy,0,1000,2000,-1000,Wet,Region1
2246,Rice,10.0,5,100,20,50,100,Clay,yes,1000,100,500,Wet,Region1
2247,Rice,10.0,-1,10000,45,200,100,Sandy,0,1000,2000,500,Wet,Region1
2248,Maize,10.0,5,10000,45,50,10,Sandy,yes,-500,100,500,Wet,Region2
2249,Maize,1.5,2,100,100,200,10,Clay,yes,1000,100,-1000,Wet,Region2
2250,Maize,1.5,-1,10000,100,50,10,Clay,yes,1000,2000,-1000,Wet,Region1
2251,Rice,-5.0,2,100,45,200,10,Clay,0,1000,100,-1000,Dry,Region2
2252,Rice,-5.0,5,5000,45,50,10,Clay,0,1000,2000,-1000,Wet,Region1
2253,Wheat,10.0,-1,100,100,50,10,Clay,yes,1000,100,-1000,Dry,Region2
2254,Rice,1.5,2,10000,20,50,100,Sandy,1,-500,100,-1000,Wet,Region1
2255,Wheat,1.5,5,5000,100,50,10,Clay,1,1000,100,-1000,Dry,Region2
2256,Rice,-5.0,-1,100,100,50,10,Sandy,yes,1000,100,-1000,Wet,Region1
2257,Rice,10.0,5,100,100,50,100,Sandy,0,1000,2000,-1000,Wet,Region2
2258,Rice,-5.0,-1,5000,45,200,10,Clay,0,1000,100,-1000,Wet,Region2
2259,Wheat,-5.0,5,5000,100,50,100,Sandy,0,-500,2000,-1000,Wet,Region2
2260,Rice,1.5,2,100,45,200,100,Clay,1,-500,2000,500,Wet,Region2
2261,Wheat,10.0,2,100,20,50,10,Sandy,1,1000,2000,500,Dry,Region1
2262,Maize,10.0,5,5000,20,200,100,Sandy,1,-500,2000,500,Wet,Region1
2263,Rice,1.5,5,100,20,200,10,Clay,1,1000,2000,500,Wet,Region1
2264,Rice,-5.0,-1,10000,20,50,100,Clay,0,1000,100,-1000,Dry,Region1
2265,Rice,10.0,2,100,100,50,10,Sandy,yes,-500,2000,-1000,Dry,Region1
2266,Maize,10.0,5,100,45,200,100,Sandy,1,1000,2000,500,Wet,Region2
2267,Maize,1.5,5,100,100,200,10,Sandy,0,1000,100,500,Wet,Region1
2268,Maize,10.0,-1,10000,20,50,10,Sandy,yes,-500,2000,500,Dry,Region2
2269,Rice,1.5,-1,100,20,200,10,Sandy,yes,-500,100,500,Wet,Region1
2270,Rice,-5.0,-1,10000,100,50,100,Clay,yes,1000,2000,500,Wet,Region2
2271,Wheat,10.0,-1,10000,45,50,10,Sandy,0,1000,100,-1000,Dry,Region2
2272,Rice,1.5,2,5000,45,50,100,Clay,1,1000,100,-1000,Dry,Region1
2273,Maize,1.5,-1,5000,20,200,10,Clay,yes,1000,100,500,Wet,Region2
2274,Wheat,1.5,-1,100,100,50,100,Sandy,0,-500,100,500,Wet,Region1
2275,Maize,1.5,5,10000,100,200,10,Clay,1,1000,100,500,Dry,Region1
2276,Wheat,-5.0,2,10000,20,50,100,Sandy,yes,1000,2000,-1000,Wet,Region1
2277,Rice,1.5,5,10000,100,50,100,Clay,1,-500,2000,500,Wet,Region2
2278,Rice,-5.0,-1,10000,20,200,10,Sandy,1,1000,2000,-1000,Wet,Region2
2279,Rice,-5.0,-1,5000,100,200,100,Sandy,0,-500,100,500,Wet,Region1
2280,Wheat,10.0,-1,5000,20,50,10,Sandy,1,1000,2000,-1000,Wet,Region1
2281,Wheat,1.5,2,10000,100,200,100,Clay,0,-500,2000,-1000,Wet,Region2
2282,Wheat,10.0,-1,5000,20,200,10,Sandy,1,1000,2000,500,Wet,Region2
2283,Maize,-5.0,-1,100,20,200,100,Clay,0,-500,100,-1000,Wet,Region2
2284,Wheat,-5.0,5,100,100,200,100,Sandy,1,1000,2000,500,Dry,Region2
2285,Wheat,10.0,-1,5000,45,50,10,Sandy,1,1000,100,500,Wet,Region2
2286,Maize,-5.0,-1,5000,45,200,10,Sandy,1,1000,100,500,Dry,Region2
2287,Wheat,10.0,-1,5000,45,200,100,Sandy,0,1000,2000,500,Dry,Region2
2288,Wheat,10.0,-1,10000,45,50,100,Sandy,1,-500,100,-1000,Wet,Region2
2289,Maize,1.5,5,5000,20,50,10,Clay,0,1000,2000,500,Wet,Region1
2290,Rice,10.0,2,10000,100,50,100,Clay,1,-500,100,500,Wet,Region2
2291,Wheat,10.0,-1,5000,20,50,100,Sandy,yes,1000,2000,500,Wet,Region1
2292,Wheat,1.5,5,100,45,50,10,Sandy,0,1000,100,-1000,Dry,Region2
2293,Wheat,-5.0,2,10000,20,200,100,Clay,yes,-500,100,-1000,Wet,Region1
2294,Wheat,1.5,5,5000,20,50,100,Sandy,0,1000,2000,500,Wet,Region1
2295,Wheat,-5.0,2,100,100,50,10,Sandy,yes,-500,100,-1000,Dry,Region1
2296,Wheat,1.5,2,100,20,200,10,Sandy,1,-500,2000,500,Wet,Region1
2297,Maize,-5.0,5,5000,45,200,100,Clay,0,1000,2000,-1000,Dry,Region1
2298,Rice,1.5,2,5000,20,50,10,Sandy,yes,-500,2000,-1000,Dry,Region2
2299,Maize,-5.0,-1,10000,45,200,10,Clay,0,1000,2000,500,Dry,Region2
2300,Wheat,1.5,2,10000,20,50,100,Clay,1,-500,2000,-1000,Wet,Region1
2301,Wheat,10.0,5,5000,100,50,10,Sandy,0,1000,100,-1000,Wet,Region1
2302,Wheat,10.0,5,100,20,200,100,Clay,0,-500,2000,-1000,Dry,Region1
2303,Wheat,10.0,2,5000,100,50,100,Sandy,0,1000,2000,-1000,Wet,Region2
2304,Maize,-5.0,5,10000,45,50,10,Clay,1,1000,2000,500,Dry,Region1
2305,Wheat,1.5,2,10000,20,200,100,Clay,1,-500,100,-1000,Wet,Region2
2306,Wheat,1.5,5,100,100,200,100,Clay,0,1000,2000,-1000,Wet,Region2
2307,Wheat,1.5,2,5000,20,50,100,Clay,1,1000,2000,500,Dry,Region1
2308,Wheat,10.0,-1,5000,20,50,10,Clay,yes,1000,2000,500,Dry,Region2
2309,Maize,10.0,5,100,20,200,100,Sandy,0,-500,100,500,Wet,Region1
2310,Wheat,-5.0,5,100,45,200,10,Sandy,yes,1000,2000,-1000,Wet,Region1
2311,Rice,-5.0,-1,10000,100,200,100,Clay,0,1000,2000,500,Dry,Region1
2312,Wheat,-5.0,5,100,20,50,100,Sandy,yes,1000,2000,-1000,Dry,Region1
2313,Maize,1.5,5,5000,20,50,100,Clay,0,-500,100,-1000,Dry,Region2
2314,Maize,10.0,5,100,45,200,100,Clay,1,1000,2000,500,Dry,Region1
2315,Rice,10.0,-1,10000,20,50,10,Sandy,yes,-500,100,500,Dry,Region2
2316,Wheat,1.5,2,5000,20,50,10,Sandy,yes,-500,2000,500,Wet,Region1
2317,Rice,1.5,-1,5000,45,50,10,Sandy,1,-500,2000,-1000,Dry,Region1
2318,Maize,1.5,-1,5000,100,200,10,Clay,yes,1000,2000,-1000,Wet,Region2
2319,Wheat,1.5,-1,10000,100,200,100,Clay,1,-500,100,-1000,Wet,Region2
2320,Rice,10.0,2,10000,20,50,10,Sandy,yes,-500,2000,-1000,Wet,Region1
2321,Rice,-5.0,5,100,45,200,10,Clay,1,1000,100,-1000,Dry,Region1
2322,Wheat,10.0,2,10000,100,200,100,Sandy,0,-500,2000,-1000,Wet,Region2
2323,Rice,-5.0,2,100,100,50,100,Clay,yes,1000,2000,-1000,Dry,Region1
2324,Wheat,1.5,2,100,100,50,100,Sandy,yes,-500,2000,-1000,Dry,Region1
2325,Wheat,10.0,-1,5000,45,200,10,Clay,1,1000,2000,500,Wet,Region1
2326,Rice,-5.0,5,10000,100,50,10,Clay,1,1000,100,500,Wet,Region2
2327,Maize,-5.0,2,100,20,50,100,Clay,yes,1000,2000,500,Dry,Region2
2328,Maize,1.5,5,100,100,50,10,Sandy,0,-500,2000,-1000,Dry,Region1
2329,Rice,10.0,2,5000,100,200,10,Sandy,0,1000,2000,500,Wet,Region1
2330,Maize,-5.0,-1,5000,45,50,10,Sandy,yes,-500,2000,-1000,Wet,Region1
2331,Maize,-5.0,5,10000,20,50,100,Clay,1,1000,2000,500,Dry,Region1
2332,Rice,10.0,5,10000,100,200,10,Clay,1,1000,2000,-1000,Dry,Region2
2333,Rice,-5.0,-1,5000,20,200,100,Sandy,1,-500,2000,-1000,Wet,Region1
2334,Rice,1.5,-1,100,20,50,100,Clay,0,1000,2000,-1000,Dry,Region2
2335,Wheat,-5.0,-1,10000,20,200,100,Sandy,1,1000,100,-1000,Wet,Region1
2336,Rice,1.5,5,10000,45,200,100,Clay,yes,-500,100,500,Wet,Region2
2337,Maize,-5.0,-1,5000,45,200,10,Clay,1,-500,2000,-1000,Dry,Region1
2338,Rice,1.5,2,100,20,50,10,Sandy,0,1000,100,-1000,Dry,Region1
2339,Maize,-5.0,2,100,100,50,10,Sandy,1,1000,2000,500,Dry,Region1
2340,Maize,-5.0,5,100,100,50,100,Clay,1,1000,100,-1000,Dry,Region2
2341,Maize,1.5,5,5000,100,50,10,Clay,yes,1000,2000,500,Wet,Region1
2342,Rice,-5.0,5,5000,100,200,100,Sandy,0,-500,100,500,Wet,Region1
2343,Rice,1.5,5,5000,100,50,100,Clay,0,1000,2000,500,Wet,Region1
2344,Wheat,10.0,2,5000,45,50,10,Sandy,0,-500,2000,500,Dry,Region1
2345,Maize,-5.0,-1,10000,45,200,10,Clay,0,-500,2000,500,Wet,Region2
2346,Wheat,10.0,-1,5000,20,50,10,Clay,1,1000,2000,500,Dry,Region2
2347,Wheat,-5.0,5,10000,100,200,10,Clay,yes,1000,2000,500,Dry,Region2
2348,Rice,-5.0,5,10000,45,50,10,Clay,1,-500,2000,-1000,Wet,Region1
2349,Wheat,1.5,5,10000,20,50,100,Sandy,0,-500,2000,500,Wet,Region2
2350,Maize,-5.0,5,10000,100,200,100,Clay,yes,1000,100,500,Wet,Region2
2351,Maize,-5.0,-1,5000,20,50,100,Clay,0,-500,100,500,Dry,Region2
2352,Wheat,-5.0,5,5000,100,50,100,Clay,0,1000,100,-1000,Wet,Region1
2353,Rice,10.0,2,10000,100,200,100,Sandy,0,1000,2000,500,Wet,Region1
2354,Maize,-5.0,5,100,100,200,10,Clay,1,1000,100,500,Wet,Region1
2355,Rice,10.0,2,5000,20,200,10,Clay,0,-500,2000,500,Wet,Region2
2356,Rice,1.5,5,100,100,200,100,Clay,1,-500,2000,500,Dry,Region1
2357,Wheat,10.0,-1,5000,100,50,10,Clay,yes,-500,100,-1000,Dry,Region2
2358,Maize,10.0,-1,100,20,200,10,Clay,1,1000,2000,-1000,Wet,Region1
2359,Rice,1.5,-1,10000,45,50,10,Sandy,0,1000,2000,-1000,Dry,Region2
2360,Maize,-5.0,2,10000,100,200,10,Sandy,yes,-500,100,-1000,Dry,Region2
2361,Maize,10.0,-1,5000,45,50,10,Clay,1,-500,100,500,Dry,Region2
2362,Rice,-5.0,5,10000,100,50,100,Sandy,1,-500,100,500,Wet,Region1
2363,Wheat,10.0,2,10000,100,200,10,Clay,yes,-500,2000,500,Dry,Region2
2364,Maize,10.0,-1,5000,100,50,10,Sandy,1,-500,2000,-1000,Wet,Region2
2365,Maize,1.5,5,100,45,50,100,Sandy,0,-500,2000,500,Wet,Region2
2366,Wheat,-5.0,2,10000,100,200,100,Clay,yes,1000,100,-1000,Wet,Region1
2367,Rice,10.0,2,10000,45,50,100,Sandy,0,-500,100,500,Dry,Region2
2368,Maize,10.0,5,100,20,200,100,Sandy,1,1000,100,500,Dry,Region1
2369,Rice,1.5,5,5000,20,50,100,Sandy,0,-500,100,-1000,Dry,Region1
2370,Rice,-5.0,-1,5000,45,200,100,Sandy,1,1000,100,-1000,Dry,Region1
2371,Wheat,1.5,5,100,45,50,100,Clay,0,-500,2000,-1000,Dry,Region2
2372,Rice,10.0,-1,100,20,200,100,Sandy,yes,-500,100,500,Wet,Region1
2373,Rice,-5.0,2,100,100,50,100,Sandy,0,-500,2000,-1000,Wet,Region1
2374,Maize,-5.0,5,5000,20,50,10,Sandy,1,1000,100,-1000,Wet,Region2
2375,Rice,-5.0,5,5000,20,50,100,Sandy,yes,1000,100,-1000,Dry,Region2
2376,Maize,-5.0,5,5000,100,50,100,Clay,yes,-500,100,500,Dry,Region2
2377,Wheat,-5.0,5,100,45,50,100,Sandy,1,1000,2000,500,Dry,Region2
2378,Maize,10.0,5,5000,20,50,100,Clay,0,-500,100,-1000,Wet,Region2
2379,Maize,-5.0,5,10000,100,50,10,Sandy,1,1000,2000,500,Dry,Region2
2380,Rice,-5.0,2,5000,45,50,10,Clay,1,1000,2000,500,Dry,Region2
2381,Wheat,1.5,5,100,100,50,100,Sandy,yes,1000,100,-1000,Wet,Region2
2382,Maize,-5.0,-1,10000,45,50,100,Sandy,0,1000,100,-1000,Dry,Region2
2383,Wheat,-5.0,-1,10000,45,200,100,Sandy,0,1000,100,-1000,Dry,Region2
2384,Wheat,10.0,5,100,20,200,100,Sandy,1,-500,2000,-1000,Dry,Region1
2385,Rice,-5.0,5,10000,20,200,100,Clay,0,1000,100,-1000,Dry,Region2
2386,Maize,1.5,2,5000,100,50,10,Sandy,0,-500,100,-1000,Wet,Region2
2387,Maize,1.5,-1,5000,100,50,100,Sandy,yes,1000,100,500,Wet,Region2
2388,Rice,1.5,5,10000,100,200,10,Sandy,yes,-500,100,500,Dry,Region1
2389,Rice,1.5,5,5000,45,200,100,Clay,1,-500,2000,-1000,Dry,Region1
2390,Maize,-5.0,-1,5000,20,50,10,Clay,1,-500,2000,500,Dry,Region2
2391,Maize,-5.0,2,100,45,200,100,Clay,1,1000,2000,500,Wet,Region2
2392,Rice,10.0,2,5000,45,50,100,Sandy,0,-500,100,500,Wet,Region2
2393,Maize,-5.0,2,100,100,200,100,Sandy,1,-500,2000,-1000,Dry,Region1
2394,Wheat,1.5,-1,10000,45,200,100,Sandy,0,1000,100,-1000,Dry,Region1
2395,Maize,10.0,5,100,20,50,10,Clay,1,1000,100,-1000,Wet,Region1
2396,Wheat,1.5,5,10000,45,200,10,Clay,1,-500,2000,500,Wet,Region2
2397,Rice,10.0,5,100,45,200,10,Clay,yes,1000,2000,-1000,Wet,Region2
2398,Rice,-5.0,-1,5000,45,200,10,Clay,1,-500,100,500,Wet,Region2
2399,Wheat,1.5,2,10000,45,200,10,Sandy,1,1000,2000,500,Wet,Region2
2400,Rice,-5.0,-1,100,20,200,100,Sandy,0,1000,2000,-1000,Wet,Region1
2401,Wheat,10.0,-1,100,20,200,10,Sandy,1,-500,2000,-1000,Dry,Region2
2402,Wheat,-5.0,2,5000,20,200,100,Clay,yes,1000,100,-1000,Wet,Region1
2403,Wheat,10.0,5,10000,45,200,10,Sandy,yes,-500,100,-1000,Dry,Region1
2404,Rice,-5.0,5,100,45,50,10,Sandy,yes,1000,2000,500,Wet,Region1
2405,Wheat,-5.0,2,10000,100,50,10,Clay,0,-500,2000,500,Dry,Region1
2406,Wheat,1.5,5,10000,20,200,10,Clay,1,-500,2000,500,Dry,Region2
2407,Rice,10.0,5,100,20,50,10,Clay,0,1000,100,500,Wet,Region1
2408,Rice,1.5,5,10000,20,200,100,Sandy,yes,-500,2000,500,Dry,Region1
2409,Rice,10.0,5,10000,45,50,10,Clay,1,1000,2000,500,Dry,Region1
2410,Maize,-5.0,5,10000,45,200,10,Sandy,0,1000,2000,-1000,Dry,Region2
2411,Wheat,-5.0,2,5000,45,50,10,Clay,0,-500,2000,500,Wet,Region1
2412,Rice,10.0,-1,10000,45,50,100,Clay,1,-500,2000,500,Wet,Region2
2413,Wheat,10.0,2,100,45,50,100,Sandy,1,1000,2000,-1000,Dry,Region2
2414,Wheat,10.0,5,5000,100,50,10,Clay,0,1000,100,-1000,Dry,Region1
2415,Wheat,-5.0,-1,10000,45,200,10,Clay,yes,1000,100,-1000,Dry,Region1
2416,Rice,10.0,-1,5000,20,200,100,Sandy,1,-500,2000,500,Dry,Region2
2417,Rice,-5.0,5,10000,20,50,10,Sandy,0,-500,2000,-1000,Wet,Region2
2418,Rice,1.5,5,5000,100,50,10,Clay,1,-500,2000,-1000,Dry,Region1
2419,Rice,-5.0,5,5000,20,200,10,Clay,0,-500,2000,500,Dry,Region2
2420,Rice,-5.0,-1,5000,45,50,10,Clay,1,1000,2000,500,Dry,Region1
2421,Wheat,1.5,2,5000,100,50,10,Clay,0,-500,2000,500,Dry,Region1
2422,Rice,-5.0,5,10000,20,50,10,Sandy,0,-500,100,-1000,Dry,Region2
2423,Maize,1.5,2,5000,45,50,100,Sandy,1,-500,100,500,Wet,Region1
2424,Wheat,10.0,-1,5000,45,50,10,Sandy,1,1000,100,500,Dry,Region1
2425,Wheat,10.0,-1,5000,100,200,10,Clay,yes,-500,2000,-1000,Wet,Region1
2426,Maize,-5.0,-1,5000,20,200,10,Clay,0,-500,2000,500,Wet,Region1
2427,Wheat,1.5,2,5000,45,200,10,Sandy,yes,-500,2000,500,Wet,Region2
2428,Rice,10.0,5,100,45,200,10,Sandy,0,-500,100,-1000,Wet,Region2
2429,Maize,10.0,2,100,100,200,10,Clay,0,1000,100,-1000,Wet,Region1
2430,Rice,-5.0,5,100,20,200,10,Clay,0,1000,100,-1000,Wet,Region1
2431,Maize,1.5,-1,100,20,50,100,Clay,yes,-500,2000,500,Dry,Region1
2432,Maize,10.0,-1,5000,45,200,10,Clay,0,-500,100,-1000,Wet,Region1
2433,Rice,1.5,-1,5000,45,50,10,Clay,0,1000,2000,500,Wet,Region1
2434,Wheat,-5.0,-1,100,45,50,10,Clay,0,-500,100,-1000,Dry,Region2
2435,Maize,10.0,-1,5000,100,50,100,Sandy,0,1000,100,-1000,Wet,Region1
2436,Wheat,10.0,5,5000,45,200,10,Clay,yes,-500,100,500,Dry,Region1
2437,Maize,10.0,2,100,20,50,100,Sandy,yes,-500,100,500,Wet,Region1
2438,Maize,1.5,5,100,20,50,100,Sandy,yes,-500,2000,500,Dry,Region2
2439,Maize,-5.0,-1,5000,20,200,100,Clay,yes,1000,2000,-1000,Wet,Region2
2440,Rice,1.5,5,100,100,200,10,Sandy,0,1000,2000,500,Wet,Region1
2441,Wheat,-5.0,5,100,20,200,100,Clay,1,1000,2000,-1000,Wet,Region1
2442,Wheat,-5.0,5,10000,45,200,100,Sandy,0,-500,100,-1000,Wet,Region2
2443,Rice,-5.0,2,10000,45,200,100,Clay,0,1000,100,500,Dry,Region1
2444,Maize,-5.0,5,100,45,50,10,Sandy,1,-500,100,-1000,Wet,Region2
2445,Wheat,1.5,5,100,20,50,10,Sandy,0,-500,2000,500,Dry,Region2
2446,Wheat,1.5,-1,100,45,200,10,Sandy,yes,1000,100,500,Dry,Region1
2447,Wheat,-5.0,2,10000,100,200,100,Clay,0,1000,100,-1000,Wet,Region1
2448,Maize,1.5,-1,5000,45,50,100,Clay,0,-500,100,-1000,Dry,Region2
2449,Rice,1.5,-1,5000,20,50,100,Sandy,1,-500,2000,500,Wet,Region1
2450,Maize,-5.0,2,100,45,200,10,Sandy,yes,-500,100,-1000,Dry,Region1
2451,Rice,1.5,2,10000,45,50,10,Sandy,0,-500,2000,500,Wet,Region2
2452,Wheat,1.5,-1,10000,20,200,10,Clay,0,-500,2000,-1000,Wet,Region2
2453,Wheat,10.0,5,5000,100,50,100,Clay,0,-500,2000,500,Wet,Region1
2454,Wheat,10.0,-1,10000,100,200,100,Sandy,0,1000,100,-1000,Dry,Region1
2455,Wheat,1.5,2,100,45,200,10,Clay,0,1000,2000,500,Wet,Region1
2456,Rice,1.5,2,5000,100,200,10,Clay,1,1000,100,500,Wet,Region2
2457,Maize,1.5,5,100,45,200,10,Sandy,1,1000,100,-1000,Dry,Region2
2458,Maize,10.0,-1,5000,45,50,100,Sandy,1,1000,2000,-1000,Dry,Region2
2459,Wheat,-5.0,-1,10000,45,50,10,Sandy,yes,1000,100,-1000,Dry,Region2
2460,Wheat,-5.0,2,10000,20,200,100,Sandy,0,-500,2000,500,Dry,Region1
2461,Rice,-5.0,5,100,45,50,10,Clay,0,-500,2000,500,Wet,Region1
2462,Wheat,10.0,-1,100,100,200,10,Clay,1,1000,2000,500,Dry,Region2
2463,Maize,1.5,-1,5000,100,200,10,Clay,yes,-500,2000,500,Wet,Region2
2464,Wheat,-5.0,-1,10000,45,200,10,Clay,yes,1000,2000,-1000,Wet,Region1
2465,Rice,1.5,2,10000,100,50,10,Sandy,yes,-500,100,500,Wet,Region1
2466,Rice,1.5,2,10000,20,200,10,Clay,1,-500,100,-1000,Dry,Region1
2467,Maize,-5.0,2,5000,20,50,100,Sandy,yes,1000,2000,500,Dry,Region1
2468,Rice,10.0,-1,5000,20,200,10,Sandy,yes,1000,2000,500,Wet,Region1
2469,Maize,-5.0,-1,10000,20,200,100,Clay,0,1000,2000,500,Dry,Region1
2470,Maize,10.0,2,10000,20,200,10,Clay,1,-500,2000,-1000,Dry,Region2
2471,Maize,-5.0,-1,100,20,50,10,Sandy,0,-500,2000,-1000,Dry,Region2
2472,Wheat,10.0,5,10000,100,50,10,Clay,yes,-500,2000,500,Dry,Region2
2473,Maize,1.5,-1,5000,45,200,10,Sandy,0,-500,100,-1000,Dry,Region2
2474,Wheat,-5.0,-1,5000,100,50,100,Sandy,1,1000,2000,-1000,Wet,Region2
2475,Rice,1.5,-1,10000,20,200,100,Sandy,yes,-500,2000,-1000,Wet,Region2
2476,Maize,-5.0,5,10000,20,50,100,Clay,0,1000,2000,500,Wet,Region1
2477,Rice,1.5,5,10000,45,200,100,Clay,0,1000,2000,-1000,Dry,Region2
2478,Wheat,-5.0,5,100,100,50,100,Sandy,yes,-500,2000,-1000,Dry,Region1
2479,Rice,1.5,5,100,20,50,10,Sandy,0,1000,100,-1000,Wet,Region1
2480,Maize,1.5,-1,5000,20,50,100,Clay,0,-500,2000,500,Dry,Region2
2481,Rice,-5.0,5,10000,20,50,10,Sandy,1,1000,100,500,Wet,Region2
2482,Rice,-5.0,5,10000,100,200,100,Sandy,yes,1000,2000,-1000,Wet,Region1
2483,Wheat,10.0,5,10000,100,50,100,Sandy,yes,1000,2000,-1000,Dry,Region2
2484,Wheat,10.0,2,10000,100,200,10,Clay,yes,1000,2000,500,Dry,Region1
2485,Maize,1.5,-1,5000,45,200,100,Sandy,0,1000,100,-1000,Wet,Region2
2486,Maize,10.0,-1,5000,45,50,100,Sandy,1,-500,2000,500,Wet,Region1
2487,Rice,-5.0,-1,10000,100,50,100,Sandy,1,-500,100,-1000,Wet,Region2
2488,Wheat,10.0,5,5000,45,200,100,Sandy,1,1000,100,500,Dry,Region2
2489,Wheat,-5.0,2,10000,45,200,100,Clay,0,-500,2000,-1000,Wet,Region2
2490,Wheat,1.5,5,100,100,50,100,Clay,1,-500,100,500,Dry,Region2
2491,Rice,-5.0,5,10000,45,200,100,Sandy,1,-500,2000,500,Wet,Region2
2492,Wheat,1.5,5,5000,20,50,10,Sandy,1,1000,100,500,Dry,Region1
2493,Rice,1.5,5,10000,100,200,10,Sandy,yes,1000,100,-1000,Dry,Region1
2494,Wheat,1.5,2,100,100,200,100,Clay,yes,1000,2000,500,Wet,Region2
2495,Wheat,10.0,-1,100,45,50,10,Clay,0,1000,100,500,Dry,Region2
2496,Maize,10.0,-1,5000,20,200,100,Clay,yes,1000,2000,500,Dry,Region2
2497,Rice,1.5,5,10000,100,50,10,Sandy,1,1000,2000,500,Wet,Region2
2498,Rice,1.5,2,10000,45,200,10,Clay,1,-500,2000,-1000,Wet,Region1
2499,Rice,10.0,2,5000,45,200,100,Sandy,0,-500,2000,-1000,Dry,Region2
2500,Wheat,1.5,2,100,20,50,10,Clay,yes,1000,2000,500,Dry,Region2
2501,Wheat,1.5,2,10000,45,50,10,Clay,0,1000,100,500,Dry,Region2
2502,Maize,1.5,5,10000,100,50,100,Sandy,0,1000,2000,-1000,Wet,Region1
2503,Maize,-5.0,2,10000,100,200,10,Sandy,yes,1000,2000,-1000,Wet,Region1
2504,Rice,-5.0,5,10000,20,50,10,Sandy,1,1000,100,500,Dry,Region1
2505,Wheat,10.0,5,100,45,200,10,Sandy,yes,-500,2000,-1000,Wet,Region1
2506,Maize,-5.0,5,10000,20,200,100,Sandy,yes,1000,100,-1000,Wet,Region1
2507,Rice,-5.0,5,5000,45,200,10,Sandy,yes,-500,2000,500,Wet,Region1
2508,Wheat,10.0,-1,10000,45,200,100,Sandy,0,-500,2000,500,Dry,Region2
2509,Maize,-5.0,5,5000,100,200,100,Clay,1,-500,2000,-1000,Dry,Region1
2510,Maize,-5.0,2,5000,100,200,100,Sandy,1,1000,2000,500,Wet,Region1
2511,Rice,10.0,-1,100,45,50,10,Sandy,0,1000,2000,-1000,Dry,Region1
2512,Wheat,-5.0,2,5000,45,50,10,Sandy,0,1000,2000,500,Dry,Region1
2513,Rice,10.0,2,100,100,50,100,Clay,yes,-500,100,500,Wet,Region1
2514,Maize,10.0,2,10000,100,50,100,Clay,1,-500,2000,500,Dry,Region2
2515,Wheat,-5.0,-1,100,45,200,100,Clay,1,1000,2000,500,Wet,Region1
2516,Maize,1.5,-1,100,45,50,100,Sandy,yes,1000,2000,-1000,Dry,Region1
2517,Wheat,1.5,-1,100,100,50,100,Clay,1,-500,100,-1000,Wet,Region1
2518,Wheat,1.5,5,100,100,200,100,Clay,0,1000,2000,500,Dry,Region2
2519,Rice,10.0,2,5000,45,200,100,Clay,1,1000,2000,-1000,Dry,Region1
2520,Rice,1.5,-1,100,45,50,100,Sandy,yes,-500,2000,500,Dry,Region1
2521,Maize,10.0,5,5000,20,200,10,Clay,1,1000,100,-1000,Wet,Region2
2522,Rice,-5.0,5,10000,20,200,10,Sandy,yes,1000,2000,-1000,Wet,Region2
2523,Rice,1.5,-1,10000,20,200,100,Clay,0,1000,100,500,Wet,Region2
2524,Rice,10.0,-1,5000,100,50,10,Sandy,yes,-500,2000,500,Wet,Region2
2525,Wheat,1.5,-1,5000,45,200,100,Clay,yes,1000,100,-1000,Wet,Region2
2526,Wheat,10.0,5,100,20,200,10,Sandy,yes,1000,2000,-1000,Wet,Region2
2527,Rice,10.0,2,100,45,50,100,Clay,1,1000,100,-1000,Dry,Region2
2528,Rice,-5.0,2,5000,100,200,10,Sandy,0,1000,100,-1000,Wet,Region2
2529,Maize,1.5,5,100,20,200,100,Sandy,yes,-500,100,500,Wet,Region2
2530,Wheat,-5.0,-1,5000,100,50,10,Sandy,1,1000,2000,-1000,Dry,Region2
2531,Maize,10.0,-1,10000,20,200,10,Clay,1,-500,2000,-1000,Wet,Region2
2532,Maize,10.0,5,10000,45,200,100,Sandy,yes,-500,2000,-1000,Wet,Region1
2533,Rice,10.0,2,10000,45,50,100,Sandy,yes,-500,2000,500,Dry,Region2
2534,Wheat,10.0,5,10000,100,200,10,Clay,1,-500,2000,500,Wet,Region1
2535,Maize,10.0,2,100,45,50,10,Sandy,0,1000,100,-1000,Wet,Region1
2536,Rice,1.5,5,10000,45,50,100,Clay,yes,-500,100,500,Wet,Region1
2537,Maize,-5.0,5,5000,100,50,100,Sandy,yes,1000,2000,500,Wet,Region2
2538,Maize,10.0,5,5000,45,200,10,Sandy,1,-500,2000,-1000,Dry,Region2
2539,Rice,10.0,-1,100,20,200,10,Sandy,yes,1000,100,500,Wet,Region1
2540,Maize,1.5,5,10000,45,200,100,Sandy,yes,-500,100,-1000,Wet,Region1
2541,Wheat,10.0,2,5000,45,50,10,Clay,0,-500,2000,-1000,Wet,Region2
2542,Rice,-5.0,-1,5000,45,200,100,Sandy,0,-500,2000,500,Wet,Region1
2543,Wheat,1.5,-1,100,100,200,100,Clay,yes,1000,100,-1000,Wet,Region1
2544,Rice,-5.0,2,100,20,50,100,Sandy,1,-500,100,500,Dry,Region2
2545,Wheat,10.0,5,5000,100,50,100,Clay,1,-500,2000,500,Dry,Region2
2546,Wheat,10.0,5,10000,45,50,10,Sandy,0,1000,2000,-1000,Wet,Region1
2547,Maize,10.0,-1,5000,45,50,10,Sandy,0,-500,100,-1000,Wet,Region1
2548,Maize,-5.0,-1,10000,45,50,10,Clay,1,1000,2000,500,Wet,Region2
2549,Rice,-5.0,2,10000,45,200,10,Sandy,1,-500,2000,-1000,Wet,Region1
2550,Rice,-5.0,5,5000,45,200,100,Sandy,1,1000,2000,-1000,Dry,Region2
2551,Rice,10.0,-1,10000,20,50,10,Sandy,0,-500,2000,500,Dry,Region1
2552,Wheat,10.0,2,10000,100,200,10,Sandy,1,1000,100,500,Wet,Region2
2553,Wheat,1.5,5,5000,45,200,10,Clay,0,-500,2000,500,Wet,Region1
2554,Rice,1.5,2,10000,45,50,100,Clay,1,-500,100,500,Dry,Region1
2555,Maize,-5.0,5,10000,45,200,10,Clay,0,1000,100,500,Dry,Region1
2556,Maize,-5.0,-1,10000,100,50,100,Clay,1,-500,2000,500,Dry,Region1
2557,Maize,10.0,2,5000,100,200,100,Clay,0,1000,2000,500,Wet,Region1
2558,Wheat,10.0,5,100,45,50,100,Sandy,1,1000,100,500,Wet,Region1
2559,Rice,-5.0,5,5000,20,50,10,Sandy,0,-500,100,500,Dry,Region2
2560,Wheat,-5.0,-1,100,45,50,10,Clay,yes,1000,100,-1000,Dry,Region1
2561,Maize,-5.0,-1,100,20,50,100,Clay,yes,-500,100,500,Wet,Region2
2562,Wheat,-5.0,-1,100,100,50,100,Clay,1,-500,100,-1000,Dry,Region1
2563,Rice,-5.0,-1,5000,100,50,10,Sandy,1,-500,100,-1000,Dry,Region2
2564,Rice,-5.0,-1,100,100,200,10,Clay,0,1000,100,500,Wet,Region2
2565,Rice,10.0,-1,100,100,200,10,Sandy,1,1000,2000,500,Wet,Region2
2566,Maize,10.0,2,5000,45,200,10,Sandy,0,1000,100,500,Wet,Region2
2567,Rice,10.0,-1,10000,20,50,100,Clay,yes,1000,2000,500,Dry,Region1
2568,Wheat,1.5,-1,10000,45,50,10,Sandy,1,-500,100,-1000,Dry,Region1
2569,Maize,1.5,5,5000,20,50,10,Sandy,yes,1000,2000,-1000,Wet,Region1
2570,Rice,10.0,5,10000,45,50,100,Sandy,0,1000,100,-1000,Dry,Region1
2571,Rice,10.0,-1,100,45,50,100,Sandy,1,1000,100,500,Dry,Region2
2572,Rice,1.5,2,10000,100,50,10,Clay,1,1000,2000,500,Dry,Region2
2573,Wheat,1.5,-1,100,100,200,10,Sandy,yes,-500,100,-1000,Dry,Region2
2574,Wheat,-5.0,2,10000,20,200,10,Clay,1,-500,100,-1000,Wet,Region2
2575,Wheat,-5.0,2,100,100,200,10,Clay,1,-500,2000,-1000,Dry,Region1
2576,Wheat,1.5,5,5000,20,200,100,Sandy,1,1000,100,-1000,Dry,Region1
2577,Rice,-5.0,-1,100,100,50,10,Clay,0,-500,2000,-1000,Dry,Region2
2578,Wheat,10.0,-1,10000,45,200,10,Clay,yes,1000,2000,-1000,Wet,Region2
2579,Wheat,1.5,-1,5000,20,200,10,Sandy,1,1000,100,-1000,Dry,Region1
2580,Rice,-5.0,5,100,45,50,100,Clay,yes,1000,100,-1000,Wet,Region1
2581,Wheat,-5.0,-1,5000,45,200,10,Clay,yes,1000,100,-1000,Dry,Region1
2582,Maize,10.0,5,5000,45,200,10,Sandy,1,1000,100,500,Wet,Region2
2583,Wheat,10.0,2,100,100,200,100,Clay,0,-500,100,-1000,Wet,Region1
2584,Rice,-5.0,2,5000,45,200,10,Clay,yes,1000,2000,500,Dry,Region2
2585,Wheat,10.0,5,5000,20,50,100,Sandy,1,1000,100,-1000,Wet,Region1
2586,Maize,-5.0,-1,10000,45,200,10,Clay,yes,-500,100,500,Dry,Region2
2587,Rice,1.5,2,10000,20,50,10,Clay,0,1000,2000,500,Dry,Region1
2588,Maize,10.0,-1,10000,100,200,100,Clay,0,-500,2000,500,Wet,Region1
2589,Wheat,1.5,2,5000,100,50,100,Sandy,0,1000,100,-1000,Dry,Region1
2590,Maize,-5.0,-1,10000,20,200,10,Sandy,0,-500,100,500,Dry,Region2
2591,Rice,10.0,5,5000,20,50,100,Sandy,0,1000,2000,-1000,Wet,Region1
2592,Rice,10.0,5,5000,100,200,10,Sandy,yes,1000,100,500,Dry,Region1
2593,Rice,10.0,2,100,45,50,10,Clay,1,-500,100,500,Dry,Region2
2594,Maize,10.0,2,100,45,50,10,Clay,1,1000,2000,500,Dry,Region1
2595,Wheat,-5.0,2,10000,45,50,100,Sandy,1,1000,100,500,Dry,Region1
2596,Rice,10.0,2,100,100,50,10,Sandy,yes,1000,100,500,Dry,Region1
2597,Wheat,10.0,2,5000,20,200,100,Sandy,1,-500,100,-1000,Wet,Region1
2598,Wheat,1.5,2,10000,100,50,10,Clay,0,-500,2000,500,Dry,Region1
2599,Wheat,-5.0,-1,10000,100,50,10,Sandy,yes,-500,100,500,Wet,Region2
2600,Rice,-5.0,2,10000,20,200,10,Clay,1,-500,100,-1000,Dry,Region2
2601,Rice,1.5,5,10000,45,200,100,Sandy,yes,-500,2000,500,Wet,Region1
2602,Rice,10.0,-1,5000,100,50,10,Sandy,0,1000,100,-1000,Dry,Region1
2603,Rice,10.0,-1,10000,100,200,100,Clay,yes,1000,100,-1000,Wet,Region2
2604,Maize,1.5,-1,10000,45,50,10,Sandy,1,-500,2000,-1000,Wet,Region2
2605,Rice,-5.0,2,10000,20,50,100,Sandy,0,-500,100,500,Dry,Region2
2606,Wheat,-5.0,-1,100,45,50,100,Clay,1,-500,2000,-1000,Wet,Region1
2607,Maize,-5.0,2,100,45,50,100,Sandy,yes,-500,2000,500,Wet,Region2
2608,Maize,1.5,5,100,20,50,10,Clay,1,-500,2000,-1000,Dry,Region1
2609,Wheat,10.0,5,10000,45,200,10,Clay,1,1000,2000,500,Wet,Region1
2610,Rice,-5.0,5,5000,20,200,10,Sandy,0,1000,2000,-1000,Wet,Region2
2611,Maize,-5.0,-1,10000,45,200,10,Sandy,0,-500,100,-1000,Wet,Region2
2612,Wheat,1.5,-1,10000,20,200,100,Sandy,0,1000,100,500,Dry,Region1
2613,Maize,-5.0,5,100,100,200,100,Clay,0,-500,100,-1000,Wet,Region2
2614,Rice,1.5,2,5000,100,200,10,Clay,1,1000,2000,-1000,Dry,Region1
2615,Maize,10.0,2,5000,45,200,10,Sandy,1,1000,2000,-1000,Dry,Region2
2616,Maize,10.0,2,100,100,200,10,Sandy,1,1000,100,-1000,Dry,Region2
2617,Wheat,10.0,-1,5000,100,200,100,Sandy,0,1000,2000,-1000,Dry,Region1
2618,Rice,-5.0,-1,10000,100,50,100,Sandy,0,1000,2000,500,Dry,Region2
2619,Maize,-5.0,5,5000,100,200,100,Clay,1,-500,2000,-1000,Dry,Region1
2620,Maize,-5.0,2,100,45,200,100,Clay,yes,-500,100,-1000,Wet,Region1
2621,Wheat,10.0,5,100,20,50,10,Sandy,1,-500,100,-1000,Dry,Region2
2622,Wheat,-5.0,-1,10000,45,200,10,Clay,0,-500,100,500,Wet,Region1
2623,Wheat,10.0,5,100,100,200,100,Clay,1,1000,100,-1000,Dry,Region1
2624,Wheat,-5.0,-1,10000,45,50,100,Sandy,1,1000,2000,-1000,Dry,Region1
2625,Maize,10.0,2,5000,100,50,100,Sandy,0,-500,2000,500,Dry,Region2
2626,Rice,1.5,2,100,100,200,10,Clay,1,-500,2000,-1000,Dry,Region1
2627,Rice,1.5,-1,5000,20,200,100,Sandy,0,1000,2000,-1000,Wet,Region2
2628,Maize,10.0,5,5000,100,200,10,Sandy,0,1000,100,500,Dry,Region1
2629,Maize,10.0,2,10000,100,200,100,Sandy,yes,-500,2000,-1000,Dry,Region2
2630,Rice,10.0,-1,100,20,50,100,Sandy,yes,1000,2000,500,Wet,Region1
2631,Wheat,-5.0,2,10000,20,50,10,Clay,0,-500,100,-1000,Wet,Region2
2632,Wheat,1.5,5,5000,20,200,100,Clay,yes,-500,2000,-1000,Dry,Region1
2633,Rice,-5.0,5,10000,20,50,10,Sandy,1,-500,2000,500,Dry,Region2
2634,Maize,-5.0,2,10000,45,50,10,Sandy,0,1000,2000,-1000,Dry,Region2
2635,Maize,10.0,-1,5000,45,200,10,Clay,1,-500,2000,500,Dry,Region2
2636,Rice,1.5,-1,10000,20,200,100,Sandy,1,-500,100,-1000,Wet,Region2
2637,Rice,1.5,5,5000,100,50,10,Clay,0,-500,2000,500,Dry,Region1
2638,Maize,10.0,-1,100,45,50,100,Clay,0,1000,2000,-1000,Wet,Region1
2639,Maize,1.5,2,10000,100,50,10,Clay,yes,-500,2000,-1000,Dry,Region2
2640,Wheat,-5.0,5,100,45,50,100,Sandy,1,1000,2000,-1000,Wet,Region1
2641,Maize,-5.0,5,100,45,50,100,Clay,0,-500,2000,500,Wet,Region2
2642,Rice,1.5,-1,5000,100,200,100,Clay,0,1000,100,-1000,Wet,Region2
2643,Maize,-5.0,2,100,100,50,10,Sandy,1,-500,100,500,Wet,Region1
2644,Rice,-5.0,2,10000,45,50,100,Clay,1,-500,100,-1000,Wet,Region2
2645,Wheat,1.5,2,5000,100,200,10,Clay,yes,1000,100,500,Dry,Region1
2646,Maize,-5.0,-1,5000,100,50,100,Sandy,yes,-500,2000,-1000,Dry,Region1
2647,Wheat,10.0,2,100,45,200,100,Clay,1,-500,2000,-1000,Dry,Region1
2648,Wheat,1.5,5,100,100,50,100,Sandy,yes,1000,2000,-1000,Dry,Region1
2649,Rice,-5.0,2,5000,45,50,100,Sandy,1,1000,100,-1000,Wet,Region2
2650,Maize,1.5,2,5000,100,50,10,Clay,0,-500,2000,-1000,Dry,Region2
2651,Maize,10.0,-1,10000,20,50,100,Clay,1,1000,100,500,Wet,Region1
2652,Rice,-5.0,-1,10000,20,200,100,Clay,1,-500,2000,500,Dry,Region1
2653,Wheat,10.0,-1,100,45,200,10,Clay,yes,1000,2000,-1000,Dry,Region1
2654,Maize,10.0,2,5000,100,50,100,Sandy,1,1000,2000,-1000,Dry,Region1
2655,Maize,10.0,5,5000,20,200,100,Clay,0,-500,2000,500,Dry,Region2
2656,Maize,1.5,5,100,20,200,100,Clay,1,1000,100,-1000,Dry,Region2
2657,Wheat,1.5,2,5000,20,50,10,Clay,0,1000,100,500,Dry,Region2
2658,Wheat,-5.0,-1,5000,100,50,100,Sandy,0,-500,2000,500,Dry,Region2
2659,Maize,-5.0,5,10000,20,200,100,Clay,1,-500,2000,500,Dry,Region1
2660,Wheat,10.0,2,5000,100,200,100,Clay,yes,1000,100,-1000,Wet,Region2
2661,Maize,10.0,-1,100,45,200,10,Clay,0,1000,2000,-1000,Dry,Region2
2662,Wheat,10.0,-1,10000,45,50,10,Sandy,yes,1000,100,500,Dry,Region2
2663,Rice,10.0,-1,10000,45,50,10,Clay,yes,1000,2000,500,Dry,Region2
2664,Wheat,1.5,2,10000,20,200,10,Clay,yes,-500,2000,500,Dry,Region2
2665,Maize,-5.0,2,100,100,200,100,Clay,0,-500,100,-1000,Dry,Region2
2666,Maize,10.0,2,100,45,200,10,Sandy,1,1000,100,-1000,Dry,Region2
2667,Wheat,1.5,2,100,100,200,10,Sandy,yes,1000,2000,500,Dry,Region2
2668,Rice,10.0,5,10000,100,200,100,Sandy,yes,-500,2000,-1000,Wet,Region1
2669,Wheat,1.5,-1,100,20,200,10,Sandy,1,-500,2000,500,Wet,Region1
2670,Wheat,-5.0,-1,100,100,50,100,Clay,1,1000,100,-1000,Wet,Region1
2671,Rice,10.0,2,5000,20,50,10,Sandy,0,-500,2000,-1000,Wet,Region1
2672,Rice,10.0,2,100,100,200,10,Clay,yes,1000,2000,500,Wet,Region1
2673,Maize,-5.0,-1,10000,100,200,100,Clay,1,-500,2000,500,Dry,Region1
2674,Rice,10.0,-1,100,45,50,100,Clay,1,1000,100,500,Wet,Region1
2675,Rice,10.0,2,100,100,200,100,Sandy,yes,1000,100,500,Wet,Region2
2676,Rice,10.0,-1,5000,100,50,10,Clay,0,1000,2000,500,Wet,Region2
2677,Wheat,10.0,-1,5000,45,50,10,Clay,0,1000,100,-1000,Dry,Region2
2678,Maize,10.0,2,5000,20,50,100,Clay,yes,1000,2000,500,Wet,Region2
2679,Wheat,1.5,2,5000,100,50,100,Clay,yes,-500,100,-1000,Wet,Region1
2680,Wheat,10.0,2,100,20,200,100,Sandy,yes,-500,100,500,Wet,Region2
2681,Maize,10.0,2,5000,20,50,100,Clay,yes,1000,2000,500,Wet,Region2
2682,Wheat,10.0,-1,5000,100,50,10,Clay,yes,1000,100,500,Dry,Region2
2683,Wheat,1.5,-1,5000,45,200,100,Sandy,yes,1000,2000,-1000,Dry,Region1
2684,Maize,1.5,-1,10000,20,50,10,Clay,1,-500,100,-1000,Wet,Region1
2685,Maize,10.0,2,5000,20,200,100,Sandy,yes,1000,2000,-1000,Wet,Region2
2686,Rice,-5.0,5,5000,20,50,10,Clay,0,1000,100,-1000,Wet,Region1
2687,Maize,10.0,-1,5000,100,200,100,Clay,0,-500,100,500,Wet,Region1
2688,Maize,1.5,5,10000,100,50,100,Clay,yes,1000,100,-1000,Wet,Region2
2689,Maize,10.0,-1,5000,20,200,100,Sandy,1,1000,100,500,Wet,Region1
2690,Rice,1.5,2,10000,100,50,100,Clay,yes,1000,100,500,Wet,Region2
2691,Maize,10.0,2,10000,20,50,100,Sandy,yes,1000,2000,500,Wet,Region2
2692,Wheat,10.0,2,10000,100,50,10,Clay,yes,1000,100,-1000,Dry,Region1
2693,Wheat,-5.0,5,5000,100,200,10,Sandy,yes,-500,2000,-1000,Wet,Region2
2694,Rice,1.5,5,5000,45,200,100,Clay,yes,-500,2000,-1000,Dry,Region2
2695,Maize,1.5,-1,10000,100,50,100,Clay,yes,-500,2000,-1000,Wet,Region1
2696,Rice,10.0,2,10000,20,200,100,Sandy,0,-500,100,500,Wet,Region2
2697,Maize,10.0,-1,100,100,200,10,Sandy,1,-500,100,-1000,Dry,Region1
2698,Wheat,10.0,5,10000,100,50,10,Clay,yes,1000,2000,-1000,Wet,Region1
2699,Wheat,1.5,-1,100,20,200,10,Sandy,0,1000,100,-1000,Dry,Region1
2700,Maize,-5.0,-1,100,45,200,100,Clay,yes,1000,2000,-1000,Dry,Region1
2701,Rice,-5.0,2,10000,100,50,10,Sandy,yes,-500,2000,500,Wet,Region1
2702,Wheat,10.0,-1,5000,20,200,100,Sandy,yes,-500,2000,500,Dry,Region2
2703,Wheat,-5.0,5,100,100,200,100,Sandy,yes,-500,2000,-1000,Dry,Region1
2704,Rice,10.0,5,100,20,200,100,Clay,1,1000,100,500,Wet,Region2
2705,Maize,1.5,-1,100,100,200,100,Clay,yes,1000,2000,500,Wet,Region2
2706,Wheat,1.5,5,5000,45,50,10,Clay,0,-500,100,500,Dry,Region2
2707,Wheat,1.5,2,5000,45,50,10,Clay,yes,-500,2000,500,Dry,Region2
2708,Maize,10.0,2,5000,20,200,100,Sandy,0,1000,2000,-1000,Wet,Region2
2709,Wheat,1.5,2,10000,45,200,10,Sandy,1,1000,100,500,Dry,Region2
2710,Wheat,-5.0,-1,10000,100,200,10,Clay,0,1000,2000,500,Wet,Region2
2711,Wheat,10.0,5,5000,45,200,10,Sandy,yes,-500,100,-1000,Wet,Region2
2712,Rice,1.5,-1,10000,20,200,100,Sandy,1,-500,100,500,Wet,Region2
2713,Wheat,10.0,5,10000,20,200,100,Sandy,yes,-500,100,-1000,Wet,Region2
2714,Rice,10.0,5,5000,45,50,100,Sandy,0,1000,100,-1000,Dry,Region1
2715,Wheat,10.0,2,100,20,200,100,Clay,yes,-500,2000,500,Dry,Region1
2716,Maize,-5.0,5,10000,45,50,100,Clay,1,1000,100,500,Dry,Region2
2717,Rice,10.0,5,5000,20,50,10,Clay,1,-500,2000,-1000,Wet,Region2
2718,Wheat,10.0,5,100,100,200,100,Sandy,yes,-500,100,-1000,Dry,Region1
2719,Maize,-5.0,2,5000,45,50,100,Clay,yes,1000,2000,-1000,Wet,Region1
2720,Wheat,-5.0,5,10000,100,200,100,Sandy,0,1000,2000,500,Dry,Region1
2721,Maize,-5.0,2,10000,20,50,10,Sandy,0,1000,2000,500,Dry,Region1
2722,Wheat,1.5,2,10000,45,50,10,Clay,0,1000,2000,500,Dry,Region1
2723,Maize,-5.0,5,5000,100,50,100,Clay,yes,1000,2000,-1000,Dry,Region1
2724,Rice,1.5,2,100,45,200,100,Clay,1,1000,100,500,Dry,Region1
2725,Rice,1.5,2,5000,100,50,100,Clay,1,1000,100,500,Wet,Region1
2726,Rice,-5.0,2,5000,45,200,100,Clay,yes,1000,100,500,Dry,Region2
2727,Wheat,10.0,2,5000,100,50,100,Clay,0,1000,2000,500,Wet,Region2
2728,Rice,10.0,5,5000,100,200,100,Clay,1,1000,100,-1000,Dry,Region2
2729,Rice,10.0,5,5000,100,50,100,Clay,0,1000,2000,-1000,Wet,Region1
2730,Wheat,-5.0,-1,100,45,50,10,Sandy,yes,1000,2000,-1000,Wet,Region2
2731,Rice,-5.0,-1,5000,45,50,10,Sandy,yes,-500,100,500,Wet,Region1
2732,Rice,1.5,2,5000,100,50,100,Sandy,1,1000,2000,500,Dry,Region2
2733,Wheat,10.0,-1,100,100,200,100,Sandy,1,1000,100,-1000,Wet,Region2
2734,Maize,1.5,5,10000,45,50,100,Clay,yes,1000,2000,500,Wet,Region1
2735,Maize,10.0,5,10000,20,200,100,Sandy,0,1000,2000,-1000,Wet,Region1
2736,Wheat,-5.0,-1,5000,20,50,100,Sandy,yes,-500,2000,500,Dry,Region1
2737,Maize,10.0,2,5000,45,200,10,Clay,1,1000,100,500,Wet,Region1
2738,Rice,10.0,2,5000,100,50,10,Clay,yes,1000,100,-1000,Dry,Region2
2739,Maize,10.0,-1,5000,20,50,100,Sandy,0,-500,100,-1000,Wet,Region2
2740,Maize,-5.0,-1,10000,100,200,100,Sandy,yes,-500,2000,-1000,Wet,Region2
2741,Wheat,-5.0,2,5000,100,200,10,Clay,1,1000,100,-1000,Wet,Region1
2742,Maize,1.5,2,10000,20,200,100,Clay,1,1000,2000,-1000,Dry,Region2
2743,Rice,-5.0,5,100,20,50,10,Clay,1,1000,2000,-1000,Dry,Region1
2744,Maize,1.5,5,10000,20,200,10,Clay,0,1000,2000,-1000,Dry,Region2
2745,Rice,-5.0,5,5000,20,50,100,Clay,yes,-500,100,500,Dry,Region2
2746,Wheat,1.5,5,10000,20,50,10,Clay,yes,-500,100,-1000,Dry,Region1
2747,Maize,1.5,-1,100,20,50,10,Clay,yes,1000,100,-1000,Wet,Region1
2748,Maize,1.5,-1,100,100,50,10,Clay,yes,-500,100,-1000,Dry,Region2
2749,Maize,-5.0,-1,5000,100,200,100,Clay,1,-500,2000,-1000,Dry,Region2
2750,Wheat,1.5,2,100,20,50,10,Clay,1,-500,2000,500,Wet,Region1
2751,Wheat,-5.0,5,100,100,50,100,Sandy,yes,1000,2000,500,Wet,Region2
2752,Rice,-5.0,2,10000,45,200,10,Clay,0,-500,100,-1000,Dry,Region2
2753,Wheat,1.5,5,100,20,50,100,Sandy,1,1000,2000,500,Wet,Region1
2754,Wheat,1.5,-1,100,20,50,10,Sandy,1,1000,2000,500,Dry,Region1
2755,Rice,10.0,-1,5000,100,50,10,Clay,yes,-500,100,500,Dry,Region2
2756,Wheat,1.5,2,10000,45,50,10,Sandy,1,1000,100,-1000,Wet,Region1
2757,Maize,1.5,-1,10000,20,200,10,Clay,1,1000,2000,-1000,Dry,Region2
2758,Wheat,-5.0,5,5000,20,200,10,Clay,1,-500,2000,500,Dry,Region1
2759,Rice,1.5,-1,5000,20,200,100,Clay,yes,-500,100,500,Wet,Region2
2760,Wheat,1.5,2,10000,100,200,100,Clay,1,-500,100,500,Wet,Region1
2761,Rice,1.5,5,5000,100,200,10,Clay,0,-500,100,-1000,Dry,Region2
2762,Rice,10.0,-1,100,100,50,100,Clay,yes,-500,2000,500,Dry,Region1
2763,Wheat,1.5,-1,10000,45,50,10,Sandy,0,1000,2000,-1000,Wet,Region1
2764,Wheat,-5.0,5,100,45,200,100,Sandy,1,-500,2000,-1000,Dry,Region1
2765,Maize,10.0,-1,100,100,200,10,Clay,1,1000,100,500,Dry,Region2
2766,Rice,1.5,5,5000,20,200,100,Clay,yes,-500,100,-1000,Dry,Region1
2767,Maize,-5.0,5,10000,100,200,10,Sandy,0,-500,100,500,Wet,Region2
2768,Rice,-5.0,5,5000,100,50,100,Clay,0,-500,2000,-1000,Wet,Region2
2769,Maize,1.5,2,100,45,200,100,Sandy,0,-500,2000,500,Dry,Region1
2770,Maize,1.5,-1,5000,45,200,10,Clay,yes,-500,2000,500,Dry,Region2
2771,Rice,10.0,2,100,100,200,100,Clay,yes,-500,2000,-1000,Dry,Region2
2772,Rice,-5.0,2,10000,45,50,100,Clay,yes,1000,2000,-1000,Wet,Region2
2773,Wheat,10.0,-1,10000,45,50,10,Clay,1,1000,100,-1000,Wet,Region1
2774,Rice,10.0,-1,5000,45,50,100,Sandy,1,1000,100,500,Wet,Region1
2775,Wheat,10.0,-1,5000,20,50,100,Sandy,1,-500,100,-1000,Wet,Region1
2776,Maize,10.0,2,100,20,200,100,Clay,1,1000,2000,500,Wet,Region1
2777,Wheat,10.0,5,5000,45,200,100,Sandy,1,-500,100,500,Wet,Region1
2778,Maize,10.0,-1,10000,45,200,10,Sandy,0,1000,100,500,Wet,Region2
2779,Maize,1.5,2,10000,45,50,100,Clay,yes,-500,2000,500,Wet,Region1
2780,Wheat,-5.0,-1,10000,20,200,10,Sandy,yes,1000,2000,500,Wet,Region2
2781,Wheat,1.5,5,5000,45,50,10,Sandy,yes,1000,100,500,Wet,Region1
2782,Rice,10.0,5,100,45,50,100,Clay,1,-500,2000,500,Dry,Region1
2783,Wheat,1.5,2,5000,45,50,10,Clay,0,-500,2000,-1000,Wet,Region2
2784,Rice,10.0,-1,5000,20,50,10,Clay,yes,1000,100,500,Dry,Region2
2785,Rice,-5.0,-1,5000,20,50,10,Clay,1,-500,100,500,Wet,Region1
2786,Wheat,10.0,5,5000,100,200,10,Clay,1,1000,100,-1000,Wet,Region2
2787,Maize,10.0,5,5000,45,200,10,Sandy,0,1000,2000,500,Wet,Region1
2788,Rice,10.0,2,100,45,50,10,Sandy,0,1000,2000,500,Dry,Region1
2789,Maize,-5.0,5,10000,20,50,10,Sandy,yes,-500,100,500,Dry,Region1
2790,Wheat,10.0,5,100,45,50,10,Sandy,0,1000,2000,-1000,Dry,Region1
2791,Wheat,-5.0,2,5000,20,200,100,Sandy,yes,1000,100,500,Wet,Region2
2792,Wheat,-5.0,2,10000,45,200,10,Clay,1,-500,2000,-1000,Dry,Region1
2793,Wheat,10.0,5,10000,45,200,10,Sandy,yes,1000,100,-1000,Dry,Region1
2794,Maize,10.0,2,10000,45,200,10,Clay,yes,-500,2000,-1000,Dry,Region1
2795,Wheat,10.0,2,10000,20,50,100,Sandy,yes,1000,100,500,Wet,Region1
2796,Maize,10.0,2,5000,20,200,10,Sandy,yes,-500,100,-1000,Dry,Region2
2797,Wheat,10.0,-1,5000,45,50,10,Clay,1,1000,2000,-1000,Dry,Region1
2798,Wheat,-5.0,-1,100,100,200,100,Clay,0,1000,2000,-1000,Dry,Region1
2799,Wheat,10.0,2,5000,45,50,10,Clay,0,1000,2000,-1000,Wet,Region2
2800,Maize,10.0,5,5000,20,200,10,Sandy,yes,-500,100,-1000,Wet,Region1
2801,Rice,10.0,2,100,100,200,100,Sandy,1,1000,2000,500,Wet,Region2
2802,Wheat,10.0,-1,100,45,50,10,Sandy,1,-500,2000,500,Dry,Region1
2803,Rice,10.0,2,100,100,200,100,Sandy,0,1000,100,-1000,Wet,Region2
2804,Rice,1.5,5,10000,45,50,100,Clay,1,-500,2000,500,Dry,Region2
2805,Maize,10.0,-1,5000,20,200,10,Clay,0,1000,100,500,Dry,Region1
2806,Wheat,-5.0,2,100,100,200,10,Sandy,0,-500,100,500,Wet,Region1
2807,Wheat,10.0,5,100,100,200,10,Sandy,yes,-500,100,500,Wet,Region2
2808,Rice,10.0,2,100,100,50,100,Clay,1,1000,100,-1000,Dry,Region2
2809,Wheat,-5.0,5,100,20,50,100,Clay,0,-500,2000,-1000,Wet,Region2
2810,Wheat,-5.0,2,100,100,50,100,Sandy,yes,1000,100,-1000,Wet,Region2
2811,Wheat,1.5,2,10000,100,200,100,Clay,yes,1000,100,500,Wet,Region1
2812,Wheat,-5.0,5,5000,20,200,10,Sandy,0,-500,2000,-1000,Dry,Region1
2813,Rice,10.0,2,10000,100,200,10,Sandy,0,1000,2000,-1000,Wet,Region2
2814,Rice,10.0,5,10000,20,200,10,Sandy,0,-500,100,-1000,Wet,Region2
2815,Wheat,1.5,5,10000,45,200,100,Sandy,0,-500,100,-1000,Dry,Region2
2816,Wheat,-5.0,2,10000,20,200,100,Clay,0,1000,100,500,Wet,Region2
2817,Wheat,10.0,-1,10000,45,50,10,Clay,1,1000,2000,500,Dry,Region1
2818,Maize,1.5,5,5000,45,200,100,Clay,0,-500,2000,-1000,Dry,Region1
2819,Rice,1.5,2,5000,20,50,10,Sandy,0,-500,2000,-1000,Dry,Region2
2820,Rice,-5.0,2,5000,20,200,100,Clay,yes,-500,2000,500,Dry,Region2
2821,Wheat,1.5,5,5000,20,200,100,Sandy,yes,1000,100,500,Dry,Region1
2822,Rice,1.5,2,10000,45,200,10,Clay,0,1000,100,500,Wet,Region2
2823,Rice,1.5,5,5000,20,200,100,Clay,0,1000,2000,500,Dry,Region2
2824,Maize,1.5,5,100,45,200,10,Clay,0,1000,100,500,Wet,Region2
2825,Maize,10.0,2,100,45,50,10,Clay,yes,1000,2000,500,Wet,Region2
2826,Maize,1.5,5,10000,100,200,100,Sandy,yes,-500,2000,-1000,Dry,Region2
2827,Maize,-5.0,-1,10000,20,50,100,Clay,yes,-500,2000,500,Wet,Region1
2828,Wheat,10.0,-1,10000,20,200,10,Clay,1,-500,2000,500,Wet,Region2
2829,Maize,1.5,-1,10000,20,50,100,Clay,yes,-500,2000,500,Wet,Region2
2830,Maize,-5.0,5,100,45,200,100,Sandy,0,1000,2000,-1000,Dry,Region1
2831,Maize,-5.0,5,5000,45,50,10,Clay,yes,-500,2000,500,Wet,Region1
2832,Wheat,-5.0,-1,100,20,200,10,Sandy,yes,1000,100,500,Wet,Region2
2833,Maize,1.5,5,5000,45,50,10,Clay,yes,-500,100,-1000,Dry,Region2
2834,Maize,10.0,5,100,45,50,100,Sandy,1,1000,2000,500,Wet,Region1
2835,Rice,-5.0,-1,10000,20,200,100,Sandy,0,1000,2000,500,Dry,Region1
2836,Maize,1.5,2,100,45,200,100,Sandy,0,1000,100,-1000,Dry,Region2
2837,Maize,-5.0,2,10000,45,50,100,Sandy,yes,-500,2000,500,Wet,Region2
2838,Wheat,-5.0,2,5000,20,50,100,Sandy,yes,-500,100,-1000,Dry,Region1
2839,Rice,-5.0,5,100,100,50,10,Sandy,yes,1000,100,-1000,Dry,Region1
2840,Maize,-5.0,2,10000,100,200,100,Clay,1,1000,100,-1000,Wet,Region1
2841,Wheat,10.0,-1,10000,45,50,100,Sandy,0,1000,2000,-1000,Dry,Region2
2842,Wheat,-5.0,2,5000,100,200,10,Sandy,1,1000,2000,500,Dry,Region2
2843,Wheat,-5.0,5,5000,100,200,100,Clay,yes,1000,2000,500,Wet,Region1
2844,Maize,1.5,5,100,20,200,100,Sandy,0,1000,100,500,Dry,Region2
2845,Wheat,1.5,5,10000,20,50,100,Sandy,0,-500,2000,500,Wet,Region1
2846,Maize,-5.0,-1,10000,100,200,10,Clay,yes,1000,2000,500,Dry,Region2
2847,Rice,1.5,-1,100,20,50,100,Sandy,yes,1000,100,500,Dry,Region1
2848,Maize,-5.0,2,5000,20,200,100,Sandy,0,-500,100,500,Dry,Region1
2849,Wheat,-5.0,5,10000,45,200,100,Clay,1,-500,2000,500,Wet,Region2
2850,Wheat,1.5,5,100,100,50,10,Sandy,0,-500,100,500,Dry,Region2
2851,Rice,10.0,2,10000,20,50,10,Sandy,yes,1000,100,500,Wet,Region2
2852,Maize,-5.0,5,10000,100,50,10,Sandy,1,1000,2000,500,Wet,Region1
2853,Wheat,1.5,5,10000,100,50,100,Clay,1,-500,100,-1000,Wet,Region1
2854,Wheat,1.5,2,100,45,50,100,Clay,yes,-500,100,500,Dry,Region1
2855,Rice,-5.0,5,5000,100,50,10,Sandy,0,1000,2000,500,Dry,Region1
2856,Wheat,1.5,2,100,100,200,100,Sandy,yes,-500,100,500,Wet,Region1
2857,Wheat,10.0,5,100,100,200,10,Sandy,1,1000,2000,-1000,Wet,Region2
2858,Rice,10.0,2,10000,20,200,100,Sandy,0,1000,100,-1000,Dry,Region1
2859,Rice,1.5,-1,10000,100,50,10,Sandy,0,-500,100,500,Dry,Region1
2860,Rice,-5.0,-1,100,45,50,10,Clay,1,1000,100,-1000,Dry,Region2
2861,Maize,10.0,2,100,20,50,100,Sandy,yes,1000,100,500,Dry,Region1
2862,Wheat,10.0,2,100,20,50,10,Clay,yes,1000,2000,500,Dry,Region1
2863,Maize,-5.0,5,100,20,50,100,Clay,yes,1000,2000,500,Dry,Region1
2864,Wheat,10.0,2,10000,100,200,10,Clay,0,-500,2000,-1000,Dry,Region1
2865,Rice,1.5,-1,5000,100,200,10,Sandy,0,1000,2000,500,Wet,Region1
2866,Maize,1.5,5,100,20,200,10,Sandy,0,-500,2000,-1000,Dry,Region1
2867,Wheat,10.0,5,10000,20,50,100,Sandy,yes,1000,2000,-1000,Wet,Region1
2868,Wheat,1.5,2,100,100,200,10,Sandy,yes,1000,100,-1000,Dry,Region1
2869,Maize,10.0,-1,5000,20,50,100,Sandy,1,-500,100,500,Wet,Region2
2870,Rice,-5.0,-1,100,20,50,10,Sandy,1,1000,2000,500,Dry,Region2
2871,Wheat,10.0,-1,5000,45,50,100,Clay,0,-500,100,500,Wet,Region1
2872,Rice,-5.0,-1,100,20,50,100,Clay,1,-500,100,500,Dry,Region2
2873,Wheat,-5.0,-1,10000,45,200,10,Clay,1,-500,2000,-1000,Dry,Region2
2874,Rice,10.0,-1,10000,100,50,100,Sandy,yes,1000,2000,-1000,Wet,Region1
2875,Rice,-5.0,5,10000,100,200,100,Sandy,1,-500,2000,500,Wet,Region2
2876,Maize,10.0,5,5000,100,200,100,Sandy,1,1000,2000,500,Wet,Region1
2877,Wheat,1.5,2,10000,45,200,100,Clay,0,1000,2000,-1000,Dry,Region1
2878,Rice,10.0,2,10000,20,50,100,Sandy,yes,-500,100,-1000,Dry,Region2
2879,Wheat,1.5,2,10000,45,200,100,Clay,yes,1000,2000,500,Wet,Region2
2880,Maize,-5.0,-1,100,45,50,10,Clay,yes,1000,2000,-1000,Wet,Region2
2881,Rice,10.0,5,10000,100,200,10,Clay,1,1000,2000,500,Dry,Region2
2882,Maize,10.0,-1,10000,45,50,10,Sandy,1,-500,2000,-1000,Wet,Region2
2883,Rice,1.5,2,100,20,200,100,Clay,1,-500,100,-1000,Wet,Region2
2884,Wheat,10.0,-1,100,45,200,100,Sandy,yes,-500,100,500,Wet,Region2
2885,Maize,1.5,5,10000,20,50,10,Clay,yes,1000,100,-1000,Dry,Region1
2886,Wheat,1.5,5,100,20,50,100,Sandy,yes,-500,100,500,Wet,Region1
2887,Wheat,10.0,2,100,100,50,10,Clay,1,1000,100,-1000,Wet,Region1
2888,Rice,-5.0,-1,5000,45,50,10,Clay,1,1000,2000,500,Dry,Region1
2889,Wheat,-5.0,2,10000,45,50,10,Clay,0,-500,100,-1000,Wet,Region1
2890,Wheat,-5.0,2,10000,100,50,10,Clay,1,1000,100,500,Wet,Region1
2891,Rice,-5.0,2,100,100,200,100,Sandy,1,-500,2000,-1000,Wet,Region1
2892,Wheat,10.0,5,5000,45,50,10,Sandy,0,1000,100,-1000,Wet,Region1
2893,Rice,1.5,5,10000,20,50,100,Sandy,0,-500,2000,500,Wet,Region1
2894,Wheat,1.5,5,10000,100,50,100,Clay,1,-500,100,500,Dry,Region2
2895,Rice,1.5,-1,5000,100,50,100,Clay,0,1000,100,-1000,Dry,Region1
2896,Rice,10.0,-1,100,20,200,10,Sandy,yes,1000,2000,-1000,Dry,Region1
2897,Maize,1.5,-1,5000,100,50,10,Sandy,yes,-500,100,500,Wet,Region1
2898,Maize,1.5,-1,10000,100,200,100,Clay,yes,1000,2000,-1000,Dry,Region2
2899,Wheat,1.5,2,5000,45,50,10,Clay,yes,1000,100,-1000,Wet,Region2
2900,Rice,10.0,2,5000,20,50,100,Clay,yes,-500,2000,-1000,Dry,Region2
2901,Wheat,10.0,-1,5000,100,50,10,Sandy,0,1000,100,500,Dry,Region1
2902,Wheat,10.0,2,5000,45,50,100,Sandy,1,-500,2000,-1000,Dry,Region2
2903,Rice,10.0,-1,10000,20,200,10,Clay,1,1000,100,500,Wet,Region2
2904,Maize,1.5,-1,5000,100,200,100,Sandy,0,-500,2000,500,Dry,Region1
2905,Rice,-5.0,5,10000,100,50,100,Sandy,1,-500,100,500,Dry,Region2
2906,Rice,-5.0,5,100,100,200,100,Clay,1,-500,2000,500,Wet,Region2
2907,Maize,1.5,5,5000,45,200,10,Clay,1,-500,100,500,Wet,Region2
2908,Maize,-5.0,5,100,100,200,100,Clay,0,1000,2000,500,Dry,Region1
2909,Rice,-5.0,2,10000,20,50,10,Clay,1,1000,100,500,Wet,Region2
2910,Wheat,10.0,-1,100,20,200,10,Clay,yes,1000,100,-1000,Dry,Region1
2911,Rice,-5.0,-1,5000,45,50,10,Clay,yes,-500,2000,500,Dry,Region1
2912,Wheat,-5.0,5,10000,45,200,10,Sandy,1,-500,2000,-1000,Dry,Region1
2913,Wheat,1.5,-1,100,20,50,100,Clay,1,1000,100,500,Wet,Region2
2914,Rice,1.5,2,10000,45,50,100,Clay,yes,-500,2000,-1000,Dry,Region1
2915,Maize,-5.0,2,100,45,200,100,Clay,1,-500,2000,-1000,Dry,Region1
2916,Maize,10.0,5,100,20,200,10,Clay,0,1000,100,-1000,Wet,Region2
2917,Maize,1.5,-1,10000,100,50,10,Sandy,0,1000,2000,-1000,Wet,Region1
2918,Rice,-5.0,5,10000,45,200,100,Sandy,1,1000,100,-1000,Wet,Region2
2919,Maize,-5.0,5,5000,100,200,100,Sandy,0,-500,100,500,Dry,Region1
2920,Rice,10.0,5,5000,45,50,10,Clay,0,1000,2000,-1000,Wet,Region2
2921,Rice,-5.0,-1,10000,100,200,100,Sandy,1,-500,2000,500,Wet,Region1
2922,Wheat,1.5,5,10000,45,50,10,Sandy,0,1000,2000,-1000,Wet,Region1
2923,Maize,1.5,5,5000,100,200,10,Clay,yes,1000,2000,500,Dry,Region2
2924,Rice,10.0,2,10000,20,200,10,Sandy,yes,1000,100,-1000,Dry,Region1
2925,Rice,1.5,5,5000,20,200,100,Clay,0,1000,100,500,Wet,Region1
2926,Maize,1.5,-1,5000,100,200,10,Sandy,yes,1000,2000,-1000,Dry,Region2
2927,Rice,-5.0,2,100,45,200,100,Clay,0,1000,2000,500,Dry,Region1
2928,Maize,10.0,5,10000,45,50,10,Sandy,1,-500,100,500,Dry,Region1
2929,Maize,10.0,-1,100,20,50,10,Sandy,yes,-500,2000,-1000,Dry,Region1
2930,Maize,-5.0,-1,5000,45,200,100,Sandy,1,1000,100,-1000,Dry,Region1
2931,Wheat,10.0,-1,100,20,50,10,Clay,1,1000,100,500,Dry,Region2
2932,Rice,1.5,-1,10000,20,200,10,Sandy,yes,1000,2000,500,Wet,Region1
2933,Wheat,-5.0,-1,10000,45,200,100,Clay,1,-500,2000,500,Dry,Region2
2934,Rice,1.5,2,10000,45,200,10,Clay,yes,1000,100,-1000,Wet,Region1
2935,Maize,10.0,-1,5000,45,200,100,Sandy,1,-500,100,-1000,Wet,Region1
2936,Wheat,-5.0,5,100,45,50,100,Clay,1,-500,2000,500,Dry,Region1
2937,Maize,-5.0,-1,5000,45,200,100,Clay,yes,1000,2000,-1000,Dry,Region2
2938,Rice,10.0,5,100,100,200,10,Sandy,yes,1000,100,500,Dry,Region2
2939,Wheat,-5.0,-1,100,20,50,10,Clay,yes,-500,2000,500,Wet,Region2
2940,Maize,10.0,2,10000,100,200,100,Clay,yes,1000,100,500,Dry,Region1
2941,Rice,10.0,5,5000,100,200,10,Sandy,1,1000,2000,500,Dry,Region1
2942,Maize,10.0,2,5000,100,50,100,Sandy,yes,1000,2000,-1000,Dry,Region2
2943,Rice,10.0,-1,5000,45,50,10,Clay,0,1000,2000,-1000,Wet,Region2
2944,Wheat,10.0,2,100,100,200,100,Clay,0,-500,100,500,Dry,Region1
2945,Maize,10.0,-1,10000,45,50,100,Clay,1,1000,100,500,Dry,Region1
2946,Wheat,10.0,2,100,100,200,100,Clay,yes,1000,100,500,Dry,Region2
2947,Maize,-5.0,5,5000,45,50,10,Sandy,yes,1000,2000,-1000,Dry,Region2
2948,Maize,-5.0,-1,10000,100,50,10,Clay,0,-500,2000,500,Wet,Region2
2949,Rice,-5.0,-1,100,20,50,10,Sandy,yes,-500,2000,500,Wet,Region1
2950,Wheat,-5.0,2,5000,20,50,10,Sandy,0,1000,2000,500,Dry,Region2
2951,Maize,10.0,2,10000,20,50,100,Sandy,0,1000,100,500,Dry,Region1
2952,Rice,10.0,-1,10000,45,200,100,Sandy,0,1000,100,500,Dry,Region1
2953,Maize,-5.0,5,100,45,200,100,Sandy,1,-500,100,500,Wet,Region1
2954,Rice,1.5,-1,5000,45,200,100,Clay,0,1000,100,-1000,Wet,Region2
2955,Rice,1.5,2,5000,45,50,100,Sandy,1,1000,100,500,Wet,Region1
2956,Wheat,1.5,5,5000,20,200,100,Clay,1,-500,2000,500,Wet,Region2
2957,Rice,1.5,2,10000,100,50,10,Sandy,0,1000,100,-1000,Dry,Region1
2958,Rice,10.0,-1,100,45,200,100,Clay,yes,1000,100,-1000,Wet,Region2
2959,Wheat,1.5,-1,10000,45,50,10,Clay,1,1000,2000,-1000,Wet,Region1
2960,Rice,1.5,2,10000,45,50,10,Clay,1,-500,100,500,Dry,Region1
2961,Maize,-5.0,-1,10000,20,200,100,Sandy,1,-500,100,-1000,Wet,Region2
2962,Wheat,-5.0,-1,5000,45,200,10,Clay,0,-500,100,500,Wet,Region1
2963,Maize,1.5,-1,5000,20,50,10,Clay,yes,1000,2000,500,Wet,Region1
2964,Rice,10.0,2,5000,20,200,10,Clay,0,1000,100,-1000,Dry,Region2
2965,Maize,-5.0,2,5000,45,200,10,Sandy,1,1000,2000,-1000,Dry,Region1
2966,Wheat,-5.0,2,5000,100,200,10,Sandy,yes,1000,100,500,Dry,Region1
2967,Wheat,10.0,2,10000,100,50,10,Clay,0,1000,100,-1000,Wet,Region2
2968,Wheat,-5.0,-1,5000,20,50,100,Sandy,1,-500,2000,-1000,Wet,Region1
2969,Maize,10.0,5,5000,45,200,10,Clay,yes,1000,2000,-1000,Dry,Region2
2970,Wheat,1.5,5,5000,45,50,10,Clay,yes,-500,100,500,Wet,Region1
2971,Rice,1.5,5,5000,20,200,10,Sandy,0,-500,100,500,Wet,Region2
2972,Maize,10.0,-1,5000,100,50,100,Clay,yes,1000,100,500,Wet,Region2
2973,Wheat,1.5,-1,100,45,200,10,Sandy,yes,-500,100,500,Dry,Region1
2974,Rice,10.0,-1,5000,20,200,10,Clay,0,-500,2000,500,Dry,Region1
2975,Wheat,10.0,-1,100,45,50,100,Sandy,0,-500,2000,500,Dry,Region1
2976,Rice,10.0,2,10000,45,200,100,Sandy,0,-500,2000,-1000,Dry,Region2
2977,Rice,-5.0,5,5000,20,200,100,Clay,0,-500,100,500,Wet,Region1
2978,Maize,1.5,2,10000,45,50,10,Clay,yes,1000,2000,-1000,Wet,Region2
2979,Maize,-5.0,-1,5000,100,200,100,Sandy,0,1000,100,-1000,Dry,Region1
2980,Rice,1.5,2,100,100,200,10,Clay,1,1000,100,500,Wet,Region2
2981,Wheat,-5.0,2,5000,100,200,100,Sandy,yes,1000,100,500,Dry,Region1
2982,Wheat,10.0,5,100,45,200,100,Clay,1,-500,100,-1000,Wet,Region2
2983,Rice,1.5,2,100,100,200,10,Sandy,1,-500,100,500,Wet,Region2
2984,Rice,1.5,-1,100,45,50,100,Sandy,yes,1000,2000,500,Dry,Region2
2985,Rice,-5.0,5,10000,45,200,100,Sandy,yes,1000,100,500,Wet,Region1
2986,Wheat,-5.0,-1,10000,100,200,10,Clay,1,1000,100,-1000,Wet,Region2
2987,Maize,-5.0,5,5000,100,50,10,Clay,0,-500,2000,500,Dry,Region1
2988,Maize,10.0,2,10000,45,50,10,Sandy,1,-500,2000,-1000,Wet,Region1
2989,Rice,10.0,5,10000,100,50,100,Sandy,1,-500,100,500,Wet,Region2
2990,Rice,1.5,2,10000,20,200,10,Sandy,1,-500,100,500,Wet,Region2
2991,Rice,-5.0,5,5000,20,50,10,Sandy,yes,1000,2000,-1000,Dry,Region1
2992,Wheat,1.5,5,10000,45,200,100,Clay,0,1000,2000,-1000,Wet,Region2
2993,Rice,1.5,5,100,20,50,10,Clay,1,-500,2000,-1000,Wet,Region2
2994,Wheat,1.5,2,100,45,200,10,Sandy,1,1000,2000,500,Wet,Region2
2995,Maize,10.0,5,10000,45,200,100,Clay,0,-500,2000,-1000,Dry,Region2
2996,Wheat,-5.0,-1,10000,20,50,100,Sandy,0,-500,2000,500,Dry,Region2
2997,Rice,10.0,-1,10000,20,50,100,Sandy,yes,-500,100,-1000,Dry,Region1
2998,Maize,10.0,5,5000,20,200,100,Clay,0,1000,2000,-1000,Dry,Region1
2999,Rice,10.0,-1,100,100,50,10,Sandy,0,-500,100,500,Dry,Region2
3000,Rice,10.0,2,5000,100,200,10,Sandy,1,1000,100,500,Wet,Region2
3001,Rice,1.5,-1,100,20,50,10,Clay,yes,-500,2000,500,Wet,Region2
3002,Wheat,1.5,2,10000,100,50,100,Sandy,0,1000,2000,500,Dry,Region1
3003,Wheat,1.5,5,10000,20,50,100,Sandy,0,1000,2000,500,Wet,Region2
3004,Rice,1.5,5,5000,20,200,10,Clay,1,-500,2000,-1000,Dry,Region2
3005,Maize,1.5,2,10000,45,50,100,Sandy,0,1000,2000,-1000,Wet,Region2
3006,Wheat,10.0,-1,100,100,200,100,Sandy,yes,1000,2000,500,Dry,Region2
3007,Maize,10.0,-1,5000,45,200,10,Clay,0,-500,100,-1000,Wet,Region1
3008,Maize,10.0,5,5000,45,200,10,Sandy,1,1000,2000,500,Wet,Region2
3009,Maize,1.5,2,10000,45,200,10,Sandy,yes,-500,2000,500,Wet,Region2
3010,Wheat,10.0,5,5000,20,200,100,Clay,yes,-500,100,-1000,Wet,Region1
3011,Maize,10.0,5,10000,100,50,100,Sandy,1,-500,100,-1000,Wet,Region1
3012,Maize,1.5,5,100,45,50,100,Sandy,0,1000,2000,-1000,Wet,Region1
3013,Wheat,1.5,2,100,20,200,10,Clay,yes,1000,2000,-1000,Wet,Region1
3014,Wheat,10.0,-1,5000,100,50,100,Sandy,0,-500,2000,-1000,Dry,Region1
3015,Rice,-5.0,5,10000,20,50,10,Clay,yes,1000,100,500,Wet,Region2
3016,Wheat,1.5,-1,100,45,50,100,Clay,yes,1000,2000,500,Dry,Region1
3017,Rice,10.0,5,10000,100,200,10,Clay,yes,-500,2000,-1000,Dry,Region1
3018,Rice,1.5,5,100,100,50,10,Clay,0,-500,2000,500,Wet,Region1
3019,Wheat,10.0,-1,10000,45,200,10,Sandy,yes,-500,100,-1000,Wet,Region1
3020,Wheat,10.0,2,5000,20,50,100,Clay,1,-500,100,-1000,Dry,Region1
3021,Rice,1.5,-1,100,20,200,100,Clay,1,-500,2000,-1000,Dry,Region1
3022,Maize,1.5,2,100,45,200,100,Clay,yes,1000,2000,-1000,Dry,Region2
3023,Rice,10.0,5,5000,100,200,100,Sandy,yes,-500,100,500,Dry,Region1
3024,Wheat,-5.0,2,5000,20,50,100,Clay,0,-500,100,-1000,Wet,Region1
3025,Wheat,10.0,5,5000,20,200,100,Clay,1,1000,100,500,Dry,Region2
3026,Maize,-5.0,5,100,45,200,10,Clay,yes,1000,2000,500,Dry,Region1
3027,Rice,1.5,-1,5000,100,50,10,Sandy,1,-500,100,500,Wet,Region1
3028,Rice,-5.0,-1,100,45,200,100,Sandy,0,-500,2000,-1000,Wet,Region2
3029,Rice,-5.0,2,5000,45,200,100,Sandy,yes,-500,2000,-1000,Dry,Region2
3030,Wheat,10.0,-1,5000,45,200,10,Clay,1,-500,2000,500,Wet,Region1
3031,Wheat,-5.0,5,100,100,50,100,Clay,0,-500,2000,500,Wet,Region2
3032,Maize,-5.0,-1,10000,45,200,100,Sandy,0,-500,100,500,Wet,Region2
3033,Wheat,-5.0,-1,100,20,200,100,Clay,yes,-500,100,-1000,Dry,Region1
3034,Rice,10.0,5,5000,100,50,100,Sandy,1,-500,100,500,Dry,Region2
3035,Rice,-5.0,2,5000,20,50,100,Sandy,yes,1000,100,-1000,Dry,Region2
3036,Wheat,-5.0,-1,100,45,50,10,Clay,1,1000,100,-1000,Dry,Region1
3037,Maize,-5.0,5,100,20,50,100,Sandy,0,1000,2000,500,Dry,Region2
3038,Wheat,-5.0,-1,5000,20,50,100,Sandy,1,1000,100,-1000,Dry,Region2
3039,Rice,1.5,5,5000,45,50,100,Sandy,1,1000,100,-1000,Wet,Region1
3040,Wheat,1.5,2,100,45,200,100,Clay,yes,-500,100,-1000,Dry,Region2
3041,Rice,-5.0,-1,5000,100,200,10,Sandy,yes,1000,2000,500,Dry,Region1
3042,Rice,10.0,-1,5000,100,200,100,Clay,1,1000,2000,500,Dry,Region2
3043,Wheat,1.5,-1,10000,20,200,10,Clay,1,1000,2000,500,Wet,Region2
3044,Wheat,1.5,2,100,100,50,100,Clay,1,-500,100,-1000,Dry,Region2
3045,Maize,10.0,5,100,100,200,10,Clay,yes,1000,2000,500,Wet,Region1
3046,Maize,1.5,-1,100,45,200,10,Sandy,yes,-500,2000,-1000,Wet,Region1
3047,Rice,-5.0,5,100,20,50,100,Clay,1,1000,2000,500,Wet,Region1
3048,Wheat,1.5,-1,100,45,50,100,Sandy,yes,1000,2000,-1000,Dry,Region2
3049,Wheat,-5.0,-1,10000,45,200,100,Sandy,1,1000,2000,500,Wet,Region1
3050,Maize,1.5,5,100,45,200,10,Clay,1,1000,2000,-1000,Wet,Region1
3051,Rice,-5.0,-1,100,45,200,10,Sandy,yes,-500,100,-1000,Wet,Region2
3052,Maize,-5.0,-1,100,100,200,10,Sandy,0,1000,100,500,Wet,Region1
3053,Rice,1.5,-1,100,20,200,10,Sandy,0,-500,2000,-1000,Wet,Region1
3054,Wheat,10.0,5,100,20,50,10,Sandy,0,1000,100,500,Wet,Region2
3055,Rice,10.0,5,5000,100,50,100,Clay,yes,1000,100,500,Dry,Region2
3056,Maize,1.5,2,100,100,200,100,Sandy,yes,1000,2000,500,Wet,Region1
3057,Maize,-5.0,5,100,100,50,100,Sandy,0,1000,100,500,Wet,Region1
3058,Wheat,1.5,-1,10000,45,50,100,Clay,yes,1000,2000,500,Wet,Region2
3059,Rice,-5.0,5,5000,45,50,100,Clay,yes,1000,100,-1000,Wet,Region1
3060,Rice,-5.0,2,10000,20,50,100,Sandy,1,-500,2000,-1000,Dry,Region1
3061,Maize,1.5,-1,5000,100,200,100,Sandy,yes,-500,2000,-1000,Wet,Region2
3062,Rice,10.0,5,5000,100,50,100,Clay,0,-500,100,500,Dry,Region2
3063,Wheat,-5.0,2,100,45,50,10,Clay,yes,-500,100,-1000,Wet,Region1
3064,Maize,-5.0,2,100,45,50,10,Sandy,0,-500,2000,-1000,Dry,Region1
3065,Rice,10.0,5,10000,100,50,100,Clay,1,1000,100,500,Dry,Region1
3066,Rice,1.5,-1,10000,45,50,10,Sandy,yes,-500,2000,-1000,Wet,Region1
3067,Rice,-5.0,5,10000,45,50,10,Clay,yes,1000,2000,500,Dry,Region1
3068,Maize,10.0,-1,10000,100,200,10,Clay,1,1000,2000,-1000,Dry,Region1
3069,Rice,1.5,-1,10000,45,50,100,Clay,yes,-500,100,500,Wet,Region1
3070,Rice,1.5,-1,100,45,200,100,Sandy,yes,1000,100,-1000,Wet,Region2
3071,Maize,10.0,5,10000,45,200,10,Sandy,yes,-500,2000,500,Wet,Region2
3072,Rice,-5.0,5,10000,100,50,10,Sandy,0,1000,2000,-1000,Dry,Region1
3073,Maize,1.5,2,5000,20,200,10,Clay,0,1000,100,500,Dry,Region1
3074,Maize,1.5,2,100,100,200,100,Clay,0,-500,2000,500,Wet,Region2
3075,Maize,1.5,-1,5000,45,200,100,Sandy,yes,-500,100,-1000,Dry,Region2
3076,Wheat,1.5,5,10000,45,200,10,Clay,0,1000,2000,-1000,Wet,Region1
3077,Rice,-5.0,-1,5000,45,50,10,Sandy,1,-500,100,500,Wet,Region2
3078,Rice,10.0,2,10000,20,50,100,Sandy,1,-500,100,500,Dry,Region2
3079,Wheat,10.0,2,5000,45,50,100,Clay,1,-500,2000,500,Dry,Region2
3080,Wheat,10.0,2,100,20,200,10,Clay,yes,1000,2000,500,Wet,Region1
3081,Rice,1.5,5,10000,45,50,10,Clay,yes,-500,2000,500,Wet,Region1
3082,Wheat,-5.0,-1,100,20,50,10,Clay,0,-500,2000,500,Wet,Region2
3083,Rice,10.0,-1,10000,100,200,100,Sandy,yes,1000,2000,-1000,Dry,Region1
3084,Rice,1.5,5,100,20,50,100,Clay,1,-500,2000,-1000,Dry,Region1
3085,Rice,10.0,5,10000,45,50,100,Clay,0,-500,2000,500,Wet,Region2
3086,Wheat,10.0,2,5000,45,200,100,Clay,yes,1000,100,-1000,Wet,Region2
3087,Rice,1.5,2,100,45,200,100,Clay,1,-500,2000,500,Wet,Region2
3088,Wheat,-5.0,2,100,100,200,100,Clay,0,-500,2000,-1000,Wet,Region2
3089,Maize,-5.0,-1,100,20,200,10,Sandy,yes,1000,2000,500,Dry,Region2
3090,Maize,-5.0,2,100,20,50,10,Clay,1,1000,100,-1000,Dry,Region1
3091,Rice,1.5,-1,5000,100,200,100,Clay,1,-500,2000,500,Dry,Region1
3092,Wheat,10.0,5,5000,20,50,100,Clay,yes,1000,2000,-1000,Dry,Region1
3093,Wheat,1.5,5,5000,45,200,10,Sandy,yes,-500,2000,-1000,Dry,Region1
3094,Wheat,10.0,2,10000,45,200,10,Clay,0,1000,2000,500,Wet,Region1
3095,Maize,10.0,5,100,100,200,100,Clay,yes,1000,100,-1000,Wet,Region2
3096,Rice,1.5,-1,5000,45,200,10,Clay,1,1000,2000,500,Wet,Region1
3097,Rice,-5.0,2,5000,100,50,100,Clay,0,-500,100,-1000,Dry,Region1
3098,Maize,10.0,5,5000,20,50,10,Sandy,yes,-500,100,500,Wet,Region2
3099,Maize,-5.0,2,5000,100,50,100,Sandy,1,1000,2000,-1000,Wet,Region2
3100,Wheat,10.0,-1,5000,20,50,10,Clay,1,-500,100,500,Dry,Region2
3101,Wheat,-5.0,5,100,100,50,10,Sandy,1,1000,100,-1000,Dry,Region1
3102,Maize,10.0,2,5000,45,50,10,Clay,0,1000,2000,-1000,Dry,Region1
3103,Wheat,-5.0,5,100,100,50,10,Clay,0,-500,2000,500,Wet,Region1
3104,Wheat,10.0,-1,5000,100,50,100,Sandy,yes,-500,100,500,Wet,Region2
3105,Wheat,10.0,5,100,100,50,10,Clay,yes,1000,100,500,Wet,Region2
3106,Rice,10.0,-1,5000,100,200,100,Clay,0,1000,100,-1000,Wet,Region1
3107,Wheat,10.0,-1,10000,20,200,10,Sandy,yes,-500,100,500,Wet,Region1
3108,Wheat,-5.0,5,10000,45,50,100,Sandy,yes,-500,100,500,Wet,Region1
3109,Rice,-5.0,5,10000,100,200,100,Clay,1,-500,2000,-1000,Dry,Region1
3110,Maize,1.5,-1,10000,100,200,10,Sandy,1,1000,2000,-1000,Dry,Region2
3111,Maize,10.0,-1,5000,45,50,100,Sandy,yes,1000,2000,-1000,Wet,Region2
3112,Rice,-5.0,5,100,45,50,10,Clay,yes,1000,2000,500,Wet,Region1
3113,Wheat,10.0,5,100,20,50,10,Sandy,1,-500,2000,-1000,Wet,Region2
3114,Maize,10.0,-1,100,45,50,10,Sandy,yes,1000,2000,500,Wet,Region1
3115,Maize,-5.0,2,100,45,50,10,Clay,1,-500,2000,500,Wet,Region1
3116,Rice,-5.0,2,5000,20,200,100,Sandy,0,-500,2000,-1000,Dry,Region1
3117,Maize,1.5,2,100,45,50,100,Sandy,1,-500,100,500,Dry,Region1
3118,Maize,-5.0,5,5000,45,200,10,Sandy,0,1000,100,-1000,Wet,Region2
3119,Rice,1.5,2,10000,100,50,10,Sandy,yes,-500,2000,-1000,Dry,Region2
3120,Wheat,1.5,-1,100,100,50,100,Sandy,0,-500,2000,500,Wet,Region2
3121,Rice,-5.0,5,5000,45,200,100,Sandy,1,1000,2000,500,Wet,Region1
3122,Wheat,1.5,2,10000,45,50,10,Clay,0,1000,2000,-1000,Dry,Region2
3123,Wheat,10.0,2,100,20,200,100,Sandy,yes,-500,100,500,Dry,Region1
3124,Rice,10.0,5,100,45,50,10,Sandy,0,1000,100,-1000,Wet,Region2
3125,Maize,1.5,2,5000,100,200,10,Clay,1,-500,2000,500,Dry,Region2
3126,Wheat,-5.0,5,10000,45,200,100,Clay,yes,1000,100,500,Dry,Region2
3127,Maize,-5.0,2,10000,45,200,100,Clay,1,1000,2000,-1000,Dry,Region2
3128,Rice,1.5,2,5000,20,50,10,Clay,1,-500,2000,-1000,Wet,Region2
3129,Rice,1.5,2,100,20,200,10,Clay,1,1000,2000,500,Wet,Region2
3130,Wheat,10.0,-1,100,20,200,100,Sandy,1,-500,100,500,Dry,Region2
3131,Maize,10.0,5,100,20,200,100,Sandy,yes,1000,100,-1000,Wet,Region2
3132,Rice,1.5,5,100,100,50,100,Clay,yes,-500,2000,500,Dry,Region1
3133,Maize,-5.0,2,5000,45,200,100,Clay,1,1000,100,500,Wet,Region2
3134,Maize,10.0,2,100,45,200,10,Clay,0,1000,100,-1000,Dry,Region1
3135,Maize,10.0,-1,100,45,50,10,Sandy,1,-500,100,500,Wet,Region1
3136,Wheat,1.5,5,5000,45,200,100,Sandy,0,1000,2000,-1000,Wet,Region1
3137,Wheat,1.5,2,100,20,200,100,Sandy,1,-500,100,-1000,Wet,Region2
3138,Rice,-5.0,-1,10000,45,50,100,Clay,0,1000,100,-1000,Dry,Region1
3139,Rice,1.5,5,100,45,50,100,Sandy,0,-500,100,-1000,Wet,Region2
3140,Wheat,1.5,5,100,20,200,100,Sandy,1,1000,2000,-1000,Wet,Region1
3141,Wheat,10.0,2,100,45,200,10,Sandy,yes,1000,2000,-1000,Wet,Region1
3142,Wheat,10.0,5,10000,20,50,100,Clay,1,1000,100,-1000,Dry,Region2
3143,Rice,-5.0,5,100,20,50,10,Sandy,1,1000,100,500,Dry,Region1
3144,Maize,-5.0,5,10000,20,200,10,Sandy,yes,-500,100,-1000,Dry,Region1
3145,Rice,1.5,5,10000,100,200,100,Clay,1,-500,2000,500,Dry,Region2
3146,Maize,-5.0,-1,100,20,50,10,Clay,yes,1000,100,500,Dry,Region1
3147,Maize,10.0,5,10000,20,200,100,Sandy,1,1000,2000,-1000,Dry,Region2
3148,Maize,1.5,2,10000,100,50,100,Clay,0,1000,100,500,Dry,Region2
3149,Wheat,10.0,-1,10000,100,200,100,Sandy,1,1000,100,-1000,Wet,Region1
3150,Rice,-5.0,2,100,20,200,10,Clay,yes,-500,2000,500,Dry,Region2
3151,Wheat,10.0,5,10000,20,200,10,Sandy,yes,-500,2000,-1000,Dry,Region2
3152,Maize,1.5,2,10000,20,200,100,Sandy,yes,-500,100,-1000,Wet,Region2
3153,Rice,-5.0,2,10000,100,50,100,Sandy,yes,-500,2000,-1000,Wet,Region1
3154,Rice,-5.0,5,100,100,50,10,Sandy,0,1000,2000,-1000,Dry,Region1
3155,Rice,-5.0,5,5000,20,200,100,Clay,yes,-500,2000,500,Wet,Region1
3156,Wheat,10.0,5,100,100,200,100,Clay,yes,-500,100,-1000,Dry,Region2
3157,Rice,-5.0,5,100,100,200,10,Clay,yes,-500,100,-1000,Wet,Region1
3158,Wheat,-5.0,5,100,100,200,100,Sandy,1,1000,2000,500,Wet,Region1
3159,Wheat,10.0,-1,5000,45,50,100,Clay,1,-500,100,-1000,Dry,Region1
3160,Wheat,1.5,5,5000,100,200,10,Clay,yes,-500,100,500,Wet,Region2
3161,Maize,10.0,-1,10000,45,200,100,Clay,1,1000,100,500,Wet,Region1
3162,Wheat,-5.0,-1,5000,20,200,10,Clay,0,-500,100,500,Wet,Region2
3163,Wheat,-5.0,5,10000,20,50,10,Sandy,yes,1000,100,500,Dry,Region1
3164,Wheat,-5.0,-1,100,100,50,10,Sandy,yes,1000,2000,500,Dry,Region2
3165,Wheat,-5.0,2,100,100,50,10,Clay,1,1000,2000,-1000,Wet,Region1
3166,Wheat,10.0,5,5000,45,50,10,Clay,yes,1000,100,-1000,Dry,Region1
3167,Maize,-5.0,-1,100,100,200,10,Sandy,0,1000,100,500,Wet,Region2
3168,Maize,-5.0,-1,100,45,50,100,Clay,1,-500,2000,-1000,Wet,Region2
3169,Wheat,10.0,5,10000,45,50,100,Clay,0,1000,2000,-1000,Dry,Region2
3170,Maize,-5.0,5,5000,45,200,100,Sandy,1,1000,2000,500,Dry,Region1
3171,Maize,-5.0,5,10000,20,200,100,Sandy,0,1000,100,-1000,Wet,Region2
3172,Wheat,1.5,5,100,45,50,100,Clay,yes,1000,100,-1000,Wet,Region1
3173,Wheat,1.5,5,100,20,200,100,Sandy,1,-500,100,500,Wet,Region2
3174,Wheat,10.0,2,10000,100,50,100,Clay,1,1000,100,-1000,Dry,Region2
3175,Wheat,-5.0,5,5000,20,200,10,Sandy,0,1000,100,-1000,Wet,Region2
3176,Rice,1.5,5,10000,20,200,10,Clay,0,-500,2000,500,Wet,Region1
3177,Rice,1.5,5,10000,100,200,10,Clay,yes,-500,2000,500,Dry,Region2
3178,Rice,10.0,2,10000,20,50,100,Sandy,yes,-500,2000,500,Dry,Region1
3179,Maize,-5.0,5,10000,45,50,100,Sandy,1,1000,2000,-1000,Wet,Region2
3180,Maize,-5.0,-1,100,45,200,100,Clay,1,1000,100,500,Wet,Region2
3181,Maize,-5.0,-1,5000,45,50,10,Clay,1,1000,2000,500,Dry,Region1
3182,Maize,-5.0,2,10000,20,200,10,Sandy,1,1000,100,500,Wet,Region2
3183,Maize,10.0,5,100,20,50,100,Clay,1,1000,2000,-1000,Wet,Region2
3184,Maize,-5.0,5,5000,20,50,10,Sandy,0,-500,2000,-1000,Dry,Region1
3185,Rice,-5.0,2,10000,100,50,10,Sandy,0,1000,100,-1000,Wet,Region1
3186,Rice,-5.0,5,10000,45,50,100,Sandy,yes,1000,100,500,Wet,Region1
3187,Wheat,10.0,2,5000,100,50,100,Clay,1,-500,100,500,Wet,Region2
3188,Wheat,-5.0,2,100,100,50,10,Clay,yes,1000,100,-1000,Dry,Region1
3189,Wheat,-5.0,-1,10000,100,50,10,Sandy,1,-500,100,-1000,Dry,Region2
3190,Maize,1.5,-1,5000,100,200,100,Sandy,yes,1000,2000,-1000,Wet,Region1
3191,Maize,1.5,5,5000,20,200,10,Clay,0,1000,2000,500,Wet,Region1
3192,Maize,-5.0,5,5000,20,200,100,Sandy,yes,-500,100,-1000,Dry,Region1
3193,Rice,10.0,2,5000,20,50,100,Sandy,1,1000,100,500,Wet,Region1
3194,Rice,10.0,-1,10000,20,200,10,Clay,1,-500,2000,500,Dry,Region1
3195,Maize,1.5,5,5000,100,200,100,Sandy,1,1000,100,-1000,Wet,Region2
3196,Wheat,1.5,2,10000,45,50,100,Clay,1,-500,100,-1000,Dry,Region1
3197,Rice,1.5,2,5000,100,50,100,Clay,1,-500,100,-1000,Wet,Region1
3198,Maize,10.0,-1,100,100,200,10,Clay,0,-500,100,-1000,Dry,Region1
3199,Maize,1.5,5,100,45,200,10,Sandy,1,1000,100,-1000,Dry,Region1
3200,Wheat,-5.0,5,100,45,200,10,Sandy,1,1000,100,-1000,Dry,Region1
3201,Rice,10.0,2,10000,100,50,10,Sandy,0,1000,100,500,Dry,Region2
3202,Wheat,1.5,5,5000,45,50,10,Sandy,yes,1000,2000,500,Wet,Region1
3203,Maize,1.5,2,5000,100,50,100,Sandy,yes,1000,100,500,Wet,Region2
3204,Wheat,1.5,2,10000,45,200,100,Clay,1,-500,2000,-1000,Wet,Region1
3205,Rice,1.5,2,10000,45,200,100,Clay,0,-500,100,500,Wet,Region1
3206,Rice,1.5,2,10000,45,50,10,Sandy,1,-500,100,500,Wet,Region2
3207,Wheat,1.5,-1,100,20,50,100,Sandy,1,1000,2000,-1000,Wet,Region2
3208,Rice,10.0,5,10000,100,50,100,Sandy,1,-500,100,500,Dry,Region2
3209,Maize,-5.0,-1,10000,45,50,100,Sandy,1,1000,2000,-1000,Dry,Region2
3210,Rice,-5.0,-1,100,20,50,100,Sandy,0,-500,100,-1000,Dry,Region1
3211,Wheat,10.0,5,100,20,50,100,Sandy,yes,1000,2000,-1000,Dry,Region2
3212,Maize,10.0,5,100,100,200,100,Clay,1,1000,2000,-1000,Dry,Region1
3213,Wheat,-5.0,5,10000,20,200,100,Clay,yes,1000,2000,500,Wet,Region2
3214,Wheat,1.5,2,5000,45,50,100,Clay,0,-500,2000,500,Wet,Region1
3215,Wheat,-5.0,2,100,100,50,100,Sandy,yes,1000,100,-1000,Wet,Region2
3216,Rice,-5.0,-1,100,100,200,10,Clay,0,1000,2000,-1000,Dry,Region1
3217,Maize,10.0,5,5000,45,50,100,Clay,0,-500,100,500,Wet,Region1
3218,Rice,10.0,-1,5000,100,200,100,Clay,yes,1000,100,500,Wet,Region1
3219,Rice,-5.0,-1,10000,20,50,10,Sandy,0,-500,100,500,Wet,Region2
3220,Maize,1.5,2,100,100,200,100,Clay,1,1000,100,-1000,Wet,Region2
3221,Wheat,1.5,-1,100,100,50,100,Sandy,yes,-500,100,500,Dry,Region2
3222,Maize,1.5,5,10000,100,200,100,Sandy,0,1000,2000,-1000,Dry,Region2
3223,Wheat,1.5,5,5000,100,50,100,Sandy,1,1000,2000,500,Dry,Region2
3224,Rice,1.5,5,10000,100,200,100,Clay,1,1000,100,500,Dry,Region2
3225,Wheat,-5.0,2,5000,20,50,100,Sandy,0,1000,100,-1000,Wet,Region1
3226,Rice,1.5,2,100,20,200,10,Sandy,1,-500,100,500,Wet,Region2
3227,Rice,-5.0,-1,100,100,50,10,Sandy,yes,-500,2000,500,Dry,Region2
3228,Wheat,-5.0,5,10000,45,50,100,Sandy,1,-500,100,500,Wet,Region2
3229,Rice,10.0,2,100,20,50,100,Clay,0,1000,2000,-1000,Dry,Region2
3230,Rice,-5.0,5,100,100,200,100,Sandy,yes,-500,2000,-1000,Dry,Region1
3231,Maize,10.0,2,100,45,200,100,Sandy,yes,1000,2000,500,Wet,Region1
3232,Maize,-5.0,5,10000,100,50,100,Sandy,0,1000,100,-1000,Dry,Region1
3233,Maize,10.0,2,5000,20,50,10,Sandy,0,-500,100,500,Dry,Region2
3234,Wheat,-5.0,-1,5000,100,50,10,Clay,0,-500,100,500,Dry,Region1
3235,Rice,1.5,5,10000,45,200,10,Clay,yes,1000,100,500,Dry,Region1
3236,Maize,-5.0,5,100,100,50,10,Sandy,0,-500,100,500,Wet,Region2
3237,Wheat,-5.0,2,100,45,200,10,Clay,yes,-500,100,-1000,Wet,Region2
3238,Maize,1.5,5,100,45,200,100,Clay,0,1000,100,500,Dry,Region1
3239,Maize,-5.0,5,5000,20,200,100,Clay,yes,1000,100,500,Dry,Region1
3240,Wheat,10.0,5,100,45,50,10,Clay,1,1000,100,-1000,Dry,Region2
3241,Maize,1.5,-1,100,20,200,100,Clay,1,-500,2000,-1000,Dry,Region1
3242,Maize,1.5,-1,100,100,200,10,Sandy,1,-500,2000,-1000,Dry,Region2
3243,Rice,1.5,-1,100,45,200,10,Clay,0,1000,2000,-1000,Dry,Region2
3244,Wheat,1.5,2,10000,100,200,10,Clay,1,-500,2000,500,Dry,Region2
3245,Maize,10.0,2,100,100,50,100,Sandy,yes,1000,2000,-1000,Wet,Region2
3246,Wheat,1.5,-1,100,45,50,100,Clay,1,-500,2000,-1000,Dry,Region1
3247,Rice,1.5,2,5000,100,200,100,Sandy,0,-500,100,500,Dry,Region1
3248,Wheat,-5.0,-1,100,45,200,100,Clay,1,-500,100,500,Wet,Region2
3249,Maize,1.5,5,10000,45,200,10,Clay,yes,1000,2000,500,Dry,Region2
3250,Rice,1.5,2,100,100,50,10,Sandy,1,1000,2000,-1000,Dry,Region1
3251,Wheat,-5.0,5,100,20,50,10,Clay,yes,1000,100,-1000,Wet,Region1
3252,Maize,1.5,5,5000,45,200,100,Clay,0,1000,2000,-1000,Dry,Region1
3253,Maize,1.5,5,5000,20,200,10,Clay,0,1000,2000,500,Wet,Region1
3254,Maize,1.5,5,100,20,50,10,Clay,0,-500,2000,-1000,Dry,Region1
3255,Maize,10.0,-1,10000,45,50,10,Clay,0,-500,100,-1000,Dry,Region1
3256,Wheat,-5.0,-1,100,45,50,100,Sandy,1,-500,100,-1000,Wet,Region2
3257,Wheat,10.0,2,100,45,50,10,Clay,1,1000,100,500,Wet,Region1
3258,Wheat,1.5,5,100,100,50,100,Sandy,1,1000,100,-1000,Wet,Region2
3259,Maize,-5.0,-1,100,45,200,10,Clay,0,-500,2000,-1000,Dry,Region1
3260,Wheat,1.5,5,100,20,50,10,Clay,1,-500,2000,500,Dry,Region1
3261,Rice,-5.0,5,10000,20,50,10,Sandy,0,1000,100,500,Wet,Region1
3262,Rice,-5.0,-1,100,20,50,10,Clay,1,1000,100,500,Dry,Region2
3263,Rice,-5.0,-1,10000,20,50,10,Sandy,1,-500,100,500,Wet,Region2
3264,Wheat,10.0,5,5000,100,200,10,Clay,0,1000,100,-1000,Wet,Region2
3265,Maize,10.0,5,5000,45,50,10,Sandy,0,-500,2000,500,Dry,Region2
3266,Maize,-5.0,5,100,100,200,10,Clay,yes,-500,100,500,Dry,Region1
3267,Wheat,10.0,5,5000,20,50,10,Clay,1,1000,100,500,Wet,Region1
3268,Wheat,-5.0,-1,100,20,200,100,Sandy,yes,-500,2000,500,Dry,Region2
3269,Rice,-5.0,-1,100,45,200,10,Clay,yes,1000,2000,500,Dry,Region1
3270,Wheat,-5.0,-1,100,100,200,100,Sandy,1,-500,2000,500,Dry,Region2
3271,Rice,10.0,2,5000,100,200,10,Sandy,yes,1000,2000,500,Wet,Region2
3272,Rice,1.5,5,10000,100,200,100,Sandy,0,1000,2000,500,Wet,Region1
3273,Wheat,-5.0,2,100,100,50,10,Clay,yes,1000,2000,500,Wet,Region2
3274,Wheat,-5.0,-1,5000,100,50,10,Clay,0,1000,2000,500,Wet,Region1
3275,Wheat,1.5,2,100,45,200,10,Clay,yes,1000,100,-1000,Dry,Region2
3276,Rice,-5.0,2,5000,20,50,100,Sandy,yes,-500,100,500,Wet,Region2
3277,Maize,-5.0,5,100,100,50,100,Sandy,yes,-500,100,-1000,Dry,Region1
3278,Wheat,10.0,-1,100,45,200,10,Sandy,yes,-500,2000,-1000,Dry,Region1
3279,Rice,-5.0,-1,10000,45,50,100,Sandy,yes,-500,100,500,Dry,Region2
3280,Maize,10.0,5,100,100,200,10,Sandy,0,1000,2000,-1000,Dry,Region2
3281,Rice,-5.0,-1,10000,100,50,10,Clay,0,1000,2000,500,Wet,Region1
3282,Rice,1.5,-1,100,20,200,100,Clay,1,1000,2000,500,Wet,Region2
3283,Rice,10.0,-1,5000,100,50,10,Sandy,0,-500,100,-1000,Dry,Region1
3284,Wheat,-5.0,-1,5000,45,200,10,Clay,yes,-500,2000,-1000,Wet,Region2
3285,Maize,-5.0,5,5000,45,200,10,Sandy,yes,-500,2000,-1000,Dry,Region1
3286,Rice,10.0,-1,5000,20,50,100,Clay,1,1000,2000,500,Dry,Region2
3287,Maize,1.5,-1,10000,100,200,10,Clay,yes,1000,100,-1000,Dry,Region1
3288,Wheat,1.5,5,100,20,50,100,Sandy,1,-500,2000,-1000,Dry,Region2
3289,Wheat,-5.0,-1,100,100,200,10,Clay,yes,1000,2000,500,Dry,Region1
3290,Maize,-5.0,2,10000,100,200,100,Clay,yes,-500,2000,-1000,Wet,Region1
3291,Maize,10.0,5,10000,45,50,10,Clay,0,-500,2000,500,Dry,Region2
3292,Maize,1.5,5,5000,45,50,100,Clay,0,1000,100,500,Wet,Region1
3293,Wheat,-5.0,-1,5000,45,200,10,Clay,1,-500,2000,500,Wet,Region2
3294,Maize,-5.0,5,5000,20,200,100,Clay,1,1000,100,-1000,Wet,Region2
3295,Rice,10.0,5,100,100,200,100,Clay,1,1000,100,-1000,Dry,Region2
3296,Maize,1.5,5,5000,100,50,10,Sandy,yes,1000,100,500,Dry,Region2
3297,Wheat,1.5,5,10000,20,50,10,Sandy,1,1000,2000,500,Wet,Region2
3298,Wheat,-5.0,5,10000,45,200,10,Sandy,1,1000,100,500,Dry,Region2
3299,Maize,1.5,2,5000,20,200,10,Sandy,1,-500,100,-1000,Wet,Region1
3300,Wheat,10.0,2,100,45,200,100,Clay,0,1000,100,-1000,Wet,Region1
3301,Rice,-5.0,2,10000,45,50,10,Clay,0,1000,2000,500,Wet,Region1
3302,Wheat,1.5,2,10000,100,50,10,Clay,0,-500,100,500,Dry,Region1
3303,Rice,-5.0,2,100,20,200,10,Clay,0,-500,2000,-1000,Wet,Region2
3304,Maize,1.5,5,10000,100,50,100,Clay,yes,1000,100,-1000,Dry,Region1
3305,Rice,1.5,2,5000,100,200,10,Clay,yes,1000,2000,500,Dry,Region2
3306,Rice,-5.0,5,10000,45,50,10,Sandy,yes,-500,100,500,Wet,Region1
3307,Maize,-5.0,5,10000,45,50,100,Clay,1,-500,2000,-1000,Wet,Region1
3308,Maize,10.0,2,5000,100,200,10,Sandy,yes,-500,100,-1000,Wet,Region2
3309,Wheat,1.5,5,10000,100,50,100,Sandy,yes,1000,100,-1000,Wet,Region1
3310,Maize,1.5,2,100,100,200,10,Clay,1,1000,2000,500,Wet,Region2
3311,Maize,-5.0,-1,5000,45,200,100,Clay,0,1000,2000,500,Wet,Region2
3312,Maize,-5.0,5,10000,45,50,100,Clay,yes,1000,2000,500,Wet,Region1
3313,Wheat,1.5,2,10000,20,50,100,Sandy,0,-500,2000,500,Dry,Region1
3314,Wheat,-5.0,-1,5000,45,200,100,Sandy,yes,1000,100,500,Wet,Region1
3315,Wheat,-5.0,-1,10000,45,50,10,Sandy,1,-500,2000,500,Wet,Region1
3316,Wheat,10.0,5,100,45,200,10,Sandy,yes,1000,2000,-1000,Wet,Region1
3317,Maize,10.0,5,100,20,200,100,Sandy,yes,1000,2000,500,Dry,Region2
3318,Maize,-5.0,5,5000,100,50,10,Sandy,1,1000,100,-1000,Wet,Region2
3319,Wheat,1.5,5,5000,45,200,100,Clay,0,1000,2000,-1000,Wet,Region1
3320,Wheat,10.0,5,100,100,200,10,Clay,1,-500,100,500,Wet,Region2
3321,Maize,10.0,2,10000,20,200,100,Clay,yes,-500,2000,-1000,Dry,Region2
3322,Wheat,-5.0,5,100,100,200,100,Sandy,0,1000,100,500,Dry,Region2
3323,Wheat,-5.0,5,100,45,200,100,Clay,0,1000,100,500,Wet,Region1
3324,Wheat,1.5,5,5000,45,50,10,Clay,1,-500,100,500,Wet,Region1
3325,Wheat,-5.0,-1,5000,100,50,100,Clay,yes,-500,2000,-1000,Dry,Region2
3326,Maize,1.5,2,5000,20,50,100,Clay,0,1000,2000,500,Dry,Region1
3327,Maize,1.5,5,100,100,200,10,Clay,0,1000,100,-1000,Wet,Region2
3328,Rice,1.5,5,10000,45,50,10,Sandy,1,-500,100,500,Dry,Region2
3329,Wheat,-5.0,5,100,100,50,100,Sandy,yes,-500,2000,500,Dry,Region1
3330,Rice,10.0,2,10000,45,200,100,Clay,1,1000,2000,500,Wet,Region2
3331,Rice,-5.0,-1,100,100,200,100,Clay,yes,-500,2000,500,Wet,Region2
3332,Wheat,10.0,-1,5000,20,50,10,Clay,0,1000,100,500,Wet,Region2
3333,Rice,10.0,-1,5000,45,200,100,Sandy,yes,-500,100,500,Dry,Region2
3334,Wheat,-5.0,2,10000,100,50,100,Clay,yes,1000,2000,-1000,Dry,Region1
3335,Wheat,10.0,5,5000,100,200,10,Sandy,0,1000,100,-1000,Dry,Region1
3336,Rice,10.0,-1,5000,45,50,10,Clay,0,-500,100,-1000,Wet,Region1
3337,Rice,-5.0,2,100,100,50,10,Sandy,0,1000,2000,500,Dry,Region1
3338,Maize,-5.0,2,10000,45,200,100,Clay,yes,1000,2000,-1000,Wet,Region1
3339,Rice,-5.0,-1,10000,100,50,100,Clay,0,1000,2000,-1000,Dry,Region1
3340,Rice,-5.0,2,10000,20,200,100,Clay,yes,1000,2000,500,Dry,Region2
3341,Wheat,-5.0,5,5000,100,50,10,Clay,yes,-500,100,500,Wet,Region1
3342,Rice,-5.0,2,10000,100,200,10,Sandy,yes,1000,2000,-1000,Dry,Region2
3343,Rice,-5.0,-1,10000,100,50,10,Clay,yes,1000,100,500,Wet,Region1
3344,Maize,-5.0,-1,5000,20,200,10,Sandy,yes,1000,2000,-1000,Wet,Region2
3345,Rice,10.0,2,100,100,200,10,Clay,0,1000,2000,-1000,Dry,Region2
3346,Rice,-5.0,2,10000,100,200,10,Sandy,0,1000,2000,-1000,Dry,Region1
3347,Maize,-5.0,5,100,100,200,100,Clay,1,-500,2000,500,Wet,Region2
3348,Maize,10.0,2,10000,20,200,100,Sandy,0,-500,2000,-1000,Dry,Region2
3349,Rice,10.0,-1,10000,20,50,100,Clay,0,1000,100,-1000,Dry,Region2
3350,Wheat,10.0,5,100,100,200,100,Clay,0,1000,100,500,Dry,Region2
3351,Rice,1.5,-1,100,45,200,100,Sandy,0,1000,100,-1000,Dry,Region1
3352,Maize,-5.0,5,100,45,200,100,Clay,0,1000,2000,500,Wet,Region2
3353,Rice,-5.0,2,5000,45,200,10,Clay,yes,1000,2000,-1000,Dry,Region1
3354,Rice,10.0,5,10000,20,50,10,Sandy,yes,-500,2000,-1000,Dry,Region1
3355,Wheat,10.0,-1,100,20,200,100,Clay,yes,1000,2000,500,Wet,Region2
3356,Maize,-5.0,-1,10000,20,200,100,Clay,0,1000,2000,-1000,Wet,Region1
3357,Wheat,1.5,5,100,20,50,100,Clay,yes,-500,100,500,Dry,Region1
3358,Maize,1.5,-1,5000,100,200,10,Clay,1,1000,2000,500,Wet,Region2
3359,Wheat,1.5,5,100,100,200,10,Sandy,0,-500,100,-1000,Wet,Region1
3360,Wheat,1.5,5,5000,45,50,100,Sandy,yes,-500,2000,-1000,Wet,Region1
3361,Rice,-5.0,2,5000,100,200,100,Sandy,yes,1000,2000,-1000,Wet,Region2
3362,Wheat,1.5,2,10000,100,50,100,Sandy,yes,1000,100,-1000,Wet,Region2
3363,Rice,10.0,2,10000,20,200,100,Clay,1,-500,2000,500,Wet,Region1
3364,Maize,10.0,5,100,20,200,10,Clay,0,1000,100,-1000,Dry,Region2
3365,Wheat,10.0,-1,100,20,50,10,Sandy,1,-500,2000,-1000,Dry,Region1
3366,Rice,1.5,-1,10000,20,200,10,Sandy,1,-500,100,-1000,Dry,Region1
3367,Rice,10.0,2,10000,45,50,100,Clay,0,1000,100,500,Wet,Region2
3368,Wheat,-5.0,5,5000,45,200,100,Clay,1,-500,2000,-1000,Wet,Region1
3369,Wheat,1.5,5,100,45,200,100,Sandy,1,-500,100,-1000,Dry,Region2
3370,Wheat,1.5,5,100,20,200,10,Sandy,1,1000,2000,500,Dry,Region2
3371,Wheat,-5.0,2,5000,20,50,10,Sandy,1,-500,2000,-1000,Dry,Region2
3372,Wheat,-5.0,5,100,20,200,100,Sandy,0,-500,2000,500,Dry,Region2
3373,Wheat,10.0,-1,5000,45,200,100,Clay,yes,-500,2000,-1000,Dry,Region1
3374,Maize,10.0,-1,100,45,200,100,Sandy,1,-500,100,500,Dry,Region2
3375,Wheat,-5.0,2,100,100,200,100,Clay,0,-500,2000,-1000,Dry,Region2
3376,Rice,10.0,2,100,20,200,100,Clay,1,-500,100,-1000,Dry,Region1
3377,Maize,-5.0,2,5000,20,50,100,Sandy,0,1000,100,500,Dry,Region2
3378,Rice,10.0,5,10000,20,50,100,Sandy,yes,-500,2000,-1000,Dry,Region2
3379,Maize,1.5,-1,10000,45,50,100,Clay,0,1000,100,500,Wet,Region1
3380,Maize,1.5,5,10000,45,200,100,Sandy,1,-500,2000,500,Wet,Region2
3381,Maize,1.5,-1,10000,20,200,100,Clay,0,1000,2000,500,Dry,Region1
3382,Wheat,10.0,-1,10000,45,50,100,Clay,1,1000,2000,500,Dry,Region1
3383,Maize,1.5,2,10000,100,50,10,Sandy,1,-500,100,-1000,Wet,Region1
3384,Maize,-5.0,2,100,20,50,100,Clay,1,-500,2000,500,Wet,Region2
3385,Wheat,10.0,2,100,100,200,100,Clay,yes,-500,100,500,Dry,Region2
3386,Wheat,10.0,-1,10000,45,200,10,Sandy,yes,1000,2000,500,Dry,Region2
3387,Wheat,-5.0,5,5000,100,50,10,Sandy,yes,1000,2000,500,Dry,Region2
3388,Rice,10.0,2,100,20,50,10,Clay,1,-500,100,500,Dry,Region2
3389,Rice,1.5,5,100,45,200,100,Sandy,0,1000,100,500,Dry,Region1
3390,Rice,10.0,2,5000,45,200,10,Clay,0,-500,2000,500,Wet,Region2
3391,Wheat,1.5,5,100,100,50,100,Clay,0,-500,2000,500,Dry,Region1
3392,Wheat,1.5,-1,5000,45,50,10,Clay,0,1000,100,500,Wet,Region1
3393,Maize,10.0,2,10000,100,200,10,Clay,yes,-500,100,-1000,Dry,Region2
3394,Maize,-5.0,-1,100,45,200,10,Clay,0,1000,2000,-1000,Wet,Region2
3395,Wheat,10.0,-1,10000,45,50,100,Clay,1,1000,2000,-1000,Wet,Region1
3396,Wheat,1.5,2,100,20,200,10,Clay,0,1000,2000,500,Wet,Region1
3397,Rice,-5.0,5,100,20,200,100,Clay,1,-500,2000,500,Dry,Region1
3398,Wheat,-5.0,2,10000,20,200,100,Sandy,yes,-500,100,500,Dry,Region1
3399,Maize,10.0,2,100,100,50,100,Sandy,0,1000,2000,-1000,Dry,Region2
3400,Maize,-5.0,-1,100,100,200,10,Sandy,yes,-500,100,500,Dry,Region2
3401,Wheat,-5.0,2,10000,100,50,10,Clay,0,1000,100,500,Wet,Region1
3402,Maize,1.5,2,100,45,200,100,Sandy,yes,1000,2000,-1000,Wet,Region1
3403,Maize,10.0,-1,5000,45,200,100,Clay,1,-500,2000,-1000,Wet,Region1
3404,Maize,10.0,5,10000,45,200,100,Sandy,0,1000,100,-1000,Wet,Region2
3405,Rice,1.5,5,10000,20,50,100,Sandy,yes,-500,100,500,Dry,Region1
3406,Wheat,-5.0,2,100,20,200,10,Clay,1,1000,2000,-1000,Wet,Region1
3407,Maize,-5.0,2,10000,100,200,100,Clay,0,-500,100,500,Wet,Region2
3408,Rice,-5.0,5,10000,100,200,10,Sandy,0,1000,100,500,Wet,Region2
3409,Rice,1.5,-1,5000,100,50,10,Sandy,0,1000,2000,-1000,Dry,Region1
3410,Maize,10.0,2,5000,100,200,100,Sandy,yes,-500,100,500,Dry,Region2
3411,Rice,1.5,2,100,100,50,100,Sandy,yes,1000,2000,-1000,Wet,Region2
3412,Rice,10.0,-1,5000,20,50,100,Sandy,1,-500,2000,-1000,Wet,Region1
3413,Maize,1.5,5,5000,100,50,10,Sandy,0,1000,2000,500,Wet,Region2
3414,Maize,-5.0,2,100,20,200,10,Sandy,yes,-500,100,500,Wet,Region1
3415,Rice,1.5,5,10000,45,200,10,Clay,1,-500,100,-1000,Wet,Region1
3416,Maize,1.5,2,10000,100,200,10,Clay,yes,-500,100,500,Wet,Region2
3417,Maize,-5.0,5,100,100,200,100,Sandy,0,-500,100,-1000,Wet,Region1
3418,Wheat,-5.0,2,10000,100,50,10,Clay,1,-500,100,-1000,Dry,Region2
3419,Rice,10.0,-1,10000,100,200,100,Clay,yes,-500,2000,500,Wet,Region1
3420,Rice,10.0,2,10000,20,50,100,Sandy,yes,1000,2000,500,Dry,Region2
3421,Wheat,-5.0,5,100,45,50,10,Sandy,1,-500,100,500,Dry,Region2
3422,Maize,10.0,2,100,45,50,100,Sandy,0,1000,2000,-1000,Dry,Region2
3423,Rice,-5.0,5,100,20,50,100,Sandy,yes,-500,100,500,Wet,Region2
3424,Wheat,-5.0,-1,10000,100,50,10,Sandy,0,-500,2000,-1000,Wet,Region1
3425,Maize,10.0,2,5000,45,200,100,Sandy,yes,1000,100,500,Dry,Region2
3426,Wheat,1.5,2,100,100,50,10,Sandy,yes,-500,100,500,Dry,Region2
3427,Wheat,10.0,2,100,100,50,100,Clay,0,-500,100,-1000,Wet,Region1
3428,Rice,-5.0,-1,10000,100,200,10,Clay,yes,-500,100,500,Wet,Region1
3429,Wheat,1.5,2,5000,20,200,100,Clay,1,-500,2000,-1000,Wet,Region1
3430,Wheat,-5.0,-1,5000,100,200,100,Sandy,yes,1000,100,-1000,Wet,Region2
3431,Rice,10.0,5,5000,100,200,10,Sandy,yes,1000,2000,-1000,Dry,Region2
3432,Rice,10.0,2,10000,45,50,100,Sandy,yes,-500,2000,-1000,Dry,Region2
3433,Wheat,-5.0,-1,5000,20,50,10,Clay,0,1000,2000,500,Wet,Region2
3434,Wheat,10.0,2,10000,45,50,100,Clay,1,-500,2000,-1000,Wet,Region1
3435,Wheat,1.5,2,10000,20,200,10,Clay,yes,1000,100,-1000,Dry,Region1
3436,Wheat,10.0,5,5000,100,200,10,Sandy,1,-500,2000,500,Wet,Region1
3437,Wheat,-5.0,2,10000,45,50,100,Clay,yes,1000,100,-1000,Wet,Region2
3438,Wheat,-5.0,2,10000,45,200,10,Sandy,0,1000,2000,500,Dry,Region1
3439,Wheat,10.0,2,100,20,50,10,Clay,yes,1000,2000,-1000,Wet,Region2
3440,Maize,1.5,-1,100,20,200,10,Sandy,yes,-500,100,-1000,Dry,Region2
3441,Maize,1.5,-1,100,100,200,10,Sandy,1,1000,100,500,Wet,Region1
3442,Rice,10.0,-1,10000,100,200,10,Sandy,0,1000,2000,-1000,Dry,Region2
3443,Maize,10.0,-1,100,100,200,10,Clay,0,-500,2000,500,Wet,Region2
3444,Rice,-5.0,5,10000,45,200,100,Clay,yes,-500,100,500,Dry,Region1
3445,Wheat,10.0,5,5000,100,200,10,Sandy,0,1000,100,500,Dry,Region1
3446,Wheat,-5.0,5,5000,20,200,10,Clay,yes,-500,100,500,Wet,Region2
3447,Maize,10.0,5,5000,20,50,100,Sandy,yes,1000,100,500,Wet,Region1
3448,Rice,10.0,2,10000,20,200,100,Sandy,yes,1000,2000,500,Wet,Region1
3449,Wheat,-5.0,-1,100,20,200,100,Sandy,0,-500,100,500,Wet,Region1
3450,Wheat,-5.0,2,100,45,50,10,Sandy,0,-500,100,-1000,Dry,Region2
3451,Wheat,1.5,-1,5000,100,50,100,Sandy,0,1000,2000,500,Dry,Region1
3452,Maize,1.5,2,5000,100,200,100,Sandy,yes,-500,2000,500,Wet,Region1
3453,Wheat,10.0,2,5000,45,50,10,Sandy,0,1000,2000,500,Wet,Region1
3454,Rice,-5.0,-1,100,45,50,10,Clay,yes,-500,100,500,Wet,Region1
3455,Wheat,1.5,5,5000,45,200,100,Sandy,yes,1000,2000,-1000,Wet,Region2
3456,Rice,-5.0,5,10000,20,50,100,Clay,0,1000,100,-1000,Wet,Region1
3457,Wheat,10.0,-1,5000,100,200,100,Sandy,0,-500,2000,500,Wet,Region1
3458,Rice,1.5,2,100,100,50,100,Sandy,yes,1000,100,500,Dry,Region1
3459,Rice,10.0,-1,10000,20,50,100,Sandy,0,1000,2000,-1000,Wet,Region2
3460,Rice,10.0,2,100,100,50,100,Clay,yes,1000,2000,-1000,Dry,Region1
3461,Wheat,10.0,2,10000,20,200,10,Sandy,yes,1000,100,-1000,Dry,Region2
3462,Rice,1.5,5,100,45,200,10,Sandy,1,1000,100,-1000,Dry,Region2
3463,Wheat,10.0,2,100,20,200,10,Sandy,yes,-500,2000,500,Dry,Region2
3464,Maize,-5.0,5,100,100,200,10,Clay,0,1000,100,-1000,Wet,Region2
3465,Maize,10.0,2,10000,20,50,100,Sandy,1,-500,100,-1000,Wet,Region1
3466,Maize,10.0,-1,5000,45,50,10,Sandy,1,1000,2000,-1000,Wet,Region1
3467,Wheat,10.0,-1,100,20,50,100,Clay,yes,-500,100,500,Wet,Region2
3468,Wheat,-5.0,-1,10000,20,50,100,Sandy,1,1000,100,-1000,Wet,Region1
3469,Maize,10.0,5,100,20,200,100,Clay,0,-500,100,500,Dry,Region2
3470,Maize,10.0,-1,10000,100,50,10,Sandy,1,1000,100,500,Dry,Region2
3471,Wheat,-5.0,2,10000,45,50,10,Sandy,1,1000,100,-1000,Wet,Region2
3472,Wheat,1.5,5,5000,20,50,10,Clay,1,1000,100,500,Dry,Region1
3473,Wheat,1.5,5,10000,20,200,100,Clay,yes,1000,100,500,Dry,Region2
3474,Wheat,-5.0,2,100,100,50,10,Clay,0,-500,100,-1000,Dry,Region1
3475,Wheat,-5.0,2,10000,100,50,100,Sandy,yes,1000,100,500,Wet,Region2
3476,Wheat,1.5,-1,10000,45,50,10,Sandy,0,1000,2000,500,Wet,Region2
3477,Rice,10.0,2,100,100,50,10,Sandy,1,1000,2000,-1000,Wet,Region2
3478,Maize,-5.0,-1,5000,20,50,100,Sandy,1,1000,2000,-1000,Dry,Region2
3479,Rice,10.0,5,5000,20,200,10,Sandy,1,-500,100,-1000,Dry,Region2
3480,Wheat,10.0,2,10000,20,50,10,Sandy,yes,-500,2000,500,Dry,Region2
3481,Wheat,1.5,5,100,45,200,100,Clay,1,-500,2000,-1000,Dry,Region1
3482,Wheat,-5.0,-1,100,20,50,100,Sandy,1,1000,100,500,Wet,Region1
3483,Wheat,-5.0,-1,100,100,50,10,Clay,yes,-500,100,-1000,Wet,Region2
3484,Maize,-5.0,2,100,100,200,100,Sandy,yes,-500,100,500,Wet,Region2
3485,Rice,10.0,2,5000,45,200,100,Sandy,yes,1000,2000,-1000,Wet,Region2
3486,Wheat,1.5,5,100,45,50,10,Clay,0,-500,100,500,Wet,Region2
3487,Wheat,-5.0,2,5000,20,200,10,Clay,1,1000,100,500,Dry,Region2
3488,Maize,-5.0,-1,100,45,200,100,Clay,yes,1000,100,-1000,Dry,Region2
3489,Maize,-5.0,2,10000,45,200,100,Clay,1,-500,100,-1000,Dry,Region1
3490,Rice,10.0,5,100,45,200,100,Clay,0,-500,2000,-1000,Wet,Region1
3491,Wheat,-5.0,-1,5000,45,50,100,Clay,0,-500,100,-1000,Dry,Region1
3492,Rice,1.5,2,10000,45,200,10,Clay,yes,1000,2000,-1000,Wet,Region1
3493,Wheat,10.0,5,100,45,200,10,Sandy,0,-500,2000,-1000,Dry,Region1
3494,Rice,10.0,5,10000,20,200,100,Clay,yes,-500,2000,500,Dry,Region1
3495,Maize,10.0,-1,100,100,200,100,Sandy,1,1000,100,500,Wet,Region1
3496,Rice,10.0,5,5000,20,200,10,Sandy,yes,-500,100,500,Wet,Region1
3497,Rice,-5.0,-1,10000,45,50,100,Clay,0,-500,100,-1000,Wet,Region1
3498,Maize,10.0,2,5000,45,200,100,Clay,1,1000,2000,500,Wet,Region1
3499,Maize,-5.0,-1,10000,20,50,100,Sandy,0,-500,100,-1000,Wet,Region1
3500,Maize,-5.0,5,10000,20,50,10,Sandy,0,1000,2000,-1000,Wet,Region2
3501,Maize,10.0,-1,5000,45,200,100,Clay,0,1000,2000,500,Dry,Region2
3502,Rice,-5.0,2,5000,20,200,100,Clay,0,-500,100,500,Dry,Region1
3503,Wheat,1.5,-1,100,45,200,10,Clay,1,1000,100,-1000,Dry,Region1
3504,Wheat,1.5,-1,10000,20,50,100,Clay,yes,1000,2000,500,Wet,Region2
3505,Maize,1.5,5,5000,45,50,100,Clay,yes,1000,100,500,Wet,Region1
3506,Wheat,-5.0,2,10000,45,50,100,Sandy,0,-500,2000,500,Wet,Region1
3507,Rice,10.0,-1,5000,100,200,100,Clay,0,1000,100,500,Wet,Region1
3508,Rice,1.5,-1,100,45,200,100,Sandy,yes,1000,100,500,Dry,Region2
3509,Maize,10.0,-1,5000,100,200,100,Sandy,1,-500,100,-1000,Wet,Region2
3510,Wheat,-5.0,2,5000,20,200,10,Sandy,1,-500,100,-1000,Dry,Region2
3511,Wheat,10.0,5,100,45,200,10,Clay,yes,1000,100,500,Dry,Region2
3512,Wheat,-5.0,2,100,20,200,10,Clay,yes,1000,2000,500,Wet,Region2
3513,Rice,-5.0,5,10000,100,200,10,Clay,0,1000,2000,-1000,Dry,Region2
3514,Maize,-5.0,5,100,100,50,100,Sandy,1,-500,2000,500,Wet,Region1
3515,Maize,-5.0,5,5000,20,50,100,Clay,0,1000,100,-1000,Wet,Region1
3516,Wheat,-5.0,-1,5000,45,200,10,Sandy,1,-500,100,-1000,Wet,Region1
3517,Rice,1.5,-1,10000,20,50,100,Clay,yes,1000,100,500,Dry,Region1
3518,Rice,-5.0,-1,5000,100,200,10,Sandy,yes,1000,2000,-1000,Wet,Region1
3519,Wheat,10.0,5,10000,20,50,100,Sandy,yes,1000,100,-1000,Dry,Region2
3520,Maize,10.0,2,100,100,50,10,Clay,1,1000,2000,500,Wet,Region2
3521,Maize,1.5,-1,100,20,50,100,Sandy,1,-500,2000,500,Dry,Region2
3522,Rice,-5.0,-1,10000,45,50,100,Clay,1,1000,2000,-1000,Dry,Region2
3523,Maize,-5.0,5,5000,20,50,100,Sandy,0,-500,100,-1000,Wet,Region2
3524,Wheat,1.5,-1,10000,20,50,100,Sandy,1,-500,100,-1000,Wet,Region2
3525,Maize,-5.0,-1,10000,20,50,10,Clay,1,1000,100,-1000,Wet,Region2
3526,Maize,1.5,2,100,20,50,100,Sandy,0,-500,100,-1000,Dry,Region1
3527,Rice,1.5,5,10000,100,200,100,Clay,0,-500,2000,-1000,Wet,Region1
3528,Wheat,1.5,2,5000,20,50,100,Sandy,0,1000,100,-1000,Dry,Region1
3529,Wheat,-5.0,5,10000,100,200,100,Sandy,yes,-500,2000,500,Dry,Region1
3530,Maize,10.0,-1,100,100,200,100,Sandy,0,-500,2000,-1000,Wet,Region2
3531,Maize,-5.0,-1,100,100,50,10,Sandy,yes,-500,100,-1000,Wet,Region2
3532,Wheat,-5.0,-1,5000,20,50,100,Sandy,0,1000,100,-1000,Wet,Region1
3533,Wheat,1.5,-1,10000,20,200,10,Clay,yes,1000,2000,-1000,Dry,Region1
3534,Rice,10.0,-1,10000,100,50,10,Sandy,yes,1000,100,-1000,Dry,Region1
3535,Wheat,1.5,2,100,20,200,10,Clay,1,1000,100,500,Dry,Region2
3536,Maize,1.5,5,5000,100,50,100,Sandy,yes,1000,2000,-1000,Dry,Region1
3537,Rice,-5.0,5,5000,100,200,100,Clay,0,1000,100,-1000,Dry,Region1
3538,Wheat,10.0,-1,5000,100,200,10,Clay,yes,1000,2000,500,Wet,Region1
3539,Rice,1.5,2,100,20,200,100,Sandy,yes,1000,100,-1000,Dry,Region1
3540,Maize,10.0,2,10000,100,200,10,Sandy,0,-500,100,-1000,Wet,Region1
3541,Wheat,10.0,2,10000,45,50,100,Sandy,0,-500,100,500,Dry,Region2
3542,Maize,-5.0,-1,10000,100,200,10,Sandy,0,-500,100,500,Wet,Region1
3543,Wheat,1.5,5,100,20,200,100,Clay,yes,-500,100,500,Dry,Region2
3544,Wheat,1.5,5,100,100,50,10,Clay,1,-500,2000,-1000,Wet,Region1
3545,Rice,1.5,2,10000,100,200,10,Sandy,yes,1000,100,-1000,Wet,Region2
3546,Wheat,-5.0,-1,100,20,50,100,Sandy,1,1000,2000,500,Dry,Region1
3547,Rice,10.0,5,10000,20,50,100,Clay,0,-500,2000,-1000,Wet,Region1
3548,Rice,-5.0,5,5000,45,50,100,Clay,0,-500,2000,500,Dry,Region2
3549,Maize,1.5,2,10000,20,50,10,Sandy,1,-500,100,-1000,Dry,Region1
3550,Maize,10.0,5,100,45,200,100,Clay,1,-500,100,-1000,Dry,Region1
3551,Maize,1.5,5,10000,45,200,100,Clay,0,-500,2000,-1000,Wet,Region1
3552,Rice,10.0,5,5000,45,50,100,Clay,1,-500,2000,500,Wet,Region2
3553,Maize,1.5,-1,100,45,50,10,Sandy,1,1000,100,500,Wet,Region1
3554,Maize,1.5,2,5000,20,200,10,Clay,yes,-500,100,-1000,Wet,Region2
3555,Wheat,-5.0,2,10000,100,50,100,Clay,yes,1000,2000,-1000,Wet,Region2
3556,Rice,10.0,5,5000,45,50,10,Sandy,yes,-500,2000,500,Dry,Region2
3557,Maize,-5.0,-1,100,45,200,10,Sandy,0,-500,100,-1000,Wet,Region2
3558,Rice,-5.0,5,5000,100,200,100,Clay,1,1000,100,500,Dry,Region2
3559,Maize,-5.0,5,10000,20,50,100,Sandy,1,-500,2000,-1000,Wet,Region1
3560,Wheat,1.5,-1,5000,100,200,10,Sandy,yes,-500,100,500,Wet,Region2
3561,Maize,10.0,2,10000,100,200,100,Sandy,0,-500,100,500,Wet,Region1
3562,Maize,10.0,-1,100,45,50,10,Clay,yes,1000,100,-1000,Wet,Region2
3563,Wheat,-5.0,2,10000,45,200,10,Sandy,0,1000,100,-1000,Dry,Region1
3564,Wheat,10.0,-1,100,20,200,10,Clay,yes,-500,100,-1000,Wet,Region2
3565,Maize,-5.0,2,10000,45,50,100,Sandy,yes,-500,2000,-1000,Dry,Region1
3566,Wheat,1.5,2,5000,20,50,100,Clay,yes,-500,2000,-1000,Wet,Region2
3567,Maize,1.5,2,10000,100,50,10,Clay,0,-500,100,500,Wet,Region2
3568,Maize,1.5,2,5000,45,50,100,Clay,0,1000,100,500,Dry,Region2
3569,Maize,1.5,5,5000,45,200,100,Clay,1,1000,100,500,Dry,Region1
3570,Rice,10.0,5,100,20,50,100,Clay,1,1000,100,-1000,Wet,Region1
3571,Maize,10.0,-1,100,20,50,100,Sandy,1,-500,2000,500,Wet,Region1
3572,Rice,1.5,-1,100,45,50,10,Sandy,yes,1000,100,-1000,Wet,Region1
3573,Maize,10.0,2,100,100,50,10,Clay,0,1000,2000,-1000,Wet,Region2
3574,Maize,1.5,2,10000,45,200,10,Sandy,yes,1000,2000,500,Dry,Region1
3575,Rice,1.5,5,10000,45,50,100,Clay,yes,1000,100,-1000,Wet,Region1
3576,Wheat,-5.0,2,5000,20,50,10,Sandy,1,1000,100,500,Wet,Region1
3577,Maize,-5.0,2,5000,45,200,10,Sandy,0,1000,100,-1000,Dry,Region2
3578,Maize,-5.0,5,10000,45,200,100,Sandy,0,1000,2000,-1000,Wet,Region1
3579,Rice,10.0,2,5000,45,50,100,Sandy,yes,-500,100,-1000,Wet,Region2
3580,Wheat,1.5,5,10000,45,200,100,Clay,0,1000,100,500,Wet,Region1
3581,Rice,-5.0,2,100,20,200,10,Clay,yes,-500,2000,500,Wet,Region2
3582,Maize,-5.0,-1,100,45,50,100,Clay,yes,-500,100,500,Dry,Region2
3583,Maize,-5.0,-1,5000,20,200,100,Clay,0,-500,100,500,Dry,Region2
3584,Wheat,10.0,5,5000,45,50,100,Clay,yes,1000,2000,-1000,Dry,Region1
3585,Rice,10.0,2,10000,45,50,100,Clay,yes,-500,100,500,Wet,Region1
3586,Maize,-5.0,-1,5000,20,200,100,Clay,1,1000,2000,500,Dry,Region1
3587,Rice,-5.0,2,10000,20,50,10,Clay,1,1000,100,500,Wet,Region1
3588,Maize,10.0,5,10000,20,200,10,Clay,yes,1000,2000,500,Dry,Region2
3589,Rice,-5.0,2,5000,100,200,100,Clay,yes,-500,2000,500,Wet,Region2
3590,Maize,-5.0,-1,5000,45,200,10,Clay,yes,1000,100,-1000,Wet,Region1
3591,Rice,1.5,5,5000,45,200,100,Clay,yes,-500,2000,-1000,Wet,Region2
3592,Maize,10.0,2,100,100,200,10,Sandy,0,-500,2000,-1000,Wet,Region1
3593,Wheat,10.0,2,5000,45,50,100,Sandy,yes,1000,2000,500,Wet,Region2
3594,Maize,10.0,2,10000,100,50,100,Clay,yes,1000,2000,-1000,Wet,Region1
3595,Rice,1.5,-1,100,20,200,100,Clay,yes,1000,2000,500,Wet,Region2
3596,Wheat,10.0,-1,10000,45,200,10,Clay,0,1000,100,500,Wet,Region2
3597,Maize,-5.0,2,100,20,200,100,Sandy,0,1000,2000,500,Dry,Region1
3598,Wheat,10.0,5,10000,100,50,10,Sandy,1,-500,2000,500,Wet,Region2
3599,Maize,10.0,2,10000,20,50,10,Sandy,0,1000,2000,-1000,Wet,Region1
3600,Wheat,10.0,2,5000,45,200,100,Sandy,yes,1000,100,-1000,Dry,Region1
3601,Wheat,1.5,5,5000,20,200,10,Clay,0,-500,2000,-1000,Wet,Region1
3602,Wheat,1.5,5,10000,45,200,10,Sandy,yes,-500,100,500,Dry,Region1
3603,Wheat,1.5,5,5000,20,50,10,Sandy,yes,1000,2000,500,Dry,Region1
3604,Maize,1.5,-1,5000,100,200,10,Clay,1,-500,2000,-1000,Wet,Region2
3605,Maize,10.0,-1,10000,100,200,10,Sandy,yes,1000,2000,500,Dry,Region1
3606,Wheat,1.5,5,100,100,50,10,Sandy,yes,1000,100,500,Wet,Region2
3607,Maize,10.0,-1,10000,20,50,10,Clay,0,1000,100,-1000,Dry,Region2
3608,Rice,-5.0,-1,100,20,50,100,Clay,1,-500,100,-1000,Wet,Region1
3609,Maize,10.0,-1,5000,100,50,10,Clay,0,1000,100,500,Wet,Region1
3610,Maize,1.5,-1,5000,20,50,10,Sandy,yes,1000,100,-1000,Wet,Region1
3611,Wheat,1.5,5,5000,45,200,100,Clay,0,-500,100,-1000,Wet,Region2
3612,Rice,-5.0,-1,10000,100,200,10,Sandy,yes,1000,100,-1000,Dry,Region1
3613,Rice,-5.0,-1,5000,100,200,10,Sandy,0,-500,2000,500,Dry,Region1
3614,Maize,-5.0,5,10000,100,50,100,Sandy,1,-500,2000,-1000,Wet,Region2
3615,Maize,1.5,5,10000,20,200,10,Clay,yes,1000,100,-1000,Wet,Region2
3616,Rice,-5.0,-1,100,100,200,10,Sandy,yes,-500,100,-1000,Dry,Region2
3617,Rice,1.5,-1,100,100,200,100,Sandy,yes,1000,100,-1000,Wet,Region2
3618,Rice,10.0,-1,5000,100,200,10,Sandy,0,-500,100,500,Wet,Region1
3619,Maize,10.0,-1,10000,100,200,10,Sandy,yes,1000,2000,500,Dry,Region1
3620,Rice,10.0,-1,10000,45,50,100,Clay,0,-500,100,500,Dry,Region2
3621,Wheat,1.5,-1,100,20,50,100,Sandy,0,1000,100,500,Wet,Region2
3622,Wheat,10.0,2,10000,100,50,10,Clay,yes,1000,100,-1000,Dry,Region1
3623,Maize,-5.0,5,5000,45,50,100,Clay,1,-500,100,-1000,Dry,Region2
3624,Maize,-5.0,-1,10000,20,200,10,Sandy,0,1000,2000,500,Dry,Region1
3625,Maize,-5.0,-1,5000,45,200,10,Sandy,1,1000,100,-1000,Wet,Region1
3626,Maize,10.0,2,10000,20,200,10,Sandy,yes,1000,2000,500,Dry,Region1
3627,Rice,10.0,-1,5000,45,200,10,Clay,yes,-500,2000,500,Dry,Region2
3628,Wheat,-5.0,-1,5000,20,50,10,Clay,1,1000,100,-1000,Wet,Region1
3629,Rice,1.5,2,100,20,50,100,Sandy,0,1000,2000,-1000,Wet,Region2
3630,Wheat,-5.0,-1,100,45,200,100,Sandy,0,1000,2000,-1000,Dry,Region2
3631,Wheat,-5.0,2,5000,45,200,10,Clay,1,-500,100,500,Dry,Region1
3632,Maize,10.0,5,100,100,200,100,Sandy,1,1000,100,500,Wet,Region1
3633,Maize,-5.0,2,5000,100,200,100,Sandy,1,1000,2000,-1000,Dry,Region2
3634,Rice,10.0,5,5000,20,50,100,Sandy,0,1000,2000,-1000,Dry,Region1
3635,Maize,1.5,-1,5000,20,200,10,Sandy,0,1000,100,-1000,Wet,Region1
3636,Rice,1.5,-1,5000,20,200,100,Sandy,1,-500,100,500,Wet,Region1
3637,Rice,-5.0,2,10000,100,50,10,Sandy,0,-500,2000,-1000,Dry,Region1
3638,Rice,-5.0,-1,5000,20,200,100,Sandy,1,-500,100,500,Dry,Region2
3639,Wheat,1.5,2,5000,20,200,10,Clay,1,1000,2000,-1000,Dry,Region2
3640,Wheat,-5.0,5,100,100,200,100,Sandy,1,1000,2000,500,Wet,Region2
3641,Maize,-5.0,5,100,20,200,100,Clay,1,-500,2000,500,Wet,Region1
3642,Maize,1.5,5,100,45,200,100,Clay,yes,-500,2000,500,Wet,Region2
3643,Rice,-5.0,5,5000,20,200,10,Sandy,0,-500,2000,500,Wet,Region1
3644,Rice,-5.0,-1,10000,45,200,100,Clay,1,1000,2000,500,Wet,Region1
3645,Rice,10.0,2,100,100,50,100,Clay,0,-500,2000,-1000,Wet,Region1
3646,Maize,-5.0,5,5000,45,200,100,Sandy,0,1000,100,-1000,Dry,Region2
3647,Maize,1.5,-1,10000,45,200,100,Sandy,1,1000,2000,-1000,Dry,Region2
3648,Wheat,1.5,-1,100,100,200,10,Sandy,0,1000,2000,-1000,Dry,Region1
3649,Rice,1.5,5,100,45,200,100,Clay,0,1000,100,-1000,Dry,Region2
3650,Wheat,1.5,5,5000,45,200,10,Sandy,1,-500,100,500,Dry,Region1
3651,Wheat,-5.0,-1,100,45,200,100,Clay,0,-500,100,-1000,Wet,Region2
3652,Wheat,1.5,-1,5000,100,50,100,Clay,0,1000,2000,-1000,Wet,Region2
3653,Rice,-5.0,5,5000,100,200,10,Clay,yes,1000,100,500,Wet,Region1
3654,Rice,-5.0,-1,5000,20,200,10,Sandy,yes,1000,100,-1000,Wet,Region1
3655,Rice,1.5,5,10000,20,50,100,Clay,0,-500,100,-1000,Dry,Region2
3656,Wheat,1.5,5,100,100,50,10,Sandy,1,1000,2000,-1000,Wet,Region2
3657,Rice,-5.0,2,100,45,50,10,Clay,yes,-500,2000,-1000,Wet,Region2
3658,Maize,10.0,-1,100,20,200,10,Clay,1,-500,100,-1000,Wet,Region2
3659,Wheat,10.0,5,100,20,200,100,Sandy,0,-500,100,500,Wet,Region1
3660,Rice,10.0,-1,5000,100,200,100,Clay,yes,-500,100,-1000,Wet,Region2
3661,Wheat,1.5,5,10000,100,200,100,Clay,0,-500,2000,-1000,Wet,Region1
3662,Maize,1.5,5,5000,45,200,10,Sandy,yes,1000,2000,500,Dry,Region2
3663,Wheat,10.0,2,5000,20,200,10,Clay,yes,1000,100,500,Dry,Region1
3664,Rice,10.0,2,10000,100,200,10,Sandy,1,1000,100,500,Dry,Region1
3665,Maize,10.0,-1,5000,45,50,10,Sandy,1,-500,100,500,Wet,Region1
3666,Wheat,10.0,5,100,20,200,10,Clay,1,1000,2000,-1000,Wet,Region2
3667,Rice,10.0,5,10000,45,200,100,Sandy,0,-500,100,500,Wet,Region2
3668,Maize,-5.0,2,10000,45,50,10,Clay,0,1000,100,500,Wet,Region1
3669,Wheat,1.5,2,5000,20,200,100,Sandy,0,1000,2000,500,Wet,Region2
3670,Rice,1.5,2,100,100,200,100,Clay,1,1000,100,-1000,Dry,Region1
3671,Rice,10.0,2,5000,20,200,10,Clay,yes,-500,100,500,Wet,Region2
3672,Rice,1.5,2,5000,45,200,100,Clay,1,-500,100,-1000,Dry,Region1
3673,Wheat,1.5,5,10000,45,200,100,Sandy,1,-500,2000,-1000,Wet,Region1
3674,Maize,1.5,2,5000,20,50,100,Clay,0,1000,2000,-1000,Wet,Region2
3675,Wheat,-5.0,2,5000,100,200,10,Clay,0,-500,100,-1000,Wet,Region1
3676,Wheat,-5.0,-1,5000,100,200,100,Sandy,yes,-500,100,-1000,Dry,Region1
3677,Wheat,-5.0,5,5000,100,50,10,Sandy,yes,-500,100,500,Wet,Region2
3678,Maize,1.5,2,10000,20,50,10,Sandy,yes,1000,100,500,Wet,Region2
3679,Wheat,-5.0,-1,100,100,200,100,Sandy,yes,1000,100,500,Dry,Region1
3680,Rice,1.5,5,100,20,200,10,Sandy,1,-500,2000,500,Dry,Region1
3681,Wheat,1.5,2,5000,100,50,100,Clay,1,-500,100,500,Dry,Region1
3682,Maize,-5.0,2,5000,100,50,10,Sandy,yes,1000,2000,-1000,Dry,Region1
3683,Rice,10.0,2,10000,45,200,10,Clay,0,1000,100,-1000,Wet,Region2
3684,Rice,-5.0,-1,10000,20,200,100,Clay,yes,-500,100,500,Dry,Region2
3685,Maize,1.5,2,10000,100,200,10,Clay,yes,-500,2000,500,Dry,Region2
3686,Wheat,1.5,2,5000,20,50,10,Sandy,0,1000,2000,-1000,Wet,Region2
3687,Maize,-5.0,5,100,45,50,100,Sandy,yes,-500,100,500,Dry,Region2
3688,Wheat,1.5,-1,5000,20,200,100,Sandy,1,-500,2000,500,Wet,Region2
3689,Maize,10.0,5,5000,45,50,10,Sandy,0,1000,100,-1000,Wet,Region2
3690,Rice,-5.0,5,5000,45,200,100,Clay,0,1000,100,500,Dry,Region1
3691,Wheat,1.5,2,10000,20,200,10,Clay,yes,-500,100,-1000,Wet,Region2
3692,Maize,-5.0,5,5000,45,200,100,Sandy,1,1000,100,-1000,Dry,Region2
3693,Rice,10.0,-1,100,45,50,10,Clay,1,1000,2000,500,Dry,Region1
3694,Wheat,1.5,2,5000,45,50,10,Clay,0,1000,100,500,Wet,Region1
3695,Rice,-5.0,2,10000,100,50,10,Sandy,yes,-500,100,500,Dry,Region1
3696,Wheat,10.0,-1,100,20,200,10,Clay,1,-500,100,500,Wet,Region2
3697,Wheat,-5.0,5,5000,100,50,10,Clay,yes,1000,100,500,Wet,Region2
3698,Maize,-5.0,-1,10000,20,200,100,Clay,1,1000,2000,500,Dry,Region1
3699,Maize,1.5,5,10000,20,50,100,Sandy,0,1000,2000,500,Dry,Region2
3700,Rice,-5.0,5,100,45,50,100,Clay,0,1000,100,500,Wet,Region1
3701,Rice,10.0,2,5000,20,50,100,Sandy,yes,-500,100,500,Dry,Region1
3702,Maize,10.0,-1,100,20,50,10,Clay,yes,-500,2000,-1000,Dry,Region2
3703,Wheat,-5.0,5,100,100,200,100,Sandy,0,1000,2000,-1000,Dry,Region1
3704,Wheat,-5.0,-1,100,20,200,100,Sandy,1,-500,100,500,Dry,Region1
3705,Rice,-5.0,5,5000,100,50,10,Clay,0,-500,2000,500,Dry,Region1
3706,Wheat,10.0,-1,5000,100,50,100,Clay,0,1000,2000,-1000,Wet,Region2
3707,Rice,10.0,2,5000,100,200,100,Clay,1,-500,100,500,Dry,Region1
3708,Maize,1.5,-1,10000,45,50,10,Sandy,yes,-500,100,-1000,Wet,Region1
3709,Rice,1.5,5,100,45,200,10,Sandy,yes,1000,100,-1000,Wet,Region1
3710,Maize,-5.0,-1,100,100,50,10,Sandy,yes,-500,100,-1000,Dry,Region1
3711,Rice,-5.0,-1,10000,45,200,100,Clay,1,-500,100,-1000,Dry,Region2
3712,Rice,1.5,-1,5000,100,50,10,Sandy,yes,-500,2000,500,Dry,Region1
3713,Maize,10.0,5,100,100,200,100,Clay,1,-500,100,500,Dry,Region1
3714,Wheat,-5.0,-1,10000,45,50,10,Sandy,0,-500,100,-1000,Wet,Region2
3715,Wheat,1.5,5,100,45,50,10,Clay,yes,1000,100,-1000,Wet,Region1
3716,Wheat,-5.0,5,5000,45,50,10,Sandy,yes,-500,2000,500,Dry,Region2
3717,Wheat,1.5,5,10000,20,200,10,Sandy,yes,-500,2000,-1000,Wet,Region2
3718,Wheat,1.5,5,100,100,50,10,Clay,yes,-500,2000,-1000,Dry,Region1
3719,Rice,1.5,2,5000,100,200,100,Clay,0,1000,2000,500,Wet,Region2
3720,Maize,-5.0,5,10000,45,200,10,Clay,0,-500,2000,-1000,Wet,Region1
3721,Rice,10.0,-1,100,45,200,10,Clay,0,-500,100,500,Wet,Region1
3722,Wheat,-5.0,2,100,20,200,10,Sandy,1,1000,2000,500,Dry,Region1
3723,Maize,10.0,2,100,20,200,100,Sandy,0,-500,2000,500,Dry,Region2
3724,Wheat,10.0,2,10000,20,50,10,Sandy,yes,-500,2000,500,Dry,Region2
3725,Wheat,10.0,5,5000,45,50,10,Clay,1,1000,100,500,Wet,Region1
3726,Wheat,-5.0,5,10000,20,200,10,Clay,1,1000,2000,-1000,Dry,Region1
3727,Wheat,-5.0,2,5000,45,200,100,Clay,1,1000,100,500,Wet,Region1
3728,Rice,10.0,2,5000,45,50,100,Sandy,0,-500,100,-1000,Wet,Region2
3729,Wheat,-5.0,-1,10000,100,50,100,Clay,0,-500,100,-1000,Wet,Region2
3730,Wheat,1.5,2,5000,45,50,10,Clay,1,1000,100,-1000,Wet,Region2
3731,Rice,10.0,2,100,20,200,10,Sandy,yes,-500,2000,-1000,Wet,Region1
3732,Wheat,10.0,2,100,100,50,10,Clay,0,1000,100,500,Wet,Region2
3733,Maize,-5.0,5,5000,100,50,100,Clay,yes,-500,2000,-1000,Dry,Region2
3734,Wheat,10.0,-1,10000,45,50,100,Sandy,yes,-500,100,-1000,Wet,Region2
3735,Rice,1.5,2,100,20,200,10,Sandy,yes,-500,2000,-1000,Wet,Region1
3736,Rice,1.5,2,100,45,50,10,Clay,yes,-500,2000,-1000,Wet,Region2
3737,Maize,1.5,5,10000,45,50,100,Clay,0,1000,2000,500,Dry,Region2
3738,Wheat,10.0,5,100,45,50,100,Sandy,0,1000,100,500,Wet,Region2
3739,Maize,1.5,2,100,100,200,10,Clay,0,1000,100,-1000,Wet,Region2
3740,Rice,-5.0,5,10000,45,200,10,Sandy,0,-500,100,500,Wet,Region1
3741,Maize,10.0,5,10000,20,200,100,Sandy,0,1000,2000,500,Dry,Region1
3742,Maize,10.0,2,10000,45,200,10,Clay,0,-500,2000,500,Wet,Region1
3743,Wheat,1.5,-1,10000,100,50,10,Clay,1,1000,100,500,Dry,Region2
3744,Maize,1.5,-1,100,100,50,100,Clay,0,-500,2000,500,Dry,Region1
3745,Rice,1.5,-1,100,100,200,100,Clay,1,-500,100,-1000,Wet,Region1
3746,Maize,1.5,-1,100,20,200,10,Sandy,1,-500,2000,500,Wet,Region2
3747,Maize,1.5,2,100,45,50,10,Sandy,1,1000,100,500,Wet,Region1
3748,Rice,-5.0,5,10000,20,50,100,Sandy,0,-500,2000,500,Dry,Region2
3749,Maize,10.0,5,5000,20,50,100,Clay,yes,1000,100,500,Wet,Region2
3750,Wheat,1.5,2,100,100,50,100,Clay,yes,1000,2000,500,Dry,Region1
3751,Rice,10.0,2,10000,45,200,100,Clay,1,1000,2000,-1000,Wet,Region2
3752,Maize,10.0,5,10000,20,200,100,Sandy,1,-500,2000,500,Dry,Region1
3753,Wheat,10.0,2,10000,100,50,10,Clay,yes,-500,2000,500,Dry,Region1
3754,Wheat,-5.0,2,5000,20,200,100,Clay,1,1000,2000,500,Wet,Region2
3755,Rice,-5.0,2,100,20,200,100,Sandy,1,-500,100,-1000,Dry,Region2
3756,Wheat,-5.0,2,100,45,200,10,Sandy,1,1000,2000,500,Dry,Region2
3757,Maize,-5.0,2,5000,45,50,100,Clay,yes,1000,100,500,Dry,Region2
3758,Rice,-5.0,2,10000,45,50,10,Sandy,yes,-500,100,-1000,Dry,Region2
3759,Maize,10.0,5,5000,45,200,10,Sandy,0,1000,2000,-1000,Dry,Region1
3760,Maize,1.5,-1,10000,20,200,10,Clay,yes,-500,100,500,Wet,Region1
3761,Rice,10.0,-1,10000,20,200,10,Sandy,1,-500,100,500,Wet,Region1
3762,Maize,1.5,2,10000,20,50,100,Sandy,0,1000,100,-1000,Wet,Region2
3763,Maize,-5.0,-1,5000,20,200,10,Sandy,yes,1000,2000,500,Dry,Region2
3764,Wheat,-5.0,5,10000,20,50,100,Sandy,1,1000,2000,-1000,Dry,Region1
3765,Maize,1.5,2,5000,100,50,100,Clay,1,-500,2000,500,Dry,Region1
3766,Wheat,1.5,5,10000,45,200,10,Sandy,0,-500,2000,-1000,Wet,Region1
3767,Maize,10.0,2,5000,100,200,100,Sandy,1,-500,100,-1000,Wet,Region1
3768,Maize,-5.0,-1,5000,45,50,10,Clay,0,1000,2000,-1000,Wet,Region2
3769,Wheat,10.0,5,10000,20,50,10,Sandy,0,1000,2000,-1000,Dry,Region1
3770,Rice,-5.0,5,100,45,50,10,Clay,1,1000,100,-1000,Wet,Region1
3771,Maize,10.0,2,10000,45,50,10,Clay,yes,-500,100,500,Dry,Region1
3772,Maize,-5.0,2,5000,20,50,100,Sandy,yes,-500,100,500,Wet,Region2
3773,Maize,10.0,5,5000,45,50,100,Sandy,yes,1000,100,-1000,Dry,Region1
3774,Rice,10.0,2,5000,100,200,10,Sandy,yes,-500,100,500,Wet,Region2
3775,Rice,1.5,2,10000,100,200,10,Clay,1,1000,100,-1000,Wet,Region1
3776,Rice,1.5,2,100,20,200,10,Sandy,1,1000,2000,500,Wet,Region2
3777,Rice,1.5,-1,100,20,200,100,Sandy,1,1000,100,500,Wet,Region1
3778,Rice,-5.0,-1,10000,100,50,100,Clay,0,1000,2000,-1000,Wet,Region2
3779,Wheat,1.5,5,10000,45,50,100,Clay,yes,-500,2000,500,Dry,Region2
3780,Rice,-5.0,-1,100,20,50,100,Clay,yes,1000,100,-1000,Dry,Region1
3781,Wheat,1.5,2,10000,45,50,100,Clay,1,-500,100,-1000,Wet,Region2
3782,Wheat,-5.0,-1,5000,20,200,10,Clay,0,-500,100,-1000,Dry,Region1
3783,Wheat,10.0,5,10000,100,50,10,Sandy,0,-500,100,500,Dry,Region2
3784,Maize,1.5,-1,10000,45,50,10,Sandy,1,1000,100,-1000,Dry,Region2
3785,Maize,10.0,2,10000,45,50,10,Sandy,yes,-500,100,500,Wet,Region2
3786,Rice,10.0,2,10000,100,50,100,Sandy,0,1000,2000,-1000,Dry,Region2
3787,Rice,1.5,5,5000,20,200,10,Sandy,1,-500,100,500,Dry,Region2
3788,Maize,10.0,5,100,20,200,10,Clay,0,-500,2000,-1000,Dry,Region1
3789,Wheat,10.0,5,5000,45,200,100,Clay,yes,-500,2000,500,Wet,Region2
3790,Wheat,1.5,2,10000,20,50,100,Clay,yes,-500,2000,-1000,Dry,Region1
3791,Wheat,10.0,5,100,45,50,10,Clay,yes,1000,100,500,Dry,Region1
3792,Wheat,1.5,-1,100,45,50,100,Sandy,1,1000,2000,500,Dry,Region1
3793,Rice,-5.0,5,5000,45,200,100,Sandy,1,-500,100,500,Dry,Region1
3794,Maize,-5.0,-1,5000,45,50,10,Clay,yes,1000,2000,-1000,Dry,Region1
3795,Maize,10.0,5,10000,100,200,10,Clay,yes,-500,2000,500,Wet,Region2
3796,Wheat,-5.0,5,5000,100,200,10,Sandy,1,-500,100,500,Wet,Region2
3797,Wheat,-5.0,5,100,45,50,10,Clay,yes,1000,2000,-1000,Wet,Region1
3798,Rice,1.5,-1,100,20,200,100,Clay,1,-500,100,500,Wet,Region2
3799,Wheat,1.5,2,10000,20,50,10,Clay,1,-500,100,500,Wet,Region1
3800,Maize,-5.0,2,5000,100,200,10,Clay,yes,-500,2000,500,Wet,Region1
3801,Maize,10.0,5,10000,20,200,10,Clay,1,1000,100,-1000,Dry,Region1
3802,Wheat,-5.0,5,5000,100,50,10,Sandy,0,-500,2000,-1000,Wet,Region1
3803,Wheat,1.5,5,100,45,200,10,Clay,yes,-500,100,-1000,Dry,Region1
3804,Wheat,-5.0,-1,5000,20,50,100,Clay,yes,-500,100,500,Dry,Region2
3805,Maize,10.0,-1,5000,45,50,10,Sandy,0,1000,100,-1000,Dry,Region2
3806,Rice,10.0,2,10000,20,50,100,Clay,0,-500,2000,500,Wet,Region2
3807,Maize,10.0,-1,10000,100,50,100,Sandy,1,-500,2000,500,Dry,Region2
3808,Wheat,1.5,5,10000,100,200,100,Sandy,1,1000,2000,-1000,Dry,Region1
3809,Rice,10.0,5,100,100,200,100,Sandy,yes,-500,100,500,Dry,Region2
3810,Rice,-5.0,-1,100,20,50,100,Sandy,0,1000,100,-1000,Dry,Region1
3811,Rice,1.5,-1,10000,100,200,10,Sandy,0,1000,100,-1000,Dry,Region2
3812,Rice,10.0,5,100,100,50,100,Clay,1,-500,2000,500,Dry,Region1
3813,Rice,10.0,2,10000,100,50,10,Sandy,yes,-500,100,500,Wet,Region2
3814,Wheat,-5.0,5,100,20,50,100,Clay,0,1000,100,500,Wet,Region1
3815,Wheat,10.0,2,5000,100,200,100,Clay,1,1000,2000,-1000,Wet,Region2
3816,Rice,1.5,-1,100,100,50,10,Clay,0,1000,100,-1000,Dry,Region1
3817,Wheat,-5.0,2,100,45,50,10,Clay,yes,-500,100,-1000,Wet,Region2
3818,Maize,1.5,5,5000,100,50,10,Sandy,1,1000,100,500,Wet,Region1
3819,Wheat,1.5,-1,5000,100,200,10,Clay,yes,-500,100,-1000,Wet,Region1
3820,Wheat,-5.0,2,100,20,50,100,Clay,yes,-500,2000,-1000,Wet,Region2
3821,Maize,1.5,2,5000,20,50,100,Sandy,yes,-500,100,500,Dry,Region1
3822,Wheat,10.0,5,10000,45,50,10,Sandy,yes,-500,2000,-1000,Wet,Region2
3823,Maize,1.5,5,10000,20,200,10,Clay,0,1000,100,500,Wet,Region2
3824,Wheat,1.5,5,100,20,200,100,Clay,1,1000,2000,-1000,Dry,Region1
3825,Maize,-5.0,-1,5000,45,50,10,Clay,0,-500,2000,500,Wet,Region2
3826,Maize,-5.0,5,10000,20,50,100,Sandy,1,-500,100,500,Dry,Region1
3827,Wheat,10.0,2,100,45,200,100,Sandy,1,-500,100,500,Wet,Region2
3828,Wheat,1.5,2,100,100,50,10,Sandy,yes,1000,100,-1000,Wet,Region1
3829,Maize,10.0,5,5000,45,50,10,Sandy,1,-500,2000,500,Dry,Region1
3830,Wheat,-5.0,5,10000,45,50,10,Clay,1,1000,2000,500,Dry,Region2
3831,Rice,10.0,2,5000,20,50,10,Clay,yes,1000,100,500,Dry,Region2
3832,Wheat,10.0,-1,5000,20,50,10,Clay,1,1000,2000,-1000,Wet,Region2
3833,Rice,-5.0,5,100,45,200,100,Clay,yes,-500,2000,-1000,Wet,Region1
3834,Wheat,10.0,5,10000,100,50,10,Sandy,0,1000,2000,-1000,Dry,Region2
3835,Maize,1.5,5,5000,100,200,100,Sandy,1,-500,100,-1000,Wet,Region2
3836,Maize,-5.0,-1,5000,45,50,100,Clay,0,1000,100,500,Dry,Region1
3837,Wheat,-5.0,5,100,100,200,100,Sandy,1,1000,100,-1000,Wet,Region1
3838,Wheat,-5.0,-1,10000,45,50,10,Clay,1,-500,2000,-1000,Wet,Region1
3839,Wheat,1.5,-1,5000,45,200,100,Clay,0,1000,100,-1000,Wet,Region2
3840,Maize,1.5,5,5000,100,200,10,Clay,1,-500,2000,500,Wet,Region1
3841,Wheat,-5.0,5,100,45,200,10,Clay,0,-500,2000,-1000,Wet,Region2
3842,Maize,-5.0,-1,5000,20,200,10,Sandy,1,1000,2000,-1000,Dry,Region2
3843,Maize,10.0,2,10000,100,50,100,Sandy,0,1000,2000,-1000,Dry,Region2
3844,Maize,-5.0,2,5000,20,50,10,Sandy,0,-500,2000,500,Wet,Region2
3845,Maize,1.5,5,10000,20,50,10,Sandy,1,1000,100,500,Wet,Region2
3846,Wheat,1.5,-1,10000,20,200,100,Sandy,yes,1000,100,-1000,Wet,Region2
3847,Rice,1.5,-1,10000,100,200,10,Sandy,yes,1000,2000,-1000,Wet,Region1
3848,Wheat,10.0,2,100,100,200,100,Sandy,0,1000,2000,-1000,Wet,Region1
3849,Maize,10.0,-1,100,20,200,100,Sandy,yes,-500,2000,500,Dry,Region2
3850,Maize,10.0,5,10000,45,200,10,Sandy,1,1000,2000,500,Dry,Region1
3851,Rice,1.5,-1,100,45,50,100,Sandy,0,1000,2000,500,Dry,Region1
3852,Maize,10.0,2,5000,100,50,100,Clay,1,-500,2000,-1000,Dry,Region2
3853,Rice,-5.0,-1,10000,45,50,100,Clay,yes,1000,100,-1000,Dry,Region2
3854,Wheat,10.0,-1,100,45,200,100,Sandy,yes,-500,100,500,Wet,Region1
3855,Maize,10.0,2,5000,20,200,100,Sandy,yes,1000,2000,-1000,Dry,Region1
3856,Rice,-5.0,-1,100,100,50,10,Sandy,0,-500,2000,-1000,Wet,Region1
3857,Rice,-5.0,2,100,20,200,10,Clay,yes,1000,100,500,Dry,Region1
3858,Rice,-5.0,2,10000,100,50,100,Sandy,yes,1000,2000,-1000,Wet,Region1
3859,Rice,1.5,5,100,45,200,100,Clay,0,-500,100,500,Wet,Region1
3860,Maize,-5.0,-1,10000,100,200,100,Sandy,yes,-500,100,500,Dry,Region2
3861,Rice,10.0,-1,100,45,50,100,Sandy,1,-500,2000,-1000,Dry,Region1
3862,Wheat,10.0,2,5000,45,200,100,Clay,1,-500,2000,-1000,Dry,Region2
3863,Wheat,1.5,5,10000,100,50,100,Sandy,yes,-500,2000,-1000,Wet,Region1
3864,Maize,-5.0,-1,100,100,50,10,Sandy,0,-500,100,-1000,Dry,Region2
3865,Wheat,1.5,5,10000,45,200,10,Clay,1,-500,100,-1000,Wet,Region1
3866,Rice,10.0,5,5000,20,50,10,Clay,1,1000,100,500,Dry,Region2
3867,Rice,1.5,-1,10000,20,50,10,Clay,1,1000,100,500,Wet,Region2
3868,Wheat,1.5,2,10000,100,200,10,Sandy,yes,-500,2000,500,Wet,Region1
3869,Maize,10.0,5,10000,100,50,10,Sandy,0,-500,100,-1000,Dry,Region1
3870,Maize,1.5,2,10000,100,50,10,Sandy,yes,-500,100,-1000,Dry,Region1
3871,Wheat,1.5,-1,100,20,200,100,Clay,1,-500,100,-1000,Dry,Region1
3872,Wheat,10.0,-1,5000,100,50,10,Clay,1,1000,2000,-1000,Wet,Region2
3873,Wheat,-5.0,5,10000,45,50,100,Clay,0,1000,100,-1000,Wet,Region1
3874,Wheat,10.0,2,100,45,200,100,Sandy,1,1000,100,-1000,Dry,Region2
3875,Maize,-5.0,5,100,20,200,10,Sandy,yes,-500,100,500,Dry,Region1
3876,Maize,-5.0,5,100,45,200,10,Clay,1,1000,100,500,Wet,Region1
3877,Maize,-5.0,-1,5000,45,50,10,Sandy,yes,1000,100,-1000,Dry,Region2
3878,Maize,10.0,2,100,100,50,100,Sandy,yes,-500,100,500,Dry,Region2
3879,Maize,1.5,2,100,45,200,100,Sandy,0,1000,2000,500,Wet,Region1
3880,Maize,-5.0,-1,100,45,200,100,Clay,0,-500,100,-1000,Wet,Region1
3881,Wheat,10.0,-1,5000,20,200,100,Clay,1,-500,2000,500,Wet,Region1
3882,Wheat,1.5,2,10000,45,50,100,Clay,1,1000,2000,-1000,Dry,Region2
3883,Wheat,-5.0,5,100,45,50,10,Clay,0,-500,100,500,Wet,Region2
3884,Rice,-5.0,-1,100,100,200,100,Sandy,0,-500,2000,-1000,Dry,Region2
3885,Rice,1.5,2,10000,100,50,100,Sandy,0,1000,100,-1000,Wet,Region1
3886,Wheat,10.0,-1,5000,100,200,100,Clay,0,1000,2000,500,Wet,Region2
3887,Rice,-5.0,2,10000,20,200,100,Clay,0,1000,2000,500,Wet,Region2
3888,Wheat,1.5,2,5000,45,200,10,Sandy,yes,1000,100,500,Wet,Region1
3889,Rice,-5.0,2,5000,100,200,100,Sandy,0,-500,100,500,Dry,Region2
3890,Wheat,10.0,2,10000,100,50,10,Clay,yes,-500,2000,-1000,Dry,Region2
3891,Maize,-5.0,-1,100,45,50,10,Clay,1,1000,100,-1000,Dry,Region1
3892,Rice,10.0,-1,10000,20,50,10,Sandy,0,-500,2000,500,Dry,Region1
3893,Maize,1.5,-1,100,20,200,100,Sandy,0,1000,100,-1000,Wet,Region2
3894,Wheat,10.0,2,5000,100,200,100,Sandy,0,-500,2000,-1000,Wet,Region2
3895,Rice,1.5,-1,100,45,50,10,Clay,yes,-500,2000,-1000,Wet,Region2
3896,Maize,-5.0,-1,5000,20,200,10,Sandy,1,1000,2000,-1000,Dry,Region1
3897,Maize,-5.0,5,5000,100,50,100,Sandy,yes,1000,2000,-1000,Wet,Region1
3898,Rice,-5.0,-1,5000,20,200,100,Clay,yes,1000,100,-1000,Wet,Region1
3899,Rice,10.0,5,5000,100,200,100,Sandy,0,1000,2000,500,Dry,Region2
3900,Rice,1.5,-1,5000,45,200,10,Sandy,1,1000,100,500,Wet,Region2
3901,Maize,1.5,5,100,45,200,100,Clay,1,1000,100,500,Dry,Region1
3902,Wheat,1.5,5,100,20,50,10,Clay,1,-500,100,-1000,Dry,Region1
3903,Rice,1.5,-1,10000,20,50,100,Sandy,yes,-500,2000,-1000,Wet,Region2
3904,Wheat,-5.0,2,5000,20,50,10,Clay,yes,1000,100,-1000,Dry,Region2
3905,Rice,1.5,-1,10000,100,200,10,Sandy,0,1000,2000,500,Dry,Region2
3906,Rice,1.5,-1,5000,100,50,100,Clay,0,1000,2000,500,Dry,Region2
3907,Rice,1.5,5,5000,45,50,10,Clay,1,1000,2000,-1000,Wet,Region1
3908,Wheat,1.5,5,10000,45,50,100,Clay,0,-500,100,500,Dry,Region1
3909,Maize,1.5,2,5000,100,50,10,Sandy,0,1000,2000,500,Wet,Region2
3910,Wheat,1.5,-1,5000,100,50,10,Clay,0,-500,2000,-1000,Dry,Region2
3911,Maize,1.5,-1,10000,100,50,10,Clay,0,1000,2000,500,Wet,Region2
3912,Rice,-5.0,5,100,45,200,100,Clay,0,-500,2000,-1000,Dry,Region1
3913,Maize,1.5,5,100,45,200,10,Sandy,yes,1000,100,-1000,Wet,Region1
3914,Rice,10.0,5,100,100,200,100,Clay,1,-500,2000,-1000,Dry,Region1
3915,Rice,-5.0,2,100,45,50,100,Sandy,1,-500,2000,500,Dry,Region2
3916,Rice,1.5,2,10000,100,200,100,Sandy,1,1000,100,-1000,Dry,Region1
3917,Maize,1.5,2,10000,20,50,100,Sandy,0,-500,100,-1000,Dry,Region2
3918,Wheat,1.5,5,10000,20,200,100,Sandy,1,1000,100,500,Wet,Region2
3919,Wheat,1.5,2,10000,100,200,100,Clay,0,1000,2000,-1000,Wet,Region2
3920,Rice,-5.0,2,100,100,200,100,Clay,yes,-500,100,500,Dry,Region2
3921,Maize,-5.0,5,5000,100,200,100,Sandy,1,-500,100,-1000,Wet,Region1
3922,Wheat,-5.0,2,10000,45,200,10,Clay,0,1000,100,-1000,Wet,Region1
3923,Rice,-5.0,2,10000,20,50,10,Clay,yes,1000,100,-1000,Wet,Region2
3924,Rice,-5.0,5,5000,45,50,10,Sandy,0,-500,100,-1000,Dry,Region1
3925,Maize,10.0,-1,5000,100,50,100,Clay,yes,1000,2000,-1000,Dry,Region1
3926,Wheat,1.5,-1,10000,20,50,100,Clay,0,1000,100,500,Wet,Region2
3927,Wheat,10.0,5,5000,45,200,100,Clay,yes,-500,2000,-1000,Dry,Region2
3928,Rice,1.5,5,100,20,50,100,Sandy,yes,1000,100,500,Wet,Region1
3929,Wheat,1.5,5,100,45,200,100,Sandy,0,1000,2000,-1000,Dry,Region2
3930,Wheat,10.0,2,10000,20,200,10,Sandy,1,-500,2000,-1000,Wet,Region2
3931,Rice,1.5,5,10000,20,200,100,Sandy,0,1000,100,-1000,Dry,Region1
3932,Maize,1.5,-1,10000,100,50,100,Clay,yes,1000,100,500,Dry,Region2
3933,Wheat,-5.0,5,10000,20,200,10,Sandy,0,-500,2000,-1000,Wet,Region1
3934,Rice,10.0,-1,5000,20,200,10,Sandy,1,-500,2000,-1000,Dry,Region1
3935,Maize,-5.0,2,5000,100,50,10,Clay,0,1000,2000,-1000,Wet,Region2
3936,Wheat,1.5,-1,100,20,50,10,Clay,0,-500,2000,500,Wet,Region1
3937,Wheat,1.5,-1,10000,45,200,100,Clay,yes,1000,100,500,Dry,Region1
3938,Maize,1.5,5,100,100,50,10,Clay,0,-500,2000,-1000,Dry,Region1
3939,Maize,-5.0,5,100,100,50,10,Clay,0,-500,2000,-1000,Dry,Region2
3940,Rice,10.0,2,5000,45,200,10,Clay,yes,1000,2000,-1000,Wet,Region1
3941,Maize,1.5,2,10000,100,200,100,Sandy,yes,1000,2000,500,Dry,Region2
3942,Wheat,10.0,2,5000,20,50,10,Clay,yes,1000,2000,-1000,Wet,Region2
3943,Wheat,1.5,2,10000,45,50,10,Sandy,yes,-500,2000,-1000,Dry,Region1
3944,Maize,1.5,-1,5000,45,50,10,Clay,1,-500,2000,-1000,Dry,Region1
3945,Rice,-5.0,-1,5000,100,200,10,Sandy,0,-500,2000,-1000,Dry,Region2
3946,Rice,1.5,5,100,45,200,100,Clay,1,1000,100,500,Dry,Region2
3947,Maize,1.5,-1,5000,20,50,100,Clay,yes,1000,100,500,Wet,Region2
3948,Rice,1.5,5,100,100,50,10,Clay,1,1000,2000,-1000,Wet,Region1
3949,Wheat,1.5,5,100,45,200,100,Clay,yes,-500,2000,500,Dry,Region2
3950,Maize,1.5,5,5000,20,50,10,Sandy,yes,-500,2000,-1000,Wet,Region1
3951,Rice,-5.0,5,10000,20,50,10,Sandy,1,1000,2000,500,Wet,Region1
3952,Wheat,10.0,2,5000,45,50,100,Sandy,0,-500,100,500,Wet,Region2
3953,Wheat,1.5,5,5000,45,50,100,Clay,1,-500,100,500,Dry,Region1
3954,Rice,-5.0,-1,5000,45,200,100,Sandy,1,-500,100,-1000,Dry,Region1
3955,Maize,-5.0,5,100,20,200,100,Sandy,yes,1000,100,-1000,Dry,Region1
3956,Maize,1.5,5,5000,100,50,10,Sandy,1,1000,100,-1000,Dry,Region2
3957,Rice,1.5,2,5000,100,50,10,Clay,yes,1000,100,500,Dry,Region1
3958,Wheat,10.0,2,10000,100,50,100,Clay,1,-500,100,500,Dry,Region2
3959,Maize,-5.0,-1,5000,100,50,100,Sandy,1,1000,2000,500,Dry,Region1
3960,Rice,1.5,5,5000,45,50,100,Sandy,1,-500,2000,-1000,Dry,Region1
3961,Rice,1.5,2,100,100,50,10,Clay,0,1000,2000,500,Dry,Region1
3962,Wheat,10.0,-1,5000,100,200,100,Clay,yes,-500,2000,500,Wet,Region1
3963,Rice,1.5,5,100,100,200,100,Clay,yes,1000,100,500,Dry,Region2
3964,Maize,10.0,2,10000,20,200,100,Sandy,yes,1000,2000,-1000,Wet,Region1
3965,Rice,1.5,5,10000,45,50,10,Sandy,0,1000,2000,500,Wet,Region1
3966,Rice,-5.0,-1,5000,100,200,10,Sandy,yes,-500,100,-1000,Dry,Region2
3967,Wheat,10.0,2,5000,45,200,100,Sandy,0,-500,100,-1000,Dry,Region1
3968,Maize,-5.0,-1,100,45,50,100,Clay,yes,1000,100,-1000,Wet,Region2
3969,Rice,-5.0,5,10000,45,200,10,Sandy,yes,-500,2000,-1000,Dry,Region1
3970,Wheat,-5.0,5,5000,100,200,100,Sandy,1,1000,100,-1000,Dry,Region1
3971,Wheat,10.0,2,10000,100,200,10,Sandy,1,1000,2000,-1000,Dry,Region1
3972,Rice,1.5,5,100,45,200,10,Clay,1,1000,2000,500,Dry,Region1
3973,Rice,-5.0,2,100,45,50,10,Clay,yes,-500,100,500,Wet,Region1
3974,Maize,1.5,-1,10000,45,50,100,Sandy,0,-500,100,500,Dry,Region2
3975,Rice,-5.0,5,100,100,200,100,Clay,yes,-500,2000,500,Wet,Region1
3976,Rice,1.5,2,5000,100,200,10,Clay,1,-500,100,-1000,Wet,Region1
3977,Wheat,10.0,5,10000,100,50,10,Clay,0,1000,2000,500,Wet,Region2
3978,Rice,10.0,2,100,100,200,100,Clay,1,1000,2000,500,Dry,Region2
3979,Rice,10.0,-1,5000,45,200,10,Clay,yes,1000,100,-1000,Wet,Region2
3980,Wheat,1.5,2,100,45,50,10,Clay,1,1000,2000,-1000,Dry,Region1
3981,Maize,1.5,2,10000,45,50,100,Sandy,1,1000,2000,-1000,Dry,Region2
3982,Rice,1.5,2,100,45,50,100,Clay,yes,-500,100,500,Dry,Region2
3983,Wheat,10.0,-1,10000,45,50,10,Clay,yes,1000,100,500,Dry,Region2
3984,Rice,10.0,-1,5000,20,50,10,Sandy,0,1000,2000,500,Wet,Region2
3985,Rice,10.0,-1,5000,45,50,100,Sandy,1,1000,100,-1000,Dry,Region2
3986,Maize,-5.0,-1,10000,20,50,100,Clay,0,-500,2000,-1000,Wet,Region2
3987,Maize,-5.0,-1,10000,20,200,10,Clay,0,1000,100,-1000,Dry,Region2
3988,Maize,1.5,2,100,100,50,10,Sandy,0,1000,2000,500,Wet,Region1
3989,Maize,10.0,5,100,45,50,10,Sandy,yes,1000,100,-1000,Wet,Region1
3990,Rice,1.5,2,10000,100,200,10,Clay,0,1000,2000,-1000,Dry,Region2
3991,Rice,-5.0,-1,100,20,50,100,Sandy,1,1000,2000,-1000,Dry,Region2
3992,Rice,10.0,5,10000,45,50,10,Clay,yes,1000,100,500,Dry,Region1
3993,Wheat,-5.0,-1,100,45,50,100,Clay,1,-500,2000,500,Wet,Region1
3994,Wheat,1.5,-1,10000,45,50,10,Sandy,1,-500,2000,500,Wet,Region2
3995,Wheat,-5.0,2,100,20,50,10,Clay,0,-500,2000,-1000,Dry,Region1
3996,Maize,1.5,5,100,45,200,10,Sandy,yes,1000,2000,500,Dry,Region1
3997,Rice,10.0,2,5000,100,50,100,Sandy,1,1000,100,500,Wet,Region1
3998,Maize,10.0,2,10000,45,200,10,Sandy,yes,1000,2000,-1000,Dry,Region2
3999,Maize,-5.0,5,100,100,50,100,Sandy,yes,-500,100,-1000,Wet,Region2
